customer_id,age,gender,region,education_level,employment_type,annual_income,loan_amount,loan_purpose,credit_score,repayment_history,transaction_count,spending_ratio,join_date,default_flag
C00001,56.0,Male,West,nan,Self-Employed,65636.01705187578,24673.6527148514,Business,745.63398112232,nan,44.0,0.18980537715717766,2018-01-28,0
C00002,69.0,Male,West,Bachelor,Business,35939.52590177366,26146.474157096985,Education,529.319674367188,Fair,43.0,0.16260852483745497,2016-02-22,0
C00003,46.0,Male,East,Bachelor,Salaried,85551.21100930189,19589.29470016325,Personal,534.4497705731436,Good,39.0,0.22581761201164258,2018-06-05,0
C00004,32.0,Female,South,High School,Business,106548.2442586819,41274.99277102569,Auto,712.2897953313822,Good,39.0,0.7735351637474976,2018-04-29,0
C00005,60.0,Male,South,Bachelor,Salaried,49032.75398390493,11584.991284606893,Personal,623.7370306487394,Good,40.0,0.1551256847685235,2020-10-18,0
C00006,25.0,Female,South,High School,Self-Employed,76360.13898303545,16828.887192489492,Home,505.576773158125,Fair,37.0,0.29145015667431134,2022-09-11,0
C00007,38.0,Male,East,Bachelor,Salaried,68918.93462949079,36586.36077616582,Personal,645.399938274467,Poor,36.0,0.3165596046962387,2022-09-07,0
C00008,56.0,Male,South,PhD,Salaried,79306.63432254131,16100.88806920013,Home,634.6908811389794,Good,43.0,0.6501638790086032,2015-11-06,0
C00009,36.0,Female,West,High School,Business,53526.06665514299,18897.827227443955,Personal,617.6686642631499,Poor,45.0,0.4413850972547796,2020-05-28,0
C00010,40.0,Female,West,Master,Salaried,80715.77504447059,24041.84641918113,Home,701.4279519861113,Good,43.0,0.26914423990852043,2020-01-16,0
C00011,150.0,Male,South,High School,Salaried,85961.7013022893,31674.611897113704,Personal,550.0103323406302,Good,54.0,0.48210768740752086,2017-04-12,0
C00012,200.0,Male,East,Bachelor,Salaried,82857.48460251924,21420.03105236493,Auto,650.9739061144696,Good,48.0,0.6826336522810916,2021-06-06,0
C00013,12.0,Male,North,High School,Self-Employed,24441.483979287732,11162.55991539668,Auto,634.1770629040672,Fair,48.0,0.7681440895042257,2018-01-07,0
C00014,140.0,Male,North,Bachelor,Salaried,29153.40868462152,15899.231613840895,Business,652.8368920933779,Good,45.0,0.2053007092324331,2022-11-28,0
C00015,160.0,Female,South,High School,Salaried,47769.185696616696,25400.06104902134,Personal,520.0860381397459,Fair,50.0,0.7075082586065689,2018-06-24,0
C00016,150.0,Male,North,Bachelor,Salaried,71687.18521834607,17048.899889265456,Education,610.8013333894994,Good,52.0,0.10384425951903664,2021-06-22,1
C00017,200.0,Male,West,Bachelor,Self-Employed,78979.99008602188,15326.99023118065,Business,651.4826893277921,Fair,41.0,0.715675117716917,2015-08-09,0
C00018,12.0,Male,North,Bachelor,Salaried,38647.82800426996,10680.002224699187,Personal,,Good,45.0,0.6618532855199184,2015-05-10,0
C00019,140.0,Female,South,Bachelor,Salaried,73105.93253165862,31934.823152629637,Education,788.4797379059374,Good,58.0,0.49836659173845566,2018-03-27,0
C00020,160.0,nan,East,PhD,Salaried,88643.22781625582,18784.224822476783,Auto,710.4461291554265,Good,43.0,0.21634228769077699,2017-01-28,0
C00021,150.0,Male,East,Bachelor,Salaried,81700.02184853557,18847.629113993684,Auto,684.5866400475062,Fair,35.0,0.7498666532914059,2015-03-09,0
C00022,200.0,Female,South,High School,Business,53504.21094838425,26798.896747060804,Auto,745.3606094210284,Fair,54.0,0.16099012543951646,2021-01-03,1
C00023,12.0,Male,West,High School,Business,55789.48017845059,6376.399661145168,Education,627.2133165092574,Good,51.0,0.8612333216898245,2021-11-20,0
C00024,140.0,Male,East,Master,Unemployed,32560.796761486847,20419.87125201085,Home,766.5446122726141,Good,39.0,0.7574413119173269,2020-08-14,0
C00025,160.0,Female,South,Bachelor,Salaried,108508.09906042824,35053.21726019485,Personal,733.9454592546587,Fair,53.0,0.7298189703638966,2016-08-07,0
C00026,180.0,Female,North,Bachelor,Student,76850.73820398266,19361.66511273705,Business,616.5591657018153,Good,45.0,0.741235104172716,2015-07-31,0
C00027,38.0,Female,South,High School,Salaried,24694.155022251594,22195.156161626852,Business,794.2966381799968,Poor,46.0,0.15743725332698644,2016-03-22,0
C00028,50.0,Female,West,Bachelor,Student,95666.15329297795,21971.708439844657,Auto,683.5201486180009,Poor,,0.9414567217653352,2021-08-13,1
C00029,29.0,Male,East,High School,Salaried,81463.71384326112,30613.443717528316,Home,814.4726732046304,Good,41.0,0.8298096769244501,2020-10-07,0
C00030,39.0,Female,West,PhD,Self-Employed,94857.36425550152,22012.249310209612,Personal,672.738669071248,Fair,49.0,0.5317434160488647,2015-11-12,1
C00031,61.0,Male,South,Master,Salaried,51034.86177904375,44685.84893662669,Personal,607.8552605367023,Fair,57.0,0.711490264239313,2015-05-03,0
C00032,42.0,Female,North,High School,Salaried,54524.3603789926,22312.76335761543,Business,592.4347517484945,Good,57.0,0.7283685874260556,2022-03-24,0
C00033,66.0,Male,North,Bachelor,Business,44683.82360277372,15642.47220772504,Business,623.3192408950296,Good,36.0,0.8053174917250102,2016-01-14,1
C00034,44.0,Female,South,High School,Business,117929.53849974432,35119.46830869487,Business,607.1528793477751,Good,38.0,0.31706797091137484,2019-11-12,0
C00035,59.0,Male,East,Bachelor,Student,52475.23507975141,17893.13862296284,Personal,745.354141771902,Poor,57.0,0.4162448160114899,2020-04-23,0
C00036,45.0,Male,West,Master,Self-Employed,41119.70475750767,14003.985511133225,Business,647.8269316587312,Fair,51.0,0.7797325068152691,2020-07-02,0
C00037,33.0,Female,South,Bachelor,Self-Employed,48826.17364704949,8115.727910411877,Personal,528.9482995578193,Good,58.0,0.753636302485033,2022-06-13,0
C00038,32.0,Male,South,Bachelor,Salaried,56871.01915060314,24787.591059248105,Auto,665.9753236903766,Good,42.0,0.5442230248241674,2019-08-03,1
C00039,64.0,Female,South,High School,Student,103898.84310167022,15425.396807677906,Home,659.4134782332715,Good,58.0,0.43677454303313734,2023-02-12,0
C00040,68.0,Male,South,Master,Self-Employed,71920.97870325603,12226.456253590353,Business,614.8544284123242,Fair,59.0,0.9231761852709259,2021-12-28,1
C00041,61.0,Male,North,Bachelor,Business,95838.7674342267,14341.86878382539,Personal,670.0694016488203,Good,32.0,0.452768182054909,2018-08-28,0
C00042,72.0,Male,North,Bachelor,Salaried,72132.60013720788,16366.79540694384,Auto,646.6917925153327,Fair,55.0,0.7493878616518482,2022-06-03,0
C00043,69.0,Male,North,High School,Self-Employed,60494.10737458772,28327.147219303268,Education,697.5324025532425,Good,47.0,0.45074601012396043,2016-02-08,0
C00044,74.0,Female,North,Bachelor,Unemployed,38937.18657171029,24835.358739356678,Auto,,Good,49.0,0.363360739140016,2017-09-09,1
C00045,20.0,Male,North,nan,Salaried,104850.71182668163,18554.597795516074,Home,677.3677142299304,Good,41.0,0.6448472403617131,2016-07-14,0
C00046,54.0,Female,North,Bachelor,Salaried,89774.04030981632,25608.391980881996,Auto,552.5858072172451,Good,51.0,0.7864734937625639,2022-06-27,1
C00047,68.0,Female,East,Bachelor,Salaried,92048.7044428312,18936.59381943159,Business,808.9262546106734,Fair,42.0,0.9341708815454829,2021-04-21,0
C00048,24.0,Male,South,Bachelor,Business,88129.1073221153,22065.66612504947,Business,533.3010722500767,Fair,57.0,0.22656847804694005,2015-10-28,1
C00049,38.0,Female,nan,Master,Salaried,47247.13738288255,13330.597657965085,Education,640.3468117388683,nan,49.0,0.8446973000402976,2019-03-07,0
C00050,26.0,Female,North,Bachelor,Salaried,71625.18173087643,13422.960140320687,Personal,567.9174986488398,Fair,53.0,0.5455206433333306,2018-05-12,0
C00051,56.0,Female,South,High School,Salaried,92171.57915186454,21513.475675130714,Auto,679.7253621245094,Good,44.0,0.19158110603292766,2018-04-01,0
C00052,35.0,Male,South,Bachelor,Self-Employed,88608.42136991775,21535.90256344756,Education,660.3804293605481,Poor,40.0,0.7752218262902961,2023-01-14,0
C00053,21.0,Male,North,Bachelor,Salaried,68914.78763466144,30111.808267879074,Business,637.3425436534843,Fair,48.0,0.38181275961748895,2018-10-31,0
C00054,42.0,Female,West,Master,Salaried,114374.67058852295,24993.246142274766,Personal,763.832958795339,Good,45.0,0.8380123360748164,2021-01-11,0
C00055,31.0,Female,North,Master,Student,78324.43414746186,15080.533215801985,Personal,733.1371937882838,Good,46.0,0.23413159166498648,2021-06-08,0
C00056,67.0,Female,West,Bachelor,Student,98049.80008006841,7199.270926531415,Home,625.4663492681352,Poor,41.0,0.7044279316559422,2015-09-02,0
C00057,26.0,Male,West,High School,Salaried,,28825.908260792254,Business,710.3100981437191,Fair,54.0,0.3556768212041961,2021-05-24,0
C00058,43.0,Female,East,nan,Business,55708.474157892204,23316.71100858596,Personal,767.351019337884,Fair,33.0,0.3187464249900149,2017-11-18,0
C00059,70.0,Male,East,Bachelor,Self-Employed,89229.5746840567,29692.227991928256,Home,732.6008779657222,Good,55.0,0.14272113876113707,2015-07-18,0
C00060,19.0,Female,East,Bachelor,Salaried,83337.96156178041,24587.62795974174,Home,639.7836060899372,Fair,48.0,0.5096223755497051,2020-06-22,0
C00061,37.0,Male,South,Bachelor,Salaried,,38049.62523081355,Business,530.7274323927862,Good,48.0,0.43277705726908666,2020-10-01,0
C00062,45.0,Female,East,Bachelor,Self-Employed,43846.67728627255,17836.20161821766,Personal,674.3485928689895,Good,40.0,0.15243680348595554,2018-01-21,0
C00063,64.0,Male,North,High School,Salaried,90274.02964652891,20414.082674733098,Personal,700.1457751545493,Fair,44.0,0.29264591280020924,2021-10-23,1
C00064,24.0,Male,North,Master,Salaried,45163.463259221055,27904.70731834924,Auto,592.278732478736,Fair,54.0,0.5141810699739194,2015-10-26,0
C00065,61.0,Female,South,Master,Business,84433.91073962794,28630.158032378695,Personal,651.6908950293531,Good,49.0,0.7870306935408027,2018-02-09,0
C00066,25.0,Male,East,Bachelor,Self-Employed,37575.35769778256,23270.959553925994,Home,643.7834143425481,Good,45.0,0.8900307009997108,2019-01-11,0
C00067,64.0,Male,West,Bachelor,Self-Employed,43823.829520784675,4089.056998811804,Education,754.0782976853932,Good,48.0,0.5380323470060584,2018-01-19,0
C00068,52.0,Male,North,High School,Salaried,72302.26044962149,2320.3439418798225,Business,789.0362131692567,Good,45.0,0.44281072727955684,2017-09-09,0
C00069,31.0,Female,West,High School,Self-Employed,79474.13982710653,16140.506401033883,Education,738.1410852725526,Good,44.0,0.9115412622285997,2018-08-02,0
C00070,34.0,Female,North,Bachelor,Salaried,70417.18953679982,20218.150505560032,Personal,643.5833237617917,Good,46.0,0.9184330353998309,2020-09-21,0
C00071,53.0,Male,South,Bachelor,Self-Employed,51820.99411758993,1320.1497827950843,Home,736.0787185210862,Good,40.0,0.26185048842904846,2018-05-24,0
C00072,67.0,Female,South,nan,Business,92830.25812610544,19701.907877335718,Education,698.6591154372702,Fair,36.0,0.5517370091450426,2022-11-03,1
C00073,57.0,Female,South,Master,Business,68470.61892853347,26511.87118902724,Business,644.3825317713695,Good,53.0,0.7977735687974831,2017-09-02,0
C00074,21.0,Male,North,Bachelor,Salaried,69834.38026419665,19408.002783454307,Auto,806.9292716752475,Good,49.0,0.7989201473761753,2018-01-15,1
C00075,19.0,Female,East,Bachelor,Self-Employed,61062.15030524787,22951.26552865291,Education,594.6486170088125,Poor,40.0,0.6822318239355621,2019-12-28,1
C00076,23.0,Female,West,High School,Unemployed,46932.1782903554,25878.175644577088,Auto,695.2931731707157,Fair,49.0,0.5007485792910452,2018-02-15,0
C00077,71.0,Female,South,nan,Self-Employed,93166.91698575323,3987.3187351443503,Personal,712.9670484165442,Good,55.0,0.44310801982792103,2020-08-28,0
C00078,59.0,Male,South,Bachelor,Salaried,48932.1169472434,26525.81820889264,Personal,628.43758703572,Good,40.0,0.7854503440728291,2015-02-21,0
C00079,21.0,Female,West,High School,Self-Employed,107435.30566096462,12664.662553531307,Business,691.9353640909507,Fair,32.0,0.29186469942924587,2022-08-30,0
C00080,71.0,Female,East,Bachelor,Salaried,44375.4464582091,17618.937575093347,Auto,720.9122937665859,Good,54.0,0.46416540541101337,2019-03-10,1
C00081,46.0,Male,South,Master,Unemployed,73073.30537095858,13389.081505041477,Auto,668.3475815395935,Fair,44.0,0.5818349932671303,2020-02-03,0
C00082,35.0,Male,South,Master,Self-Employed,66738.69591757114,30738.8641614807,Business,685.4371672507086,Good,40.0,0.8070163320967636,2021-12-27,0
C00083,43.0,Male,West,High School,Salaried,62184.49873177175,8275.804373280913,Education,657.9073342211766,nan,46.0,0.41777260723816023,2017-06-08,1
C00084,61.0,Male,East,Master,Salaried,82048.07508043482,33813.452682112074,Business,709.8140083645033,Fair,57.0,0.5663573990904014,2021-11-27,0
C00085,51.0,Female,North,High School,Salaried,84744.64364656415,43918.27719642015,Personal,632.8265998104646,Good,45.0,0.33728926153685995,2021-07-24,0
C00086,27.0,Male,South,High School,Unemployed,78399.11023106247,4488.799261244034,Auto,626.6151662455359,Good,49.0,0.8113757741199854,2020-12-05,0
C00087,53.0,Male,West,Master,Salaried,38402.87720800241,14139.466355040033,Home,,Good,46.0,0.7677100516837492,2022-05-23,1
C00088,31.0,Female,North,Master,Self-Employed,35717.385111376454,26124.477252166005,Home,738.7751655648732,Good,48.0,0.7970835174246094,2021-01-22,0
C00089,48.0,Male,nan,Bachelor,Unemployed,34213.29573928288,10065.501579672919,Personal,518.9477638496762,Good,55.0,0.14885484180055833,2020-12-28,0
C00090,65.0,Female,North,Bachelor,Salaried,58897.8590360362,17281.25168090546,Auto,581.7973012466887,Good,50.0,0.5138634140102604,2016-05-22,0
C00091,32.0,Male,West,Master,Salaried,117883.5804790546,21758.772619191346,Auto,820.6827536214081,Good,56.0,0.21546639646039456,2015-01-28,0
C00092,25.0,Male,South,Master,Self-Employed,63770.65539323618,12871.789851557656,Business,670.6391312580724,Fair,56.0,0.6726963755123168,2018-04-12,0
C00093,31.0,Male,South,Master,Self-Employed,117522.9034808728,20819.831387371894,Education,619.4722964777974,Good,44.0,0.36468228965661487,2017-03-24,0
C00094,40.0,Male,West,Bachelor,Salaried,64164.89547492804,29487.362744277314,Business,709.6138876616216,Fair,34.0,0.7583897980285574,2020-02-16,0
C00095,74.0,Male,South,nan,Salaried,68999.70794729675,19216.848897038322,Home,591.122974984848,Fair,55.0,0.15539186907843694,2021-01-11,0
C00096,57.0,Female,East,nan,Self-Employed,79894.29991526756,9613.455864719213,Auto,492.29083158537594,Poor,42.0,0.5362714713122189,2021-09-23,0
C00097,38.0,Female,North,High School,Unemployed,57724.51706892372,31648.86628539043,Education,676.6099960810542,Fair,43.0,0.20511538399827006,2017-01-27,1
C00098,33.0,Male,North,Master,Salaried,70682.22207113658,33890.34675548198,Business,595.1912124466378,Poor,45.0,0.5742142361720474,2017-12-21,0
C00099,62.0,Female,North,Bachelor,Salaried,22428.7359761017,23685.796987868984,Education,,nan,40.0,0.6162487541136793,2015-07-15,1
C00100,35.0,Female,East,Bachelor,Salaried,42772.23209832494,10182.0764972713,Home,674.7050592378852,Good,61.0,0.49282199484567835,2022-03-16,0
C00101,64.0,Female,North,Bachelor,Business,1500000.0,11222.72736313201,Education,660.6587127174333,Good,49.0,0.33769962400415376,2015-03-31,0
C00102,70.0,Male,North,High School,Salaried,2000000.0,1000.0,Auto,521.8253440916013,Good,54.0,0.12747867986821043,2016-10-01,1
C00103,41.0,Male,South,Bachelor,Unemployed,5000000.0,14078.72524758647,Education,651.9710631940557,Good,57.0,0.6627970071686596,2016-01-31,0
C00104,43.0,Male,East,Master,Salaried,1500000.0,30655.79444485567,Education,683.3451456023305,Good,49.0,0.8398756117858867,2019-01-24,1
C00105,42.0,Female,East,High School,Unemployed,2000000.0,13160.316825539461,Business,544.9955552581816,Fair,37.0,0.7236006045910134,2021-02-05,1
C00106,62.0,Female,North,Bachelor,Self-Employed,5000000.0,10440.673790948895,Education,536.0619830865099,Good,32.0,0.8590653096747618,2022-06-05,0
C00107,58.0,Male,North,PhD,Self-Employed,1500000.0,30228.844165689872,Education,569.8231560609203,Good,48.0,0.8900757677605167,2017-11-28,0
C00108,46.0,Male,West,Bachelor,Salaried,2000000.0,31512.796886275028,Home,706.0073554070177,Good,45.0,0.4821144954764921,2022-03-15,1
C00109,32.0,Female,South,Bachelor,Business,5000000.0,14638.688359936777,Education,500.1263190134322,Poor,46.0,0.693292661326977,2015-03-18,0
C00110,62.0,Female,West,Bachelor,Salaried,2500000.0,25094.489674107,Business,712.2330388358265,Good,46.0,0.4377719367998788,2017-03-02,0
C00111,18.0,nan,West,Bachelor,Salaried,3000000.0,11322.47935312571,Business,679.4041811217672,Poor,41.0,0.88161130351463,2022-10-31,0
C00112,42.0,Female,West,Bachelor,Salaried,77709.12610333753,16573.6785698981,Auto,630.6873537101064,Good,37.0,0.5785269296736283,2022-09-24,0
C00113,24.0,Male,North,Master,Unemployed,32108.32517697761,1798.89692187342,Home,538.9527753199691,Fair,58.0,0.7395825074373926,2020-05-03,1
C00114,26.0,Female,West,Bachelor,Business,40702.542238987204,23601.021460727723,Personal,590.2649341331586,Good,41.0,0.1123404953086571,2015-11-19,0
C00115,41.0,Female,West,Master,Self-Employed,27791.864662036554,18970.86470236748,Auto,,Good,47.0,0.5892168422734149,2016-10-27,0
C00116,18.0,Male,East,Bachelor,Self-Employed,61770.7559208879,13280.72675408447,Education,744.2543901382521,nan,41.0,0.7306924351034407,2019-04-02,0
C00117,61.0,Female,South,Bachelor,Salaried,58069.082536330505,19079.69966410657,Home,572.6477886769052,Good,39.0,0.31845524937734493,2016-07-03,0
C00118,25.0,Female,South,Bachelor,Business,61584.73366330996,17849.49042587356,Auto,735.6397632712834,Good,54.0,0.1122178738953875,2017-12-16,1
C00119,41.0,Male,North,Master,Business,38164.47644302706,11727.539412079359,Business,701.4406424531096,Good,36.0,0.7320878507484145,2020-02-29,0
C00120,28.0,Female,East,Bachelor,Self-Employed,35659.897508345515,23985.507704669515,Home,649.4872101676411,Fair,43.0,0.38737294712957493,2019-01-26,0
C00121,68.0,Female,East,High School,Self-Employed,67352.88533748077,17020.508171335376,Home,594.6608652769698,nan,41.0,0.46447116644431774,2017-12-31,0
C00122,34.0,Female,South,High School,Student,77110.27203005532,18657.197330890736,Education,606.3957484040008,Fair,48.0,0.577744551856956,2021-06-25,0
C00123,25.0,Male,South,High School,Unemployed,35378.99848812453,5393.386344400453,Home,786.7191962115725,Good,56.0,0.19371349099034268,2018-07-26,0
C00124,52.0,Male,South,High School,Self-Employed,76842.87566347315,18743.824205739078,Home,663.3831360659793,Good,37.0,0.18801976600934656,2017-11-01,0
C00125,52.0,Female,East,Bachelor,Salaried,88669.23865017336,18206.700331173302,Personal,749.7401256508182,Good,38.0,0.9167483819985964,2015-12-25,0
C00126,50.0,Male,West,High School,Self-Employed,15000.0,11743.859196985946,Education,668.1168487466106,Fair,33.0,0.3880620304531496,2022-09-11,0
C00127,22.0,Female,North,Master,Self-Employed,104392.04743063232,25315.43744504293,Home,616.0476555806425,Good,44.0,0.31719611918760027,2020-07-24,0
C00128,59.0,Female,South,High School,Salaried,82555.10784806531,1000.0,Home,693.8067635326352,Fair,41.0,0.14057740182120593,2016-03-07,0
C00129,56.0,Male,North,Bachelor,Salaried,88903.22603233144,15178.016228608194,Personal,811.837630405992,Good,51.0,0.2478394098186415,2015-10-28,0
C00130,58.0,Female,East,Bachelor,Salaried,39477.95745021226,23099.544273467764,Personal,601.6912504635427,Good,45.0,0.46626082286523896,2020-10-23,0
C00131,45.0,Female,East,High School,Self-Employed,84678.72624741342,40985.09119579856,Business,718.5401677585514,Good,39.0,0.3907623249187766,2023-01-01,1
C00132,24.0,Male,West,Master,Salaried,87551.90611079411,6343.270650014547,Education,664.2881736715719,Good,44.0,0.46089448517708065,2015-08-31,1
C00133,26.0,Female,South,High School,Salaried,48711.33557559461,20886.274627684008,Personal,541.2861487720766,Fair,49.0,0.6983232545494698,2018-08-15,0
C00134,25.0,Female,nan,Bachelor,Business,84496.86321076984,25479.02793000147,Home,539.6094617870062,Good,,0.6455210684427661,2015-10-08,0
C00135,29.0,Female,North,Master,Self-Employed,61546.00942840067,20633.47927645112,Personal,616.101218979609,Good,50.0,0.5191801075165997,2016-06-10,0
C00136,51.0,Female,East,Bachelor,Salaried,49562.30512742154,7676.564076692288,Auto,676.061643810569,Good,48.0,0.7925982709441833,2016-06-05,0
C00137,50.0,Male,North,High School,Salaried,60088.812723857234,15163.274001463848,Business,715.8779727266385,Good,48.0,0.8287258683241842,2018-11-28,0
C00138,65.0,Female,West,Bachelor,Unemployed,69206.82453297981,1000.0,Business,532.1815209514074,Good,35.0,0.6021907729939538,2021-05-08,0
C00139,72.0,Female,East,Master,Business,57434.92441427696,20038.659348320998,Education,698.9523140117852,Fair,39.0,0.19993536990502045,2021-08-25,0
C00140,40.0,Female,East,nan,Salaried,45205.346600855526,5841.0726293356,Business,641.1214808352346,Good,44.0,0.4452523296909786,2015-08-01,1
C00141,41.0,Female,West,Master,Unemployed,74823.85157933603,24556.60940960781,Education,650.2485336149412,Good,48.0,0.639293958164978,2020-01-23,0
C00142,54.0,Male,North,Bachelor,Salaried,78994.46236966562,13465.77621251765,Auto,694.1458884524634,Fair,48.0,0.15342335936390453,2017-12-05,0
C00143,52.0,Female,North,nan,Student,68650.52792611097,12524.851764999083,Home,780.9578990087992,Fair,55.0,0.11692055237886138,2022-05-07,0
C00144,61.0,Male,West,High School,Salaried,24561.136726741795,21665.50257603408,Auto,672.7731350304573,Good,46.0,0.9060842486204823,2021-12-26,0
C00145,57.0,Male,South,High School,Salaried,50385.21385862447,22602.56563623652,Education,548.2447262968219,Poor,52.0,0.720554962244098,2020-12-16,0
C00146,39.0,Male,North,Master,Salaried,43897.74847512189,28712.843018855587,Education,635.9680615303082,nan,42.0,0.2301416555179178,2019-12-22,0
C00147,44.0,Female,South,High School,Salaried,108277.45900265055,17386.380832068855,Education,713.9100517359861,Good,48.0,0.47835749981640696,2015-02-15,1
C00148,52.0,Female,East,High School,Self-Employed,67947.35181908356,18942.18535121854,Home,716.378254768741,Fair,40.0,0.26452367828891377,2017-08-12,0
C00149,18.0,Female,North,High School,Business,57994.29544753108,6136.759192215921,Education,699.936828056773,Good,54.0,0.10874259121976039,2021-11-14,1
C00150,52.0,Female,South,Bachelor,Business,,34483.99423251863,Auto,611.7476633495698,Good,46.0,0.4329391604164443,2016-03-20,1
C00151,54.0,Female,North,Master,Salaried,61878.602322312356,10655.595429797253,Home,547.4131026787029,Good,40.0,0.6511270259131151,2017-09-05,0
C00152,64.0,Female,South,Bachelor,Salaried,83788.33552883318,27248.346986695466,Auto,694.2130816867947,Fair,60.0,0.9110094987034403,2022-09-24,0
C00153,31.0,Female,West,High School,Salaried,19252.403470915116,27321.872924638225,Home,558.9322355301551,Fair,38.0,0.7543595111210047,2016-07-06,1
C00154,20.0,Male,nan,Bachelor,Salaried,70754.13305017998,23999.026547279766,Education,701.9758262318887,Good,40.0,0.29561746769067554,2018-03-12,0
C00155,18.0,Male,East,PhD,Self-Employed,52385.111031273875,17626.096260735136,Home,701.9967019020976,Good,49.0,0.38578010434061405,2022-02-16,0
C00156,22.0,Female,North,Master,Salaried,75766.75298376754,16372.642318110715,Personal,614.9230297451727,Good,32.0,0.5424934352791071,2016-10-02,0
C00157,43.0,Female,West,Bachelor,Business,84977.5366005472,19359.23682659984,Auto,,Good,47.0,0.26258197782361425,2015-04-21,0
C00158,72.0,Male,East,nan,Self-Employed,47611.99624491487,1000.0,Personal,664.9008400339665,Poor,43.0,0.8080039502444611,2015-08-13,0
C00159,31.0,Male,North,Master,Salaried,30769.949997887714,19739.009636986742,Personal,603.8888995009169,Good,49.0,0.2427701759181567,2018-02-14,0
C00160,56.0,Female,West,High School,Self-Employed,57389.976497037474,34857.5093966304,Education,546.373997441746,Good,49.0,0.34647708820709655,2021-10-01,0
C00161,44.0,Male,West,High School,Salaried,97176.70445952931,17741.485111277638,Education,647.0585542214822,Good,49.0,0.5909605660394139,2016-01-23,0
C00162,26.0,Female,East,High School,Salaried,85891.43127955678,19672.598332304504,Personal,654.8774457859884,Poor,41.0,0.2047404267468107,2022-12-06,0
C00163,32.0,Female,East,Master,Business,55559.42946006739,9758.824602293758,Home,752.0785522739789,Fair,54.0,0.6309227002092292,2021-10-06,0
C00164,32.0,Male,North,High School,Self-Employed,49129.0218927769,21856.87308842274,Education,591.3505946279106,Good,39.0,0.9025914218571386,2017-08-07,1
C00165,43.0,Male,North,Bachelor,Salaried,51016.26300489207,12220.308363803368,Auto,730.1372130335833,Good,38.0,0.6878054898284293,2018-08-14,1
C00166,59.0,Female,East,High School,Business,32559.36157047936,28498.565017378234,Personal,563.9697890805173,Good,38.0,0.7908669029279497,2019-04-30,1
C00167,30.0,Female,North,PhD,Salaried,84619.35076317271,31413.282628968904,Auto,549.1548350225922,nan,55.0,0.4727202327737795,2019-06-25,0
C00168,68.0,Female,South,Bachelor,Business,89185.40877986727,33595.966254836545,Auto,627.4353166468044,Good,42.0,0.4105196623164242,2016-02-14,0
C00169,49.0,Female,West,PhD,Self-Employed,55321.56058373545,5564.571625024457,Auto,579.4318242042708,Good,40.0,0.3793122870735246,2022-10-13,0
C00170,56.0,Male,West,PhD,Self-Employed,52482.96500477821,27227.10498985391,Personal,548.1038144466168,Good,47.0,0.6613953989210037,2017-07-09,1
C00171,66.0,Female,South,High School,Unemployed,47543.155094215705,26469.899448872995,Business,795.8247736861081,Good,,0.5407553274004246,2017-03-07,0
C00172,69.0,Female,West,Bachelor,Business,53740.86463973911,15849.293917122566,Education,616.1264272733043,Good,38.0,0.5014715056468951,2021-08-10,0
C00173,49.0,Female,West,High School,Salaried,46620.66095316553,31926.775277414934,Auto,823.3477690067186,Good,54.0,0.18563417846304747,2021-11-18,0
C00174,21.0,Male,East,PhD,Salaried,61119.902178331045,24144.454503321856,Personal,575.3949650826067,Good,46.0,0.6723671809499402,2018-10-26,0
C00175,47.0,Female,North,Bachelor,Unemployed,84659.90882622836,33731.15841866487,Business,521.8590075025252,Good,48.0,0.7165754808551619,2020-02-25,0
C00176,54.0,Female,South,High School,Salaried,82083.9705874259,7323.798102974575,Personal,746.8467289196243,Good,40.0,0.26676854701903263,2016-03-19,0
C00177,40.0,Male,South,High School,Self-Employed,44032.73138641217,12859.4467669272,Education,595.5007525804813,Good,43.0,0.745749566917228,2015-12-12,0
C00178,56.0,Male,North,Bachelor,Business,68795.24284538781,20937.235463267378,Personal,660.4149348649114,Fair,36.0,0.847484934322122,2019-09-12,0
C00179,62.0,Female,South,PhD,Self-Employed,81153.77723390312,31725.905330973146,Home,548.3274886240338,Good,32.0,0.2484302028305547,2016-08-19,1
C00180,32.0,Male,North,Bachelor,Business,41505.29229162739,24547.994556738035,Home,647.1415143552467,Good,37.0,0.48423542898809446,2018-11-29,0
C00181,60.0,Male,South,Master,Business,68535.42431427506,10516.620184924988,Auto,547.128044760718,Fair,57.0,0.8447574052140744,2019-06-30,0
C00182,46.0,Male,West,Bachelor,Self-Employed,95341.14635491194,37763.423118757484,Personal,644.4569451716777,Poor,35.0,0.514203335494808,2018-03-05,0
C00183,53.0,Female,North,High School,Business,58877.74837376403,17052.928218863486,Personal,614.455059538364,Good,63.0,0.7929656498102039,2016-01-08,1
C00184,30.0,Female,East,nan,Self-Employed,15000.0,10836.654937409656,Auto,667.2700797789578,Good,46.0,0.28338996476481654,2015-11-18,0
C00185,49.0,Female,East,High School,Salaried,15000.0,12249.026062046174,Auto,696.9268528331609,Fair,41.0,0.15434155509877104,2021-03-23,0
C00186,24.0,Male,North,PhD,Self-Employed,72770.31840124888,6677.594545551779,Business,668.0809999399415,Good,35.0,0.1505468213286034,2019-10-06,0
C00187,68.0,Female,West,Bachelor,Business,67662.9144080977,1000.0,Personal,683.8284906621611,Poor,42.0,0.9265029202018643,2020-08-27,0
C00188,39.0,Female,East,High School,Unemployed,69693.37038176334,18834.065778942724,Education,641.8225493450357,Poor,50.0,0.24001014096419906,2022-12-06,0
C00189,45.0,Female,South,Bachelor,Salaried,77232.18684624523,4453.965123044796,Education,617.3510973825772,Good,45.0,0.8351575129926384,2017-02-09,0
C00190,19.0,Female,West,nan,Salaried,28013.666672756437,23136.67697598083,Education,685.2589012092176,Good,48.0,0.36836930699962656,2022-12-10,0
C00191,59.0,Male,South,nan,Unemployed,44829.701157959105,29842.82650243209,Auto,641.6414138091361,Good,40.0,0.1340752683444005,2016-08-17,0
C00192,62.0,Female,East,High School,Self-Employed,75576.58602811626,23766.200468463627,Auto,644.5017663414392,nan,48.0,0.3048306905618996,2018-08-31,0
C00193,74.0,Male,North,High School,Salaried,83396.59359404838,20439.876916339475,Auto,,Fair,46.0,0.5296686278967386,2015-05-02,0
C00194,70.0,Female,West,Bachelor,Self-Employed,58577.869272405864,4591.4421105082965,Education,572.5088301483112,Good,40.0,0.19075605325471784,2015-01-11,0
C00195,23.0,Male,South,Bachelor,Student,29193.062856699617,28460.493484671824,Business,757.2208320570825,Good,57.0,0.883838849716907,2020-06-24,0
C00196,45.0,Male,East,Master,Business,73499.09476892282,39465.63920509661,Home,631.2982564582803,Fair,52.0,0.8649022854869879,2021-02-06,1
C00197,45.0,Male,North,High School,Business,66278.35416557209,34082.690747746725,Personal,659.3136211977553,nan,56.0,0.226775353102709,2021-09-26,0
C00198,61.0,Female,East,nan,Salaried,38543.78433680198,6694.647073488331,Home,646.6610414052067,Fair,41.0,0.726542116426374,2020-02-02,0
C00199,61.0,Male,West,Bachelor,Unemployed,15409.14768284066,19220.32608033202,Personal,698.955736542659,Good,46.0,0.49160206856316613,2016-01-23,0
C00200,37.0,Female,South,Master,Self-Employed,79281.29246616545,17172.699852060978,Auto,675.438625322813,Good,53.0,0.9348080435687829,2015-08-08,0
C00201,47.0,Male,East,Bachelor,Unemployed,49563.689724859876,500000.0,Education,646.2557039847878,Good,39.0,0.14709364739202901,2018-03-06,1
C00202,28.0,Male,South,Bachelor,Salaried,69667.44911485566,800000.0,Home,758.6565587102654,Poor,47.0,0.5003794051248791,2021-06-18,0
C00203,72.0,Female,West,nan,Salaried,68738.98994092931,500000.0,Auto,409.74907930964855,Good,42.0,0.3426521034999394,2017-08-18,1
C00204,45.0,Male,South,Bachelor,Self-Employed,36326.7871916142,800000.0,Personal,743.200578535021,Fair,47.0,0.7174216236823979,2021-10-02,0
C00205,42.0,Male,West,Master,Salaried,75446.60065498602,500000.0,Home,719.016155389322,Good,48.0,0.19446411848028716,2016-03-06,0
C00206,56.0,Female,West,nan,Business,43505.30895071261,800000.0,Home,512.3137525398165,Good,39.0,0.6338923835832031,2020-09-12,0
C00207,50.0,Male,South,Bachelor,Student,27615.445438781855,500000.0,Home,719.6962413287939,Fair,38.0,0.9058504464483181,2015-11-15,0
C00208,18.0,Male,North,Bachelor,Self-Employed,24413.038131095243,800000.0,Home,729.3850584169654,Fair,55.0,0.4857983622137467,2019-10-02,0
C00209,74.0,Male,South,High School,Unemployed,64919.078231658765,500000.0,Home,692.1322617410792,Good,72.0,0.48609605832533964,2015-10-02,0
C00210,44.0,Female,West,High School,Self-Employed,104852.55800023282,800000.0,Auto,533.0684417238937,Good,49.0,0.521346964247228,2018-12-04,1
C00211,74.0,Female,North,High School,Business,66025.54390608659,900000.0,Personal,701.1989538173169,Fair,,0.45335198552429334,2018-04-12,0
C00212,69.0,Female,East,High School,Business,109578.9612895907,22676.804458393133,Personal,725.5397642001446,Fair,45.0,0.48035454589813076,2018-08-28,0
C00213,30.0,Female,West,High School,Business,101220.54544468134,7541.754368760916,Business,607.0845128914345,Fair,52.0,0.49375287706413906,2021-05-02,0
C00214,58.0,Male,South,Bachelor,Self-Employed,77907.14743518435,4149.405650659606,Education,683.0850391989543,Good,47.0,0.9483560343147881,2022-05-03,1
C00215,20.0,Male,East,Bachelor,Self-Employed,104362.28251162988,30016.454196603576,Home,623.5094078360411,Good,53.0,0.1989706154530927,2016-11-13,0
C00216,56.0,Female,North,Bachelor,Business,101534.29968769033,9584.733325200566,Personal,716.4032742887632,Poor,54.0,0.3425232007934744,2016-07-05,0
C00217,23.0,Male,North,High School,Salaried,94467.39961798157,8688.765132395021,Education,626.4869986079193,Poor,44.0,0.2791692312726899,2015-07-02,0
C00218,25.0,Male,West,High School,Business,17891.74952617888,14850.15475634961,Education,606.4911902865491,Good,50.0,0.5625598003782111,2016-03-17,0
C00219,44.0,Male,North,Bachelor,Student,59081.40380870189,29962.580717807345,Auto,647.0527592997711,nan,48.0,0.10238759507655945,2019-12-28,0
C00220,26.0,Male,South,Bachelor,Self-Employed,47657.582072782476,16322.76059428735,Home,549.3760909637482,Good,36.0,0.8829338421280687,2016-05-04,0
C00221,54.0,nan,West,Bachelor,Business,94278.26116036807,11583.88422112035,Business,639.6063512575729,Good,52.0,0.5514527655080309,2021-05-29,0
C00222,50.0,Male,South,Bachelor,Business,57318.73778831547,32126.070532914888,Education,677.1569553018679,Fair,46.0,0.8616656231736344,2020-10-27,0
C00223,68.0,Female,nan,Master,Self-Employed,108807.74924277248,30419.498938411954,Auto,715.2469452024764,Good,54.0,0.39322043244948635,2018-04-23,0
C00224,59.0,Male,nan,Bachelor,Self-Employed,67539.0583047851,36670.66148357472,Home,668.6717553978649,nan,53.0,0.22744043383005835,2016-09-02,0
C00225,61.0,Female,South,Bachelor,Unemployed,64301.196743785425,33513.305471076535,Personal,542.5548772185202,Good,44.0,0.2634486695415823,2017-06-17,0
C00226,41.0,Male,North,nan,Salaried,55533.80832749913,30589.16035895283,Business,751.4203353672322,Good,49.0,0.5001225281726747,2019-08-20,0
C00227,32.0,Male,East,Master,Salaried,60384.629962356375,12487.582792322948,Home,757.7118879780679,Good,46.0,0.13422856839951897,2016-07-10,0
C00228,71.0,Female,South,Bachelor,Business,71718.61798580021,26590.2862649258,Auto,658.4425441453087,Good,52.0,0.7645334913806842,2022-03-31,0
C00229,49.0,Female,North,Bachelor,Self-Employed,63348.03917274227,32146.35274063653,Auto,593.6043784138509,Good,38.0,0.7720410972794084,2021-07-04,0
C00230,49.0,Male,East,High School,Business,53378.25076066205,38557.98242574654,Auto,610.1286547653841,Good,49.0,0.6966617742192649,2020-08-06,1
C00231,41.0,Male,North,Bachelor,Salaried,54859.35088484487,21711.24625063127,Auto,634.7358201711436,Good,41.0,0.8618888432550724,2019-03-18,0
C00232,58.0,Male,West,nan,Salaried,110525.4943313797,15080.404045251573,Auto,670.9001342148244,Fair,36.0,0.5670556709217954,2016-02-03,0
C00233,69.0,Male,North,Bachelor,Unemployed,114937.79258730511,11158.683379291557,Business,627.1636038867695,Good,44.0,0.5074215571152976,2016-10-19,1
C00234,66.0,Male,North,PhD,Salaried,53230.062757303225,29794.303523498216,Education,585.6209349574118,Fair,58.0,0.5497993982600828,2019-11-18,0
C00235,66.0,Male,North,Bachelor,Business,86224.25740338207,13332.692544731395,Education,726.7257413162328,Good,51.0,0.25466062035689435,2020-08-12,0
C00236,69.0,Male,nan,nan,Business,,21072.43348396045,Personal,669.2964416055576,Good,39.0,0.5354475722138392,2019-10-27,0
C00237,29.0,Male,East,Bachelor,Business,56829.266362084585,11197.343605229677,Education,571.0720983173038,Good,49.0,0.5604934667110988,2018-08-30,0
C00238,56.0,Female,West,High School,Salaried,37812.14965955801,18410.78341377314,Auto,671.8482842214343,Good,46.0,0.7499013755089786,2018-09-12,0
C00239,19.0,Female,South,Bachelor,Self-Employed,90495.84530961889,24389.857699636166,Education,662.1403121584311,Fair,32.0,0.39573153786201365,2018-10-05,1
C00240,20.0,Female,South,High School,Unemployed,77113.07557364074,22692.505733072994,Education,596.1460316041706,nan,51.0,0.17839302318647432,2021-03-16,0
C00241,66.0,Male,North,High School,Salaried,81886.18241086474,27379.4890775178,Auto,,Good,45.0,0.6078431295118177,2022-06-11,0
C00242,54.0,Male,South,Master,Salaried,87206.43497593654,6259.0750290841315,Business,660.1166904820486,Good,37.0,0.7697645442637312,2019-07-20,0
C00243,66.0,Female,East,High School,Salaried,43259.74158140035,18834.565940403194,Auto,633.7533768438374,Good,49.0,0.9241257573578734,2020-03-11,0
C00244,73.0,Male,East,Master,Salaried,56889.55244610012,15297.995525917426,Education,643.7388688943433,nan,35.0,0.17671638126038575,2021-06-04,0
C00245,34.0,Male,South,High School,Unemployed,76130.80907246254,10176.48021150578,Education,683.293759689112,Fair,46.0,0.7343984733720357,2022-06-07,0
C00246,66.0,Female,West,High School,Unemployed,56360.822015983824,12504.862282399012,Personal,644.5862439102422,Good,50.0,0.6064640537764132,2021-01-11,0
C00247,19.0,Female,North,nan,Student,66735.62835224222,11059.181500841885,Auto,643.9592245220844,Good,56.0,0.11303660456617784,2019-07-12,0
C00248,19.0,Female,nan,Bachelor,Self-Employed,45006.94361472591,23499.308399843594,Personal,729.9473801244035,Good,44.0,0.7105053640856562,2017-10-23,1
C00249,45.0,Male,North,Bachelor,Business,98243.26978551046,24001.388997132097,Personal,543.619675438455,Fair,47.0,0.12227106579088548,2017-05-20,1
C00250,71.0,Male,South,Bachelor,Salaried,88463.26837969662,28756.24219787162,Home,556.1335145303779,Fair,29.0,0.7674677357649113,2020-07-28,0
C00251,40.0,Female,South,Bachelor,Self-Employed,95926.94866247074,23280.6287073598,Personal,708.2722519993953,nan,60.0,0.7131238634200139,2016-10-14,0
C00252,54.0,Male,South,PhD,Self-Employed,81478.01185422117,21588.039313035504,Education,831.1887340312726,Good,46.0,0.6847320763395753,2022-12-22,0
C00253,49.0,Female,East,Bachelor,Unemployed,37653.10286799408,20788.911377631423,Education,715.7371587614039,Fair,51.0,0.20199674379017243,2017-12-19,1
C00254,50.0,Female,South,Bachelor,Business,53011.82400041685,26756.578710866233,Home,789.8156597054543,Good,52.0,0.8811780136403798,2016-08-18,0
C00255,18.0,Female,South,Master,Unemployed,47456.687904561375,1000.0,Home,617.4221289713204,Fair,49.0,0.8640761246180445,2018-05-06,0
C00256,36.0,Male,East,High School,Unemployed,,19408.689496404215,Auto,602.2189116246636,Good,34.0,0.865221841558746,2021-08-07,0
C00257,19.0,Male,East,Bachelor,Unemployed,91444.09239176457,23172.02237155846,Home,684.2399879934538,Fair,52.0,0.40630803083123457,2017-04-28,0
C00258,70.0,Female,West,nan,Salaried,28180.97917755886,37896.3069663972,Business,721.5236719870272,Good,41.0,0.5183470214316573,2023-01-17,1
C00259,61.0,Female,North,Bachelor,Business,50409.0143393707,8884.245843882927,Education,551.6336824038234,Good,53.0,0.1976610359220995,2020-01-13,0
C00260,43.0,Female,East,Master,Self-Employed,55137.849760439276,8531.403280396155,Education,634.0086220377625,Fair,48.0,0.1434310540050014,2022-01-09,1
C00261,49.0,Male,East,Bachelor,Salaried,32149.583410494743,1000.0,Home,647.973712426696,Poor,44.0,0.1499608490290668,2023-01-12,0
C00262,23.0,Male,South,Master,Salaried,70118.95637058375,6092.193965667331,Home,599.0847338235969,Fair,39.0,0.5834541682881051,2021-10-31,0
C00263,49.0,Female,South,PhD,Self-Employed,56450.51701706355,18486.95430776306,Education,607.8333630090692,Fair,,0.373192680872672,2016-05-03,0
C00264,72.0,Female,South,High School,Salaried,92795.42063912633,12759.66899014213,Home,713.2301975794395,Fair,40.0,0.592622274642635,2020-02-13,0
C00265,21.0,Female,North,High School,Self-Employed,58121.91499153708,12546.1841583914,Auto,685.2263360818117,Good,53.0,0.6037646995700748,2017-10-02,0
C00266,72.0,Male,North,Bachelor,Self-Employed,76473.55395756364,20229.289721025656,Home,709.883856639459,Good,58.0,0.8710030153851289,2021-11-07,0
C00267,28.0,Female,North,Master,Unemployed,67874.63420943191,25823.060485028644,Home,675.2656017779581,Poor,34.0,0.8499407608435692,2023-03-14,1
C00268,73.0,Female,East,High School,Business,15000.0,20125.05015343629,Auto,584.5057492360596,Poor,53.0,0.7107959569942887,2021-06-28,0
C00269,34.0,Female,East,High School,Self-Employed,29121.360178249473,20266.984090358572,Auto,681.7327288879378,Good,39.0,0.7957278537450225,2017-05-18,1
C00270,55.0,Male,nan,Bachelor,Salaried,74588.51172394221,24036.092126290776,Auto,578.5930323216869,Good,46.0,0.102685693740899,2018-11-30,0
C00271,41.0,Male,East,nan,Salaried,73449.04541533446,1672.9091491688923,Education,626.6184995724244,Poor,42.0,0.11320486604162446,2022-10-10,0
C00272,22.0,Female,North,Bachelor,Salaried,63283.253637476475,21289.945872346943,Home,572.2813508886331,Fair,48.0,0.4897992153731041,2018-05-13,0
C00273,69.0,Male,West,Bachelor,Salaried,98253.33269844609,19250.673803767902,Auto,604.183415594685,Good,50.0,0.6556396547802679,2020-06-19,0
C00274,51.0,Male,West,High School,Student,77749.36851770991,19928.998777842648,Auto,656.7859135515887,Good,42.0,0.7749715759168961,2015-11-17,0
C00275,23.0,Female,South,Bachelor,Self-Employed,104257.38783304102,14159.402695655095,Education,615.6882046628509,nan,31.0,0.4801769331565958,2018-02-25,0
C00276,39.0,Male,East,High School,Salaried,15000.0,17945.272323670848,Business,583.7628192481641,Good,52.0,0.8991422212055705,2017-07-25,0
C00277,28.0,Female,nan,High School,Salaried,108353.70060461093,24026.46418476632,Home,735.334810368656,Good,45.0,0.7927374722063673,2020-11-17,1
C00278,65.0,Male,East,PhD,Self-Employed,49821.175842440556,36090.477855025296,Business,641.0306211966605,Good,50.0,0.18734228480909426,2022-10-18,0
C00279,33.0,Female,West,nan,Self-Employed,65621.5908188311,3086.291771797205,Business,610.4053965175307,Good,32.0,0.47415158096028454,2019-05-24,1
C00280,50.0,Female,North,High School,Salaried,94669.29759963349,25717.838902489224,Auto,568.8200666973518,Good,36.0,0.9456464913080477,2020-07-25,0
C00281,26.0,Male,North,High School,Student,,32178.635150022223,Education,509.6003836142638,Good,56.0,0.4484505677002869,2015-11-23,1
C00282,23.0,Male,South,Bachelor,Salaried,58666.65646283139,7294.404930616571,Home,633.3464739701659,Good,45.0,0.4283293250581748,2015-08-30,0
C00283,33.0,Male,East,Bachelor,Salaried,90220.38387609739,18205.874500070724,Home,546.6335972360022,Fair,48.0,0.3499683037891277,2020-09-23,1
C00284,46.0,Male,West,High School,Salaried,49573.75529599376,22757.755205987887,Home,703.4027344520715,Good,45.0,0.5135156520878552,2017-11-21,0
C00285,20.0,Female,nan,Bachelor,Self-Employed,87843.51852092084,40089.465111901314,Business,652.2118395948896,Good,37.0,0.7203785473376046,2022-01-31,0
C00286,37.0,Female,South,High School,Salaried,81909.54299259487,41733.276715755565,Personal,766.8770584353601,Good,33.0,0.14035112768477248,2018-10-08,1
C00287,53.0,Male,North,Master,Salaried,69229.17187071327,7292.967203544211,Education,666.7305704927849,Good,49.0,0.8103599768266204,2017-01-19,0
C00288,36.0,Male,West,Master,Salaried,79972.49024301916,16977.67628183317,Personal,595.5006652055263,Good,46.0,0.8799426682370155,2022-09-30,0
C00289,43.0,Male,East,Bachelor,Self-Employed,97365.83259350323,21994.909986240913,Business,508.9994298223663,Fair,36.0,0.7639286732242031,2022-05-24,1
C00290,20.0,Female,North,Bachelor,Salaried,80062.52424522169,25564.545027571425,Auto,710.4907897806318,Good,54.0,0.878289646848834,2018-12-28,0
C00291,36.0,Male,South,PhD,Salaried,88228.22156328893,22007.97913978559,Personal,552.5788804598458,Good,55.0,0.18066880613115102,2020-04-04,0
C00292,37.0,Female,East,nan,Salaried,42967.6566577498,10518.860315498063,Personal,619.3891607982679,Fair,48.0,0.4825914738141609,2020-11-30,0
C00293,49.0,Female,West,High School,Salaried,79549.84511042935,10076.898383640128,Education,775.5566184916186,Good,43.0,0.16038608801918788,2022-04-26,0
C00294,24.0,Female,South,High School,Self-Employed,77234.12463188595,4587.48575962655,Business,695.8237511786544,Good,48.0,0.8113105653988628,2021-11-27,0
C00295,69.0,Male,South,Bachelor,Salaried,93097.33225428122,1000.0,Education,679.2399090901206,Poor,48.0,0.9096647469202681,2018-08-02,0
C00296,58.0,Female,nan,High School,Salaried,36050.10908264439,4359.480066194257,Auto,720.8241832340082,Poor,41.0,0.35308852904253074,2019-04-19,0
C00297,50.0,Male,East,Bachelor,Self-Employed,91840.25738114145,31615.219575192044,Home,718.0287364179146,Poor,39.0,0.555085448890697,2021-10-01,0
C00298,57.0,Male,South,Bachelor,Salaried,43020.90136408733,27102.78539176077,Business,768.5709823965628,Good,42.0,0.35302416579827633,2015-07-06,0
C00299,56.0,Female,South,Bachelor,Salaried,123516.08227957701,25532.78160125437,Auto,604.8365487148349,nan,38.0,0.422041638171773,2020-04-10,0
C00300,35.0,Female,East,Bachelor,Salaried,42788.20083325188,17772.849196436226,Auto,621.7486884926926,Fair,44.0,0.5050739805473989,2016-03-24,0
C00301,57.0,Male,North,Bachelor,Unemployed,35830.65517740873,19584.934059299067,Personal,580.8211528203734,Good,45.0,0.772182118381276,2022-06-22,0
C00302,18.0,Male,North,nan,Business,57737.37098653073,17313.025769671738,Education,647.547677271202,Fair,43.0,0.22494786166814523,2017-09-04,0
C00303,28.0,Male,East,High School,Business,91209.12214088558,4130.647358548609,Personal,640.0825453122354,Good,48.0,0.23349615766251894,2017-01-23,0
C00304,45.0,Male,South,Bachelor,Unemployed,73876.19178637734,26476.867185108033,Personal,518.378582199832,Good,44.0,0.27158275610476434,2018-07-22,0
C00305,74.0,Male,East,High School,Student,106987.5460637298,28526.789563321065,Home,600.957443217909,Good,41.0,0.14517933818590467,2017-06-27,0
C00306,42.0,Male,North,High School,Business,57487.58585937148,8496.695665283185,Education,757.9337400649225,Good,45.0,0.6469451837601985,2015-01-23,0
C00307,67.0,Male,East,Bachelor,Self-Employed,52750.826188186584,8487.524124024221,Home,668.3156446165314,Good,57.0,0.261384643826456,2018-01-14,0
C00308,40.0,Female,South,High School,Salaried,46638.61272987926,23517.67201691852,Auto,703.6548963565035,Good,46.0,0.4719072913097371,2023-02-27,0
C00309,48.0,Female,North,High School,Salaried,51842.319108127296,23429.487641088894,Home,640.9591499111989,Good,56.0,0.6827517828692876,2022-07-22,0
C00310,47.0,Female,North,High School,Self-Employed,30069.643851885237,27326.759053714846,Auto,508.46798568516186,Fair,53.0,0.4816046555642456,2018-01-15,0
C00311,59.0,Male,West,Bachelor,Student,48779.465911205116,34135.73034424925,Personal,640.3523058627845,Good,47.0,0.8701145306514461,2015-11-24,1
C00312,52.0,Female,West,Master,Self-Employed,34737.93525145229,9420.893863805451,Home,728.1272418140734,Fair,43.0,0.7537929282641485,2020-05-30,1
C00313,24.0,Female,North,High School,Business,82974.2509830526,19180.05379361677,Education,561.0737156567068,Good,46.0,0.3320688574802452,2022-12-14,0
C00314,33.0,Female,West,Bachelor,Self-Employed,102004.8629809801,9994.805996516428,Home,706.0279195057727,Fair,50.0,0.21084837774842632,2019-07-05,0
C00315,43.0,Female,East,High School,Salaried,70540.99137223301,10715.087393174661,Auto,522.3626248030492,Good,47.0,0.8602721282922431,2018-03-08,0
C00316,65.0,Female,nan,Bachelor,Salaried,48152.51128976902,15702.035620013965,Business,651.5143428674248,Fair,61.0,0.4373715166077312,2021-04-01,0
C00317,74.0,Female,South,Bachelor,Self-Employed,83606.89566531825,34403.55945157369,Education,690.8388837609972,Fair,46.0,0.42513505293868836,2017-02-12,0
C00318,69.0,Male,East,Bachelor,Salaried,64018.50790311877,31048.18232959953,Auto,626.5915606797956,Poor,41.0,0.7885034643908214,2017-05-23,0
C00319,66.0,Female,North,nan,Business,90371.19320367702,19251.765535878367,Business,835.4353655340012,Good,50.0,0.1079515708236181,2017-10-06,1
C00320,19.0,Female,South,PhD,Unemployed,41364.30339639148,1000.0,Education,613.0107172183548,Good,43.0,0.4834454425605712,2020-01-11,0
C00321,18.0,Female,nan,High School,Unemployed,43099.92774490743,23927.78192732032,Business,606.6187821741348,Good,39.0,0.7071720561724848,2019-10-11,0
C00322,65.0,Female,East,Master,Salaried,83153.97803938907,23696.721546587418,Personal,665.3369031391253,Good,46.0,0.8213834941310177,2021-03-25,0
C00323,29.0,Male,South,High School,Unemployed,64493.32792155923,10664.06394053102,Personal,,Good,48.0,0.852427525839753,2019-09-17,0
C00324,22.0,Male,North,nan,Salaried,,28306.96394508142,Home,541.8996804638516,Poor,39.0,0.4958281435166346,2015-03-23,0
C00325,54.0,Female,East,High School,Salaried,43536.89766438838,10471.760338828688,Home,567.6747668808338,Good,28.0,0.8205514234399585,2016-11-03,0
C00326,49.0,Female,East,Bachelor,Business,75841.31660398107,28277.38988781802,Home,706.8490069660921,Good,52.0,0.13039749657951125,2021-02-14,0
C00327,72.0,Female,South,High School,Salaried,78662.18197694334,22410.654012350828,Home,627.1295330843484,Fair,29.0,0.3596117221077261,2015-01-18,0
C00328,26.0,Male,nan,High School,Salaried,26571.96943264328,5401.8507926593775,Business,777.6515712876445,Good,43.0,0.10892355714560428,2017-10-27,0
C00329,58.0,Male,North,Master,Salaried,64914.47122162543,16385.23468461289,Education,616.9072816195599,Good,38.0,0.24069656736043415,2018-08-01,0
C00330,52.0,Female,South,PhD,Business,15000.0,21446.5139154045,Education,703.2882766049223,Fair,58.0,0.7160215808003224,2018-05-05,0
C00331,36.0,Female,West,Bachelor,Salaried,101746.33471418942,23001.579764470476,Home,688.3131484596403,Good,51.0,0.1037605356158892,2016-02-04,0
C00332,65.0,Female,South,Master,Self-Employed,32059.9640378143,30331.7714136898,Personal,615.7886894614984,Fair,41.0,0.5445971707871144,2017-01-04,0
C00333,33.0,Male,South,Master,Self-Employed,60277.69059326465,31577.739301811867,Auto,584.0893303125567,Good,41.0,0.45188822837431386,2015-03-15,0
C00334,20.0,Female,East,High School,Business,64877.46307673812,17613.752027817492,Home,520.1147225805539,Good,48.0,0.20444017205071421,2016-02-17,0
C00335,37.0,Male,West,High School,Unemployed,40946.62360542831,25593.21874823678,Home,691.4840584760069,Poor,43.0,0.6827891413015165,2016-02-17,0
C00336,41.0,Female,North,High School,Salaried,111230.11706172809,36079.35933597025,Personal,739.8694799412609,nan,51.0,0.6891552851203804,2017-11-05,0
C00337,71.0,Male,West,Bachelor,Salaried,47707.62941809239,9813.357033910912,Auto,530.7551996184325,Good,49.0,0.7173962602770584,2015-09-17,0
C00338,73.0,Male,West,High School,Salaried,58255.17049481806,13920.397937990463,Business,622.2166298752494,Fair,49.0,0.7505114177062978,2017-12-24,0
C00339,50.0,Female,North,High School,Salaried,,3448.650346213304,Business,599.9811252355438,Good,51.0,0.3677431293922081,2017-12-31,0
C00340,41.0,Female,East,High School,Business,47550.209486543295,13685.677696125616,Auto,691.3526862740156,Good,54.0,0.9450098956200882,2017-09-14,0
C00341,69.0,Male,South,High School,Salaried,62275.46921585267,22057.814377724244,Auto,625.35104840355,Fair,51.0,0.16201067864567145,2016-10-02,1
C00342,28.0,Female,South,PhD,Salaried,82576.38003975146,1000.0,Business,749.2235427813363,Good,34.0,0.6505410624900252,2016-05-20,1
C00343,66.0,Male,West,High School,Business,69003.27881901507,24370.449951288116,Home,621.1705106774863,Fair,31.0,0.925158832733389,2019-10-22,0
C00344,25.0,Male,nan,Bachelor,Self-Employed,46036.78253213518,15276.556335469213,Home,557.2712405348071,Fair,49.0,0.2906638923117112,2018-02-28,0
C00345,53.0,Male,North,Bachelor,Business,64842.70512374839,19373.262374910428,Personal,614.8396006091891,Fair,51.0,0.33640618915482434,2022-09-02,0
C00346,55.0,Male,South,Bachelor,Business,30824.86804012795,8311.280194588317,Auto,623.1039049880935,Good,25.0,0.5895808225713149,2015-03-07,0
C00347,57.0,Female,South,High School,Business,94581.53298559802,18977.39212930577,Home,689.4574959120996,Fair,55.0,0.7640689573588315,2019-06-13,0
C00348,37.0,Male,South,Bachelor,Self-Employed,52350.897725530056,36791.996649370834,Home,621.9860708475886,nan,48.0,0.3796049354689367,2022-11-12,0
C00349,52.0,Female,South,High School,Salaried,53688.45471412488,16001.958347803367,Personal,683.0072385050283,Good,44.0,0.8112588891011786,2018-10-12,0
C00350,65.0,Female,North,Bachelor,Student,16346.2784771367,1000.0,Auto,590.7136795933236,Good,41.0,0.3048872183921203,2019-01-22,0
C00351,42.0,Male,East,High School,Self-Employed,52332.57257901561,32137.72278630826,Personal,627.8992490154008,nan,45.0,0.8432116825405488,2017-05-27,0
C00352,52.0,Female,South,Bachelor,Salaried,107058.05532380006,25424.478467212954,Personal,591.1224292465608,Good,49.0,0.3150101555149878,2018-02-03,0
C00353,42.0,Male,North,Bachelor,Salaried,80288.02734260315,20940.427909943588,Business,586.5018807742896,Good,37.0,0.6248198823205894,2017-11-28,1
C00354,46.0,Female,West,Bachelor,Self-Employed,92724.9279780918,25680.521563119797,Personal,745.612516796301,Good,36.0,0.4041225311688129,2016-05-02,0
C00355,35.0,Male,West,Bachelor,Unemployed,67915.26989080681,20825.16172750261,Auto,596.3652821405549,Good,41.0,0.37355219549935204,2022-05-07,0
C00356,63.0,Male,South,Bachelor,Salaried,15000.0,36432.66239909656,Home,623.9296413389176,Good,31.0,0.40089623399593566,2018-02-18,1
C00357,35.0,Male,South,Master,Salaried,66740.0518409552,27519.995285823454,Home,728.3453344962072,Good,41.0,0.524321202287729,2016-08-18,1
C00358,19.0,Male,East,High School,Unemployed,70030.32427149531,15435.752674884992,Business,706.2501047203648,Good,43.0,0.8182912986217137,2021-03-06,1
C00359,71.0,Male,South,Master,Unemployed,87390.97852907657,34919.54941655716,Auto,773.0905412496151,Fair,39.0,0.7454205006261909,2022-09-23,0
C00360,52.0,Female,North,Master,Salaried,64081.49236085214,38199.84864479097,Home,686.2101398378134,Good,51.0,0.4819397533218259,2017-08-08,0
C00361,33.0,Female,East,Bachelor,Salaried,45705.224774939124,29103.639516779447,Personal,604.9700457735456,Good,39.0,0.33983624594957673,2015-04-22,1
C00362,58.0,Female,North,High School,Self-Employed,62519.98752076342,24069.295889288456,Education,804.2858486716925,Fair,40.0,0.8261558338265095,2018-11-25,0
C00363,53.0,Female,North,Bachelor,Salaried,56443.49337733947,11459.031168272406,Education,693.6560558416451,Poor,35.0,0.8396572600840286,2022-03-12,0
C00364,50.0,Male,North,High School,Unemployed,78091.11425089696,26856.590107015683,Education,638.397849589875,Good,44.0,0.48562485553350554,2020-01-02,0
C00365,21.0,Male,North,High School,Salaried,62575.73705828395,23880.261980090745,Education,654.309916227539,Good,40.0,0.691468979547873,2017-06-10,0
C00366,50.0,Male,North,High School,Salaried,40246.52770639422,19731.972129201265,Personal,663.4461184588037,Good,51.0,0.41387402932045725,2017-01-03,0
C00367,31.0,Male,nan,High School,Salaried,79172.49546346987,26992.681361293904,Home,632.2391093908006,Good,40.0,0.22673302844486368,2015-01-01,1
C00368,38.0,Female,South,Bachelor,Salaried,46528.56246727015,20870.575542139246,Business,546.8108298562124,Poor,49.0,0.37326046741973473,2017-01-28,0
C00369,65.0,Female,North,Master,Salaried,57100.08387791721,25487.830415874636,Personal,772.0040789184936,Good,43.0,0.6797716707892171,2018-08-07,0
C00370,37.0,Male,North,High School,Salaried,53402.048991953496,30358.287839718017,Home,648.3624442868922,Good,,0.7539982140078345,2016-02-05,0
C00371,73.0,Male,West,PhD,Business,70930.5741008531,6689.055011549161,Auto,663.7622384526983,Good,52.0,0.8239070841091661,2022-06-08,1
C00372,25.0,Female,East,nan,Salaried,30717.927743543194,9753.246039471858,Home,805.860804454586,Good,46.0,0.1150557950654198,2017-01-19,0
C00373,24.0,Female,South,nan,Unemployed,65802.7061457819,10877.78165403875,Home,598.7536052586811,Good,36.0,0.5134452098407789,2017-08-08,0
C00374,20.0,Male,West,Master,Salaried,92010.97662088621,39400.094092409345,Home,699.1613993535578,Fair,41.0,0.3328337937710255,2022-10-21,0
C00375,34.0,Female,South,Bachelor,Self-Employed,67394.28539138609,26334.747327755846,Personal,590.5775987322512,nan,42.0,0.681365586872816,2017-06-14,1
C00376,50.0,Female,South,High School,Salaried,48314.25948316445,27266.1921405323,Home,674.0765871909078,Good,50.0,0.3085316351317625,2022-01-22,1
C00377,65.0,Male,North,Bachelor,Salaried,55858.713278779636,31294.380500187355,Home,665.1129309688519,Good,49.0,0.5813381756662864,2021-12-21,0
C00378,29.0,Male,South,Bachelor,Self-Employed,72393.69466175295,9533.455806747581,Auto,709.2950822855238,Good,36.0,0.7051682545918561,2022-03-24,0
C00379,68.0,Female,South,Master,Self-Employed,79007.43753829606,1000.0,Auto,740.612653826775,Fair,38.0,0.7545551816954909,2022-09-20,0
C00380,39.0,Female,East,nan,Business,102598.41865415653,19371.378371472903,Education,606.5359181600246,Good,39.0,0.3290480467148726,2022-04-26,0
C00381,72.0,Female,South,Bachelor,Business,24356.435441883114,28975.719601897457,Personal,756.2506130542938,Fair,40.0,0.17465732447854154,2015-04-25,1
C00382,39.0,Male,East,Bachelor,Self-Employed,71585.944216268,18024.070393670532,Home,761.5610703920984,Good,36.0,0.2859063623606822,2022-03-06,0
C00383,63.0,Male,North,High School,Salaried,69634.81601291383,6300.616954730331,Education,631.2510961479868,Good,43.0,0.6092617016772938,2019-07-23,1
C00384,47.0,Female,North,High School,Unemployed,63331.02054556677,10947.721690581775,Education,649.5063063947653,Good,45.0,0.13438180778566855,2022-12-08,0
C00385,55.0,Female,South,Bachelor,Self-Employed,73885.98930901152,8207.419997045517,Personal,612.9237410037921,Good,49.0,0.23503264455565262,2018-05-26,0
C00386,55.0,Male,West,Bachelor,Student,59261.601579744216,13876.355632721145,Education,627.0919089617272,Fair,33.0,0.9461535185003678,2016-12-16,0
C00387,62.0,Female,South,Master,Business,40029.657225384304,8406.195493840565,Education,559.7393258562449,Good,43.0,0.4249817211232706,2015-02-06,1
C00388,68.0,Female,East,Bachelor,Salaried,70338.14814821183,21467.79012728988,Personal,708.3151829246893,Fair,53.0,0.5220473332066248,2020-07-04,0
C00389,71.0,Female,South,PhD,Salaried,81231.36249428151,14524.185933869521,Business,496.2279580606421,Good,35.0,0.1093560882056681,2020-09-14,0
C00390,25.0,Female,North,Bachelor,Self-Employed,63817.15270001714,26334.322269187604,Education,597.7178861927986,Good,44.0,0.6031216229412861,2021-06-30,0
C00391,44.0,Female,North,Master,Business,91483.56358401873,10235.2205453337,Auto,646.5378461697825,Good,36.0,0.37650388176737404,2016-10-04,0
C00392,44.0,Male,South,High School,Self-Employed,59065.07183085892,22553.468877451272,Education,747.4847997820955,Good,38.0,0.5506642450531963,2021-09-12,1
C00393,51.0,Female,North,Master,Business,76514.1469650386,19624.008471380464,Personal,609.106657302357,Fair,43.0,0.5472005919059989,2015-11-29,0
C00394,38.0,Male,North,Bachelor,Salaried,25456.419679136416,23960.28944241277,Personal,682.0888753326933,Good,42.0,0.9223388318499531,2022-07-19,0
C00395,47.0,Female,West,High School,Salaried,121060.77893652345,25367.13586298813,Business,643.9261914162327,Good,44.0,0.3280184487455057,2021-05-15,0
C00396,50.0,Male,North,High School,Salaried,59310.517016203914,26436.44625995224,Business,720.8839175354251,Good,46.0,0.5848679824267229,2015-02-16,0
C00397,45.0,Female,East,PhD,Self-Employed,52795.3405482605,28307.571709013057,Auto,678.1689311718028,Good,52.0,0.42431970695955534,2020-01-07,1
C00398,64.0,Male,South,High School,Self-Employed,58356.21897780389,25422.910241858706,Auto,712.2657041029792,Fair,55.0,0.45869983847787044,2022-08-09,0
C00399,50.0,Male,East,Bachelor,Salaried,41280.39786057618,22978.660058140573,Education,608.7023813634057,Poor,35.0,0.14722520319040344,2020-01-13,0
C00400,22.0,Male,East,Bachelor,Self-Employed,35787.08618036784,13332.763160912422,Business,573.9481329381248,Good,38.0,0.6851850607994411,2021-01-15,0
C00401,65.0,Male,South,Bachelor,Salaried,66026.10820259569,28507.37048559099,Auto,677.5346239290022,Poor,39.0,0.2659925967429839,2015-02-04,0
C00402,36.0,Female,South,Master,Salaried,67852.89375333374,13031.157972001653,Education,613.4203985720554,Poor,46.0,0.4982155737632552,2020-04-10,0
C00403,21.0,Female,East,Bachelor,Business,70596.89196172255,17080.866780612407,Home,652.2742903887479,Good,51.0,0.4691291893660836,2021-12-10,1
C00404,52.0,Female,West,Bachelor,Salaried,64151.44392772728,11383.467870957295,Education,673.7956205198068,Good,53.0,0.49791994897687397,2022-11-12,0
C00405,66.0,Male,North,nan,Self-Employed,62922.799921262405,11175.186349528196,Auto,743.1430647991043,Good,44.0,0.4192140965678951,2019-10-26,0
C00406,34.0,Male,North,Master,Business,34923.09973108847,16829.985309383475,Education,708.9927982542499,Good,55.0,0.30602760250052613,2016-05-24,0
C00407,61.0,Male,West,Master,Unemployed,52815.77638299899,17669.71006471858,Home,598.9242745419522,Good,50.0,0.4814069449954247,2022-04-30,0
C00408,45.0,Male,South,Bachelor,Salaried,69031.86484507755,11864.44347852388,Auto,564.1233321681832,Good,52.0,0.13928659622072678,2023-02-13,0
C00409,47.0,Female,East,High School,Self-Employed,51531.471053632944,20219.632655499256,Education,778.0535828565836,Good,44.0,0.30597416963658275,2022-06-01,1
C00410,46.0,Male,South,Bachelor,Business,72304.2162961806,21567.60698435126,Auto,531.3005246019242,Fair,42.0,0.7671211158221276,2018-06-14,0
C00411,63.0,Male,North,Master,Business,61619.76217174616,14551.211158262675,Education,,Good,56.0,0.8163973299511003,2018-10-14,1
C00412,70.0,Male,East,High School,Business,61426.99419356555,42896.391388150994,Personal,698.3933615241588,Fair,55.0,0.7080129374357078,2019-05-04,0
C00413,23.0,Male,East,High School,Salaried,70181.71882825537,23326.98276703041,Auto,772.9070935212524,Poor,54.0,0.6376794263811874,2020-04-30,0
C00414,52.0,Female,North,High School,Salaried,77128.57739120595,21182.64899331517,Auto,635.7753856156854,Fair,52.0,0.7895758954186902,2022-09-26,0
C00415,58.0,Female,South,Bachelor,Self-Employed,82700.52989669342,13240.440556902005,Auto,,Good,65.0,0.20865628590861543,2022-03-30,0
C00416,54.0,Male,West,Master,Business,114576.06395876309,21378.41862881329,Auto,584.3729433801931,Good,,0.5464660173317145,2023-03-14,0
C00417,41.0,Male,East,High School,Salaried,86594.54757917146,22408.026370657553,Education,659.4962084101403,Good,42.0,0.1988683023439896,2016-02-06,0
C00418,46.0,Male,North,Bachelor,Salaried,,19965.25691996621,Business,563.7384515524341,nan,53.0,0.7611861638426385,2020-06-10,0
C00419,66.0,Male,East,PhD,Business,37903.44654859029,34186.51006439481,Education,593.728628508601,Fair,43.0,0.5424729275941349,2019-11-08,1
C00420,63.0,Male,East,High School,Salaried,58133.830211676264,2985.285612887954,Home,707.2917915603861,Good,25.0,0.7885211524103446,2022-12-24,1
C00421,70.0,Female,West,Bachelor,Salaried,45927.07440072733,16196.20694943202,Personal,617.4817387353555,Good,44.0,0.7792039113127829,2021-05-30,0
C00422,48.0,Female,East,nan,Salaried,74762.42151204111,27138.35393059119,Education,718.7936691539802,Fair,49.0,0.4962805203162566,2022-02-08,0
C00423,52.0,Female,North,nan,Salaried,77414.80877975753,11033.373521968802,Education,638.4869655013167,Fair,39.0,0.5223431505654255,2022-07-18,0
C00424,50.0,Male,East,High School,Self-Employed,52912.18528658537,4533.2733225011525,Auto,547.3369930346889,Poor,43.0,0.12402737091710188,2015-08-25,0
C00425,69.0,Male,East,High School,Salaried,94741.87995462558,14811.101301812872,Home,737.6273956783475,Fair,41.0,0.5449862968206044,2019-05-29,0
C00426,38.0,Female,North,High School,Salaried,101355.00030689558,30439.36170422716,Auto,551.3505436211084,Good,46.0,0.6758450596598699,2017-05-13,1
C00427,49.0,Female,South,Master,Salaried,19704.301438610062,11270.400724990577,Auto,604.8659368354539,Fair,47.0,0.29860734292308244,2017-04-21,0
C00428,40.0,Female,South,Master,Salaried,29278.051136778908,16435.733017722043,Business,635.0225688546393,Poor,45.0,0.9385480949256821,2022-08-26,0
C00429,50.0,Male,East,Bachelor,Self-Employed,92431.00378898741,24214.82066719034,Personal,,Fair,46.0,0.9286045427991995,2015-11-26,0
C00430,20.0,Female,North,Bachelor,Salaried,86745.72463500084,14206.97093775103,Business,610.5136382982317,Good,40.0,0.3404060055830572,2016-04-03,0
C00431,35.0,Male,East,High School,Self-Employed,77566.29544008303,15600.488444286344,Auto,580.4962128147437,Fair,31.0,0.7060272679940645,2019-07-08,0
C00432,42.0,Female,West,Bachelor,Salaried,65273.4935643981,13479.497615380777,Personal,662.2004803670297,Poor,43.0,0.12550141793763225,2019-11-02,1
C00433,59.0,Female,West,Bachelor,Salaried,62422.07968361985,14322.206217465837,Education,633.9525707580036,Good,50.0,0.6658898041504326,2019-07-31,0
C00434,48.0,Female,West,Master,Salaried,,8370.644768095637,Home,614.9457050720629,Good,49.0,0.6304140144273387,2015-07-04,1
C00435,71.0,Male,nan,Bachelor,Salaried,69411.91606198729,17427.16361326173,Business,666.2364017365884,Fair,40.0,0.7988357105998609,2017-09-28,0
C00436,20.0,Female,North,Bachelor,Self-Employed,97693.06767440468,30642.3381438391,Home,559.730283845515,Fair,40.0,0.3587103187460746,2015-03-23,0
C00437,57.0,Male,East,High School,Self-Employed,47968.90128764693,35828.09271336393,Auto,520.861959427574,Good,52.0,0.8463086298928735,2018-10-22,0
C00438,63.0,Male,South,High School,Business,65449.88654637151,32498.15287859801,Personal,810.4047580451193,Fair,41.0,0.8292787730558875,2015-11-09,0
C00439,41.0,Male,West,High School,Salaried,87258.38287455174,21376.9562787398,Education,657.8139570021183,Good,52.0,0.6691625162265824,2023-03-10,0
C00440,67.0,Female,South,High School,Salaried,69110.45467812692,36588.50047017363,Personal,663.0635661471703,Poor,48.0,0.5014846386119751,2016-06-06,0
C00441,49.0,Male,nan,Bachelor,Salaried,81828.98338235782,43028.59433167354,Home,591.3507964492192,nan,46.0,0.6256410552560039,2020-05-01,1
C00442,64.0,Male,East,High School,Business,81465.54521871875,21812.77798943557,Home,717.3274132620509,Good,39.0,0.7204649536158924,2019-03-22,0
C00443,39.0,Female,West,High School,Salaried,54378.97543091443,10094.356506876116,Education,609.9886054890615,nan,40.0,0.9289636812846832,2017-06-28,0
C00444,40.0,Male,North,Master,Salaried,39483.30675245504,33119.36576701602,Education,441.0389234164599,Good,32.0,0.20346896255140523,2022-06-27,0
C00445,19.0,Female,North,Bachelor,Salaried,46305.42400703247,7965.146673793266,Personal,607.4724994618526,Fair,37.0,0.3661118637734627,2019-12-26,0
C00446,44.0,Male,West,Bachelor,Salaried,37905.83907906279,11134.91260129221,Business,,Good,58.0,0.7636088662002758,2015-04-13,0
C00447,59.0,Male,North,Master,Unemployed,18600.38130842112,1000.0,Personal,637.2437296749115,Good,43.0,0.4478030190428727,2019-08-06,0
C00448,19.0,Female,West,Bachelor,Self-Employed,92294.03410253635,27274.13352518066,Home,635.0741252941564,Poor,46.0,0.6716079757441105,2019-09-16,1
C00449,43.0,Male,North,nan,Business,17849.424828291747,1000.0,Personal,601.6314037267792,Poor,59.0,0.21315027819520688,2020-02-04,0
C00450,34.0,Male,East,High School,Self-Employed,111536.5056169816,29928.51081842268,Auto,594.3859205222474,Good,42.0,0.7027873631352859,2020-07-28,0
C00451,57.0,Female,South,Master,Self-Employed,51805.31670973652,38094.423214643255,Personal,627.6515999905977,Good,46.0,0.6729542458974064,2018-03-28,0
C00452,50.0,Female,East,nan,Salaried,58041.11709452013,37277.760374460835,Personal,526.5892934723064,Good,39.0,0.5979470567830697,2022-10-05,0
C00453,26.0,Female,East,Master,Self-Employed,27127.66252309258,7341.78993358086,Auto,503.1802779642093,Poor,33.0,0.7504522704341775,2019-11-14,0
C00454,60.0,Male,South,High School,Salaried,74614.1713485517,1363.0364366925169,Home,657.3541617439729,Good,39.0,0.8480953976232599,2016-12-10,0
C00455,71.0,Male,North,Bachelor,Salaried,58477.693262830035,13575.147906910914,Education,658.6051155698743,Good,45.0,0.8049072158241379,2015-01-30,0
C00456,65.0,Female,North,High School,Self-Employed,66527.44088222747,28791.92186426535,Personal,715.9550435040497,Fair,47.0,0.20843798114198114,2016-06-12,0
C00457,56.0,Female,East,Bachelor,Business,45321.911241993344,32037.88656664959,Business,630.8326017221921,Poor,48.0,0.7327343650248686,2022-08-25,0
C00458,46.0,Female,East,Master,Self-Employed,77020.39432972812,26644.994845485602,Education,560.4779590169353,Good,39.0,0.4822997749565454,2023-02-07,1
C00459,59.0,Female,East,Bachelor,Self-Employed,44402.06481789748,25280.05288197053,Business,504.52648886015254,Fair,43.0,0.38379954572568,2018-06-02,0
C00460,72.0,Female,East,Bachelor,Salaried,66969.15574093354,43610.04937000359,Personal,583.235294303235,Fair,36.0,0.8477021479328832,2021-06-29,0
C00461,43.0,Male,South,Bachelor,Salaried,76549.54277238714,15219.558291160705,Business,681.6889808043139,Good,42.0,0.575671249465464,2019-02-11,0
C00462,52.0,Male,South,Bachelor,Salaried,101282.72615750748,12220.247677628966,Education,758.1086677556691,Fair,50.0,0.5260495222277651,2017-03-11,0
C00463,67.0,Female,North,Master,Business,85147.52357776959,8108.69198441224,Business,654.0564059578635,Fair,50.0,0.7669094496953472,2021-12-28,0
C00464,42.0,Male,South,Master,Student,67246.9780100537,24329.659175148598,Business,558.9807582247917,Good,41.0,0.5703122640582495,2017-01-23,0
C00465,41.0,Male,nan,High School,Salaried,64800.799378469645,18204.489109066246,Education,584.0059548121197,Good,40.0,0.829306447526892,2018-06-21,1
C00466,30.0,Female,West,Bachelor,Salaried,72835.30131659622,28249.79064450096,Education,586.3470556951762,Fair,45.0,0.18746581052447392,2022-09-27,1
C00467,24.0,Female,South,High School,Self-Employed,84167.80290330552,15494.505794119275,Education,619.5508548826392,Good,47.0,0.759713104763728,2017-02-10,0
C00468,74.0,Male,East,Bachelor,Unemployed,46392.20530607233,26287.820996303177,Education,734.0671568746152,Good,50.0,0.23925940146980457,2018-06-20,0
C00469,53.0,Male,West,nan,Self-Employed,87580.23335328078,16161.437905178966,Auto,739.9182087617586,Good,43.0,0.2914466435715213,2016-05-31,0
C00470,62.0,Male,South,Master,Salaried,41575.144276998944,18372.951591141762,Personal,,Good,49.0,0.25253379271425086,2018-04-30,1
C00471,37.0,Female,North,Bachelor,Student,76407.82644896727,19320.097756951658,Education,663.7302582585198,Good,39.0,0.30265814921992307,2022-12-10,0
C00472,18.0,Female,North,High School,Business,78535.67826438008,2996.984177993603,Home,590.1831580344901,Good,47.0,0.7220560921842445,2022-07-27,0
C00473,25.0,Male,East,High School,Salaried,48210.87279998552,18600.151805635993,Business,521.756866673472,Good,41.0,0.6570319554597225,2019-07-26,0
C00474,63.0,Male,nan,Bachelor,Unemployed,26440.484788843416,25621.42822890749,Education,784.1253765097059,Good,49.0,0.2953141003312406,2020-07-18,1
C00475,33.0,Female,East,High School,Self-Employed,58385.774184892034,10118.884231147564,Education,475.8134712054846,Good,44.0,0.32964869626107113,2022-04-27,0
C00476,31.0,Male,North,Bachelor,Salaried,15000.0,39101.22693265292,Personal,512.3119761751585,Fair,53.0,0.18439999571815205,2015-10-18,1
C00477,29.0,Female,North,High School,Self-Employed,60540.89223647315,20048.857409301934,Education,784.7304391369735,Fair,42.0,0.45227019387502043,2016-10-27,0
C00478,68.0,Female,West,Bachelor,Business,33793.98541367805,13731.978224280487,Auto,651.2461553502835,Good,56.0,0.42179738864107275,2015-02-06,0
C00479,40.0,Male,West,High School,Self-Employed,142831.2919474573,13427.459764433213,Home,565.5563819683967,nan,37.0,0.2239434225687204,2016-10-12,0
C00480,32.0,Female,East,nan,Salaried,91467.38066061848,33705.11559284474,Home,701.2027723316984,Fair,41.0,0.8094312847385403,2020-10-14,0
C00481,45.0,Male,East,Master,Student,66804.98820624281,11751.932085581739,Education,707.9789979534484,Fair,43.0,0.8247057913637427,2018-11-08,1
C00482,51.0,Male,North,Bachelor,Salaried,98310.25146051787,22980.971679913877,Personal,550.0485766139192,Good,51.0,0.19268978125212083,2017-11-20,0
C00483,19.0,Female,West,High School,Business,82625.87768336572,28830.361717255495,Education,610.036596764782,Good,50.0,0.3264110602685796,2016-02-06,0
C00484,49.0,Male,West,Bachelor,Self-Employed,35911.50398609454,25542.1573807961,Business,715.718439777929,nan,49.0,0.7256756507863087,2021-02-28,0
C00485,40.0,nan,South,High School,Salaried,49364.10495000941,14373.22702431976,Home,588.7320690222132,Good,46.0,0.8394716875821191,2017-10-20,0
C00486,39.0,Female,East,Bachelor,Salaried,90736.67520564991,28392.21741110919,Business,671.1622803960374,Fair,40.0,0.16092204028417068,2019-04-29,0
C00487,68.0,Male,North,Master,Unemployed,40986.564160215596,21557.764558675004,Auto,756.8609139774704,Good,54.0,0.8670147736187084,2019-02-12,0
C00488,42.0,Male,North,Bachelor,Salaried,74882.95133302131,2800.580813975881,Home,470.5636376344161,Poor,54.0,0.15239158153286608,2021-08-20,1
C00489,39.0,Male,North,Bachelor,Self-Employed,81868.94993925135,32232.65605847309,Home,624.4063760503428,Good,36.0,0.6387163654764461,2021-12-28,0
C00490,39.0,Male,North,Bachelor,Self-Employed,58483.91659862187,13864.141777096807,Auto,669.6226998925616,Good,53.0,0.11876386502931506,2018-04-14,0
C00491,66.0,Male,South,PhD,Business,68808.24723621982,18243.962452628613,Business,515.5962960542444,Fair,37.0,0.8890252684828022,2019-02-28,0
C00492,69.0,Male,South,PhD,Self-Employed,85794.84813239331,23094.6537655868,Education,610.2791457310649,Good,49.0,0.40063705196866317,2016-11-06,0
C00493,59.0,Male,East,Bachelor,Salaried,84602.24081031185,14681.080646625935,Personal,728.337398310636,Good,29.0,0.6514826140865893,2018-07-11,1
C00494,23.0,Female,South,Bachelor,Salaried,76204.43317952343,27569.07721993194,Business,597.1763638442083,Good,42.0,0.2569288692185765,2020-09-03,1
C00495,32.0,Female,South,Bachelor,Unemployed,64676.141292927394,8961.595739828852,Auto,538.675517308568,Good,42.0,0.37306710360352624,2016-02-28,0
C00496,71.0,Female,North,High School,Self-Employed,79683.8942938308,14256.194908813139,Auto,734.8123867371696,Good,45.0,0.7352037098832853,2019-02-11,0
C00497,60.0,Male,East,Bachelor,Salaried,15000.0,32257.23201905533,Auto,683.3376270147824,Fair,40.0,0.9270465037279456,2019-07-03,1
C00498,54.0,Male,South,Bachelor,Unemployed,101889.49074220093,20252.770131484696,Home,644.8357781371534,Fair,39.0,0.9432452970180063,2022-06-23,0
C00499,50.0,Female,South,High School,Business,61686.06700899786,9431.858191846095,Education,642.6206129668983,nan,40.0,0.7882275887259691,2018-03-24,0
C00500,25.0,Male,West,High School,Salaried,46625.81628308201,20787.282170362014,Home,727.1211853328706,Good,,0.8201140837485313,2016-05-03,0
C00501,70.0,Male,East,Bachelor,Student,79986.59796562936,24016.537673404462,Home,672.0896243756922,Good,40.0,0.9239932811084342,2021-10-05,1
C00502,61.0,Female,West,Master,Self-Employed,79285.74045616205,4139.807441716852,Home,698.4209109701407,Poor,47.0,0.13426918630358464,2015-04-19,0
C00503,61.0,Female,South,Bachelor,Salaried,40589.335207711505,36542.84254465233,Auto,598.0575203894687,Fair,38.0,0.24462787993749388,2022-05-03,0
C00504,22.0,Female,North,Bachelor,Salaried,66688.49447674866,37894.03564306525,Business,506.19837433949414,Fair,30.0,0.14477611174176963,2022-08-08,0
C00505,56.0,Male,East,Bachelor,Self-Employed,65933.37692776781,21200.007431149614,Personal,696.6435275156341,Good,38.0,0.5259869802957416,2020-04-16,0
C00506,21.0,Female,North,Bachelor,Business,64302.07690081299,17999.183403912397,Personal,732.5695941249637,Poor,37.0,0.9147158582538791,2017-05-02,0
C00507,23.0,Female,South,Bachelor,Salaried,105600.4949868161,20229.44088013458,Education,633.1578524245638,Good,43.0,0.5950707588649439,2021-07-10,1
C00508,62.0,Female,North,Bachelor,Salaried,64496.11659131677,28930.509851373576,Education,716.5817437845135,Good,52.0,0.5720934984732167,2016-09-20,0
C00509,49.0,Female,West,High School,Salaried,61752.38171253822,24526.0934964477,Auto,624.8590405117312,Fair,40.0,0.8026833989126355,2022-01-27,0
C00510,69.0,Female,North,Bachelor,Self-Employed,47990.80583775362,22392.282005724985,Personal,643.1975629011146,Good,42.0,0.8896065495467775,2016-03-23,0
C00511,47.0,Female,West,High School,Salaried,44379.01198185669,33823.30080304381,Business,781.4321591290454,Good,49.0,0.693771946796571,2015-04-27,0
C00512,64.0,Male,West,Bachelor,Salaried,74801.06454796334,31309.38792561851,Auto,628.1359959720177,Fair,53.0,0.8610707649571521,2017-10-01,0
C00513,52.0,Female,South,nan,Self-Employed,53254.49776242708,10400.863149604473,Education,623.7072955584954,Fair,38.0,0.24893383714582523,2019-11-23,0
C00514,72.0,Female,East,High School,Business,60301.76557998151,28873.958319228885,Auto,509.75153575945143,Fair,38.0,0.5278959770926707,2022-08-21,0
C00515,57.0,Female,East,Bachelor,Self-Employed,69954.21207955635,31516.206068141648,Education,701.7554869985744,Good,42.0,0.40991428195446744,2016-05-02,1
C00516,69.0,Male,West,Bachelor,Salaried,66592.23631518404,22782.596986290417,Personal,596.761897590927,Good,38.0,0.3826431077083209,2022-04-19,0
C00517,33.0,Male,South,Master,Salaried,68374.0264228857,25990.33417283715,Auto,661.0418758259519,Good,41.0,0.28211275461137136,2015-06-30,0
C00518,30.0,Female,West,Bachelor,Salaried,68282.92082900135,16925.619189098248,Home,626.3720684425462,Poor,49.0,0.8598970954518128,2021-07-05,0
C00519,67.0,Female,South,Master,Student,80615.0129556014,7955.797674739662,Education,616.5655463381042,Good,,0.48281383627793395,2018-07-15,0
C00520,59.0,Female,West,Master,Business,131025.76946656188,38872.78562205685,Home,641.1702882603768,Good,42.0,0.5507159206174381,2017-02-28,1
C00521,47.0,Female,South,Bachelor,Salaried,95732.76729769935,6605.380210822335,Education,646.9360745330443,Good,49.0,0.3348640921892228,2018-04-05,0
C00522,36.0,Female,South,Bachelor,Salaried,55942.747400551176,36812.58759783175,Home,738.2059294726419,Good,47.0,0.9184232591981373,2022-02-19,0
C00523,34.0,Female,West,Bachelor,Self-Employed,95387.67012557699,19347.509439988382,Personal,764.0158892519435,Poor,45.0,0.6195285027974897,2020-06-06,0
C00524,73.0,Female,West,Master,Self-Employed,38655.23006643637,32474.396287007097,Personal,698.8036326831191,Good,42.0,0.10059005202723573,2019-04-29,0
C00525,36.0,Female,East,High School,Self-Employed,50843.56077684826,20229.159884381308,Business,745.3666935103142,Fair,41.0,0.327708595081605,2017-11-05,0
C00526,45.0,Female,North,Bachelor,Business,82672.07303166631,29374.10779540167,Business,714.0610603060036,Good,43.0,0.9494454528378052,2020-01-25,0
C00527,72.0,Male,South,Bachelor,Business,81896.66019843656,24488.54453908311,Business,687.0960576451865,Good,38.0,0.9285586002662461,2021-12-18,0
C00528,43.0,Male,nan,Bachelor,Self-Employed,80038.4004628401,13306.233917837339,Auto,759.1357201470083,Poor,43.0,0.5629240051067275,2020-09-12,0
C00529,54.0,Female,West,Bachelor,Unemployed,50242.552870710075,21341.19588113646,Education,551.8644026806007,Fair,54.0,0.5794996795715387,2022-07-30,1
C00530,43.0,Male,West,Bachelor,Business,50413.90558847293,18570.695916100787,Auto,598.6653349063073,Fair,43.0,0.8663502221858305,2017-08-31,1
C00531,70.0,Male,North,High School,Business,68278.78606876104,26429.80457334991,Business,588.432385485793,Fair,37.0,0.7022810493885018,2017-08-23,0
C00532,40.0,Male,South,Bachelor,Student,58692.75679073468,21415.41220840229,Education,627.3959062520406,Good,43.0,0.8923839283321934,2022-02-27,0
C00533,26.0,Male,East,Bachelor,Salaried,87204.39367533733,22861.56883899546,Auto,701.442526856322,Good,,0.5072630282204179,2017-06-06,0
C00534,29.0,Male,West,PhD,Salaried,58066.649494983394,9741.28478401049,Personal,566.3672410859939,Good,48.0,0.9295156094862111,2019-11-24,0
C00535,70.0,Male,North,High School,Unemployed,57329.68009774144,7218.681200544057,Education,687.709939760833,Fair,47.0,0.5586173171549965,2018-10-25,0
C00536,18.0,Female,West,Master,Business,24353.96828541007,20706.27828698341,Business,605.9704311196822,Good,44.0,0.6481131238605599,2020-10-22,0
C00537,18.0,Female,East,Bachelor,Unemployed,86883.25585286463,21815.521110438527,Personal,623.9701960109793,Good,41.0,0.17018183178329907,2019-04-09,0
C00538,64.0,Male,North,High School,Salaried,73059.434307363,9484.32712851493,Education,665.0311747575392,Poor,49.0,0.6198855808276671,2016-09-14,1
C00539,51.0,Male,South,Master,Self-Employed,15000.0,25715.565710387615,Auto,776.0936104296125,Good,24.0,0.7526095545238294,2018-06-19,0
C00540,49.0,Female,South,High School,Salaried,76125.4664977127,26150.44601976026,Business,596.5739710809405,Good,46.0,0.47340869438807687,2016-04-01,0
C00541,71.0,Male,East,nan,Self-Employed,54970.57736413632,21561.335341936254,Auto,643.9929954879923,Good,29.0,0.527072478438689,2021-04-06,0
C00542,65.0,Female,North,Master,Salaried,84398.57696842097,20157.385797323186,Personal,569.1331080802208,Poor,53.0,0.43432830796677757,2018-11-24,0
C00543,42.0,Female,North,High School,Salaried,62372.253172172736,7325.030840904938,Personal,595.8539212741458,nan,33.0,0.9236852811820231,2022-06-11,0
C00544,57.0,Female,West,High School,Salaried,44890.64010495411,7157.365900478264,Personal,568.4493923806644,Good,45.0,0.5051306008725297,2017-12-06,0
C00545,62.0,Male,North,Bachelor,Self-Employed,108226.18140481575,23947.08947603096,Education,668.3588815974929,Good,50.0,0.20727964257227158,2022-01-22,0
C00546,70.0,Female,North,Bachelor,Salaried,104299.19963469042,11719.787001936245,Business,681.8981577116584,Good,49.0,0.1245413554128526,2021-08-21,1
C00547,18.0,Male,South,Bachelor,Salaried,60358.010195392904,12422.368995771241,Personal,701.528701004287,Good,42.0,0.7565988175092976,2021-03-20,1
C00548,33.0,Female,East,Bachelor,Salaried,74315.96596908,22787.871382243662,Auto,593.4762716820244,Good,38.0,0.5655219211711626,2020-04-11,0
C00549,56.0,Female,West,Bachelor,Salaried,53519.34723661919,40376.52497572302,Business,688.0957308908769,Good,46.0,0.10235492956096334,2015-03-15,0
C00550,22.0,Male,South,High School,Unemployed,22337.771808000078,16025.58905382386,Auto,658.4825058686014,Poor,43.0,0.42514424176001353,2020-12-21,1
C00551,39.0,Male,West,Master,Salaried,97942.44204930955,40506.78673327298,Auto,645.6685627061504,Good,48.0,0.8769418796358779,2019-11-14,0
C00552,46.0,Male,East,Master,Salaried,45056.46253858785,19237.4370368407,Personal,556.8932879369218,Fair,46.0,0.9055916871443711,2019-06-23,0
C00553,72.0,Female,North,Bachelor,Business,96838.51826367436,25638.53205060994,Business,661.4940124488586,Good,51.0,0.14552536109381228,2015-11-02,0
C00554,20.0,Male,North,Master,Self-Employed,82430.70448489574,29597.16177831136,Home,663.8717464933374,Good,45.0,0.20490905164379902,2020-03-10,0
C00555,29.0,Female,South,High School,Business,72178.98773740446,30325.174732007807,Education,657.6296333406675,Good,,0.10413979327872039,2018-06-27,1
C00556,43.0,Male,South,High School,Self-Employed,63977.084741133745,23390.647084520555,Home,680.0038067957908,Fair,46.0,0.8383726554218102,2022-02-01,0
C00557,33.0,Female,East,Bachelor,Unemployed,82536.03459542958,17703.1428179929,Education,702.0946744302073,Fair,52.0,0.16025329195169122,2021-05-13,0
C00558,68.0,Female,East,Bachelor,Salaried,41739.775401494575,28280.669845835462,Business,567.648251828171,Good,51.0,0.1917151293869116,2017-04-16,0
C00559,54.0,Female,South,Bachelor,Student,98360.42248863974,24240.07428400315,Personal,633.7477935178736,Good,43.0,0.2934792521385228,2018-05-05,0
C00560,39.0,Female,North,Master,Business,,15641.3421398596,Business,688.6825701173183,Poor,36.0,0.8796621188985345,2022-04-01,0
C00561,74.0,Male,North,nan,Self-Employed,102375.61299090393,34090.878335499096,Home,629.8703884343748,Fair,50.0,0.6849989061935097,2016-03-15,0
C00562,46.0,Male,East,Bachelor,Self-Employed,61942.2405982681,24573.986378362093,Auto,721.9567667796383,Fair,39.0,0.6243491558023315,2022-10-14,1
C00563,31.0,Female,South,Master,Self-Employed,68562.59746680032,12508.101385611059,Education,656.7633872519424,Good,37.0,0.7669583698221739,2020-10-04,0
C00564,45.0,Male,East,High School,Salaried,71597.31296241452,11338.416334739284,Education,503.3808019157337,Fair,52.0,0.6892918229961443,2015-07-02,0
C00565,22.0,Male,North,High School,Salaried,79400.08625032101,39589.16624082344,Home,712.957168939827,Good,35.0,0.7340377975790064,2023-03-07,0
C00566,64.0,Male,East,Master,Student,110271.83083986232,15073.849663941795,Personal,641.2172579858502,Good,49.0,0.16260797289326923,2018-05-22,0
C00567,66.0,Male,West,Bachelor,Self-Employed,54048.27703047515,27529.450525303037,Business,517.2716875156035,Good,50.0,0.6013005019748473,2015-11-21,0
C00568,47.0,Male,South,Bachelor,Salaried,61802.45228753745,23768.538849158118,Home,631.0782604784902,Good,35.0,0.7402261941674969,2022-09-27,0
C00569,63.0,Female,South,Bachelor,Business,64519.122772026865,27189.49577009356,Business,554.872671603904,Good,35.0,0.5808098272833013,2019-11-25,0
C00570,69.0,Male,nan,Bachelor,Self-Employed,15000.0,39118.135898933484,Personal,706.4848464195614,Good,41.0,0.11002564235984551,2021-02-01,1
C00571,22.0,Female,South,High School,Salaried,51127.328250283346,29973.16081183867,Auto,647.3119264890377,Good,41.0,0.2794519060604474,2022-04-18,0
C00572,29.0,Male,East,Bachelor,Business,52753.81442170409,28357.707238441428,Business,580.7190976398675,Fair,38.0,0.9184649975069421,2017-08-06,0
C00573,33.0,Female,North,High School,Business,130952.56690021226,18031.272548369463,Personal,710.8136042722144,nan,53.0,0.6989904447829722,2018-03-23,0
C00574,43.0,Male,East,High School,Salaried,71461.76713430554,13354.267861833421,Home,684.3894249497187,Good,35.0,0.685229165748195,2016-01-28,0
C00575,43.0,Female,North,Bachelor,Student,77337.05797429713,44194.65682240545,Auto,632.3176447230982,Good,52.0,0.6612145755455624,2018-10-19,1
C00576,65.0,Female,nan,High School,Salaried,28283.361833520474,19581.638102857596,Auto,556.580192034773,Good,53.0,0.20863680015574204,2021-08-02,0
C00577,38.0,Male,East,Master,Self-Employed,63431.803025507565,18933.109483366057,Auto,586.8144654847555,Good,38.0,0.10347036384315215,2020-07-21,1
C00578,56.0,Female,West,High School,Salaried,88402.46611443956,22887.92855186694,Education,585.6906567720471,Good,35.0,0.47455447036099785,2017-12-15,0
C00579,53.0,nan,East,High School,Self-Employed,127916.16389484666,21914.55111124829,Personal,705.9872902448292,Good,38.0,0.4776757441185139,2018-07-31,0
C00580,50.0,Female,East,Bachelor,Salaried,47892.55051490332,35927.762143713924,Business,523.932703576683,Good,38.0,0.7900346334928439,2019-08-14,0
C00581,47.0,Female,South,Bachelor,Salaried,19610.51775526213,25396.068350309917,Home,646.4573887577687,Fair,55.0,0.2543323889037722,2020-05-04,1
C00582,54.0,Male,West,High School,Business,45615.81038533564,6900.756800339028,Auto,631.2286706920935,nan,46.0,0.3338444886342977,2020-06-08,0
C00583,40.0,Female,nan,High School,Salaried,45716.84646106594,13403.619454800839,Auto,727.6654263331562,Fair,39.0,0.16650598193596317,2018-04-27,0
C00584,27.0,Male,South,nan,Business,45950.5692073338,20107.09409439418,Auto,667.455241825649,Good,51.0,0.4398937799947694,2019-06-06,0
C00585,71.0,Male,West,Bachelor,Self-Employed,87687.67657426564,30256.41096646287,Personal,690.1407713857751,Fair,50.0,0.31759128621876204,2017-11-05,0
C00586,22.0,nan,East,Bachelor,Student,73569.60109559898,4795.701478558807,Home,610.5979997202486,Good,46.0,0.3234614675293156,2021-02-12,0
C00587,53.0,Male,East,Bachelor,Self-Employed,36789.53105867366,24938.82695709493,Personal,557.6751359371053,Good,38.0,0.315945124050825,2017-01-15,0
C00588,51.0,Female,South,High School,Salaried,100405.08305209919,27313.12782395639,Home,625.589301809263,Poor,54.0,0.2967907327765169,2021-05-09,0
C00589,69.0,Female,North,Bachelor,Salaried,112325.90363508802,28823.664242424937,Business,708.2871789444824,Fair,54.0,0.3718240757476037,2021-12-17,0
C00590,48.0,Female,North,Bachelor,Unemployed,22374.78068153852,19199.11756563144,Education,708.1167973363827,Fair,39.0,0.5561866400646132,2022-04-08,1
C00591,27.0,nan,North,Master,Business,94441.19961232482,30492.3987195842,Home,617.7059321663228,Good,38.0,0.47205373557331864,2020-07-11,0
C00592,36.0,Male,East,High School,Salaried,60747.04811921937,11849.87557154936,Personal,585.4442146513582,Poor,45.0,0.15392991704178105,2015-08-04,0
C00593,49.0,Male,South,Master,Self-Employed,41449.66674703582,29454.923287114765,Personal,570.749065631961,Fair,47.0,0.46198088419580585,2019-09-01,0
C00594,18.0,Male,South,High School,Self-Employed,28620.12510516191,19383.540731978144,Personal,639.7530047955079,Good,58.0,0.8193365163356977,2018-08-09,0
C00595,73.0,Male,nan,High School,Student,53680.37620907532,20428.855992244,Education,660.2413378789499,Good,37.0,0.18559849984713225,2020-11-30,0
C00596,22.0,Male,South,High School,Unemployed,51953.61355257114,20317.722259363167,Home,760.4893634731819,Good,47.0,0.9027073594319068,2020-09-08,0
C00597,62.0,Male,South,High School,Student,68687.34068778336,26501.21614630112,Home,659.2498068214156,Good,51.0,0.3623018151502393,2021-07-13,0
C00598,21.0,Female,North,PhD,Unemployed,118651.06701684053,8951.937411530425,Home,696.0324495355354,Fair,37.0,0.11235528499127727,2018-05-27,0
C00599,33.0,Female,North,Bachelor,Unemployed,52301.96683867338,28852.90515423842,Home,591.4649009071836,Good,46.0,0.3151822422046696,2017-09-06,0
C00600,41.0,Male,West,High School,Salaried,29835.89391800665,28708.620889295475,Auto,653.1275753696843,Poor,35.0,0.15921067747149792,2019-12-25,1
C00601,33.0,Female,East,nan,Business,56745.535630745304,16985.167538124966,Auto,660.5058841652649,Fair,44.0,0.5814241441481712,2023-02-12,0
C00602,72.0,Male,West,Master,Business,91050.17485900669,20024.67662572038,Personal,639.4602104116716,Good,46.0,0.3688763584179672,2015-02-10,0
C00603,19.0,Male,North,Master,Student,58807.96354758748,11405.542811646414,Auto,648.3635902347555,Good,,0.78584512183597,2018-06-30,1
C00604,66.0,Female,East,PhD,Self-Employed,81286.93116768777,8396.247493884612,Home,659.466385071508,Good,48.0,0.7227313249051892,2020-01-11,1
C00605,45.0,Female,South,High School,Salaried,69249.90103680435,21974.148418330013,Home,686.0777609820736,Good,44.0,0.4983069905637595,2015-12-19,0
C00606,49.0,Female,North,Master,Self-Employed,66529.12207891644,22038.72527494613,Auto,737.6838532560321,Good,41.0,0.5765113692151088,2016-09-15,0
C00607,44.0,Male,North,Bachelor,Self-Employed,104680.6438456389,16629.372171259696,Business,480.0839156270217,Good,47.0,0.6174541608338671,2015-07-20,0
C00608,37.0,Female,North,Master,Salaried,40796.72476869081,7502.209542567583,Personal,733.5303135604015,Poor,34.0,0.3300989842861708,2019-01-11,0
C00609,41.0,Female,South,Master,Salaried,38983.51051457046,24570.57396707147,Education,521.6893912761517,Poor,42.0,0.21846991721505937,2021-03-13,0
C00610,29.0,Female,North,Bachelor,Self-Employed,42280.163320110674,16386.958522984572,Personal,673.1572115777565,Fair,50.0,0.4200409936462032,2022-05-24,0
C00611,67.0,Female,nan,Master,Salaried,73633.05643675812,12506.585495483956,Personal,826.6721726816355,Fair,50.0,0.18062891419688293,2015-08-10,0
C00612,52.0,Female,South,High School,Salaried,66335.79381638588,32759.319858607254,Personal,646.8094783680664,Poor,41.0,0.3676338690945803,2020-07-22,1
C00613,50.0,Female,North,Bachelor,Salaried,82753.25073596189,10248.452509638611,Auto,663.5014354560982,Good,36.0,0.5697118366610586,2015-08-13,0
C00614,50.0,Female,North,High School,Unemployed,63098.82027540208,25619.1760947501,Personal,626.7305214559649,Good,31.0,0.5590956455117472,2020-12-06,1
C00615,68.0,nan,East,PhD,Business,60109.93093930599,5004.616510264921,Home,700.0446760448702,Fair,47.0,0.20252136827336734,2018-02-07,0
C00616,60.0,Female,North,High School,Salaried,73228.91377108052,5637.841964281066,Personal,677.1656414479806,Poor,48.0,0.10708823500340667,2020-03-23,0
C00617,54.0,Male,West,Bachelor,Business,107411.45550611077,24826.784080959354,Home,599.2964566415696,Good,41.0,0.1756020276495509,2022-03-02,0
C00618,29.0,Female,nan,Bachelor,Business,35942.70879497981,16638.632607505853,Auto,641.4235208611384,Good,39.0,0.13072753565823753,2021-11-24,0
C00619,20.0,Male,North,nan,Salaried,41996.092147544565,8311.522079917722,Auto,566.117262216709,Good,35.0,0.44039855599619215,2019-03-17,1
C00620,18.0,Male,South,Bachelor,Salaried,66027.43379776124,29499.354180905146,Personal,,Good,47.0,0.4312876582466205,2019-04-18,0
C00621,50.0,Female,North,Master,Self-Employed,115811.84152843323,23713.14917153827,Home,618.5470859812448,Good,52.0,0.3053730605088961,2022-07-07,0
C00622,57.0,Female,East,Master,Self-Employed,38208.77115829017,1000.0,Home,660.2405713693038,Good,64.0,0.2831277907151306,2021-03-06,0
C00623,27.0,Female,South,Bachelor,Business,64750.117190553996,29594.015456748937,Home,596.7564577143546,Poor,46.0,0.43695692898964544,2022-07-04,0
C00624,60.0,Male,South,Bachelor,Salaried,43064.94960034962,9361.154364986443,Home,633.917623243535,Poor,38.0,0.17358754148933486,2016-08-29,0
C00625,61.0,Female,North,Master,Salaried,74954.46970038273,2921.0646506130834,Education,650.6579581391109,Poor,48.0,0.2821627562459338,2016-03-13,0
C00626,46.0,Male,East,PhD,Student,15000.0,11794.39057097196,Auto,655.8813273467493,Good,41.0,0.4448381191263747,2015-09-03,0
C00627,30.0,nan,South,Master,Salaried,,19581.977522483703,Home,670.5712786779382,Good,50.0,0.18060542710704186,2017-06-30,0
C00628,29.0,nan,North,High School,Business,96958.60504139826,20773.763276194706,Education,636.937425103926,Good,47.0,0.8146916218839189,2017-05-18,0
C00629,48.0,Female,East,Master,Salaried,65233.03344490167,3651.3476344505307,Education,590.9979755801228,Poor,48.0,0.6746157232632569,2015-09-05,0
C00630,63.0,Female,East,Bachelor,Salaried,46366.39262375531,5868.98358267432,Auto,656.1554954487184,Good,53.0,0.4256513615195061,2016-01-26,1
C00631,19.0,Female,West,Bachelor,Salaried,63854.723892047994,12390.942199801735,Business,636.5856630803178,Good,56.0,0.22783856284454335,2021-04-11,0
C00632,68.0,Female,North,Master,Salaried,63417.61852835504,13029.824357637051,Personal,726.8484231580408,Good,33.0,0.2650592150884241,2020-07-12,0
C00633,67.0,Male,West,High School,Salaried,79020.20162902477,27617.98833952577,Auto,736.305612568277,Good,45.0,0.2020761470355824,2022-09-17,0
C00634,52.0,Male,East,Master,Salaried,15000.0,15866.784145514055,Business,547.0939673422233,Good,,0.23607125318250322,2018-03-15,0
C00635,40.0,Female,North,Bachelor,Self-Employed,39083.31709618642,27426.299939141227,Personal,696.2865911313313,Fair,49.0,0.45913701812463203,2018-12-20,0
C00636,34.0,Female,East,Master,Self-Employed,41128.14422373596,30958.24835984174,Personal,711.3308120817431,Good,34.0,0.30881496548911325,2022-10-25,0
C00637,43.0,Male,South,High School,Salaried,80735.53117708577,25556.705028575117,Personal,549.0626528101895,Good,44.0,0.8518917053320405,2019-12-23,1
C00638,25.0,Female,West,Bachelor,Unemployed,64842.24090838173,1000.0,Education,693.4604614184535,Good,56.0,0.9167894205290699,2018-05-01,0
C00639,46.0,Male,North,Master,Salaried,101014.99730198472,16959.831047340103,Home,717.1966188324725,Fair,43.0,0.6876602869674712,2016-09-28,0
C00640,43.0,Female,East,High School,Salaried,85728.53701395963,18336.942170916762,Personal,578.7765021591057,Good,47.0,0.7874469430298502,2015-05-05,0
C00641,27.0,Female,South,High School,Self-Employed,56352.381944899906,19455.76224114174,Home,632.2743782659221,Poor,39.0,0.31685160524225325,2019-05-12,0
C00642,43.0,Female,nan,nan,Self-Employed,63761.34955511198,1000.0,Personal,663.9739951865166,Good,44.0,0.6652703780344048,2019-02-18,0
C00643,51.0,Female,South,High School,Self-Employed,97347.11603584196,12359.144657362998,Education,692.7843545074459,Good,47.0,0.14929885499570866,2015-07-16,0
C00644,68.0,Male,nan,nan,Salaried,100830.37126118185,6377.557894749629,Personal,575.8670442164297,Good,44.0,0.9161836725126464,2021-03-11,1
C00645,58.0,Male,West,High School,Business,62608.01260609019,10734.373980185237,Auto,736.7755023361709,Good,41.0,0.6696759205109004,2021-11-13,1
C00646,24.0,Female,South,Bachelor,Self-Employed,40374.07160845565,17413.110479450937,Business,497.79889024507975,Fair,44.0,0.3693234957520357,2022-01-20,0
C00647,21.0,Female,West,Master,Salaried,15000.0,12584.473960385192,Personal,749.2809161694124,Poor,45.0,0.7570853249663205,2016-05-12,1
C00648,70.0,Male,nan,Bachelor,Salaried,15000.0,11469.874366641745,Business,691.2700600842438,Fair,46.0,0.11342953182339076,2016-01-26,0
C00649,67.0,Female,South,Bachelor,Business,76802.06488185521,18020.305581787226,Business,603.3671366642897,Good,42.0,0.4198008000818495,2017-05-19,0
C00650,62.0,Male,South,Bachelor,Self-Employed,76299.75252361296,15077.92209031955,Education,714.830438203031,Good,53.0,0.8613090985197571,2015-09-25,1
C00651,28.0,Female,East,Master,Salaried,48115.08782565342,21996.899086534533,Business,571.4150717298403,Poor,42.0,0.3237196286164973,2018-08-10,0
C00652,46.0,Female,South,High School,Salaried,97537.17360639987,15801.438088856326,Education,658.6202040795406,Good,47.0,0.6677271652672038,2018-05-23,0
C00653,73.0,Male,North,Bachelor,Salaried,59826.43351187222,4323.909879482555,Personal,667.8878655356447,Fair,50.0,0.40608813003973865,2016-03-14,0
C00654,53.0,Male,North,High School,Self-Employed,50290.06631910644,9689.176811891517,Home,667.710111046926,nan,43.0,0.43350968533368994,2017-04-01,0
C00655,42.0,Female,South,Bachelor,Business,94279.04620304523,16719.49327277061,Education,587.0211832163491,Good,48.0,0.7340464926313114,2019-05-27,0
C00656,38.0,Female,South,High School,Salaried,90964.01395283834,15520.24532230416,Business,612.7942120731817,Good,46.0,0.8736750984673761,2017-11-04,1
C00657,74.0,Female,North,Bachelor,Salaried,63710.10283260591,5865.177302055203,Business,659.5058649613111,Fair,43.0,0.24171074452059813,2017-11-19,0
C00658,53.0,Female,West,Bachelor,Unemployed,77938.27406811646,26765.804201387407,Personal,595.4942192775065,Good,60.0,0.3353582924422148,2022-02-27,0
C00659,27.0,Female,East,High School,Self-Employed,81092.84324206554,23122.234548636567,Education,670.3589595707456,Good,46.0,0.5146174052292385,2022-04-22,1
C00660,54.0,Female,North,High School,Self-Employed,119381.67197199707,13992.074687567998,Personal,603.9405523830067,Good,53.0,0.6217436560214694,2018-06-13,0
C00661,26.0,Female,East,Bachelor,Salaried,61724.48939893751,18363.0923689092,Education,725.0000019557933,Good,35.0,0.49761904586929073,2021-06-21,1
C00662,41.0,Male,East,Bachelor,Self-Employed,35503.207986314024,9281.264790266865,Home,767.2013712928201,Fair,50.0,0.7846993906923215,2020-06-20,0
C00663,52.0,Male,nan,Master,Self-Employed,80636.95970443163,28530.67867099311,Auto,627.6901869007056,Good,36.0,0.7528806519225364,2016-10-09,0
C00664,66.0,Male,North,Bachelor,Salaried,66555.3768607133,40689.303564211266,Personal,719.0194070727579,Fair,49.0,0.44445648373025526,2018-04-13,1
C00665,52.0,Female,North,High School,Student,67807.95899904131,13554.130628330258,Business,634.077159381755,Poor,48.0,0.1345200917614576,2020-03-26,0
C00666,65.0,Male,West,Bachelor,Unemployed,64219.42602940324,32239.323488661263,Personal,579.7676602443993,Good,37.0,0.26532192199477245,2023-02-27,0
C00667,53.0,Female,West,High School,Business,25216.884831953197,11392.07796247972,Education,618.0711694583629,Fair,32.0,0.5139097518278585,2017-04-20,0
C00668,35.0,Female,East,Master,Self-Employed,71534.47665087001,14680.385426057617,Personal,656.4177305567159,Good,40.0,0.8883866931627568,2022-08-21,0
C00669,66.0,Female,West,nan,Self-Employed,56021.09530846718,34336.902318374545,Home,515.9781751679697,Fair,47.0,0.5824340638240255,2022-11-25,0
C00670,56.0,Male,North,Bachelor,Salaried,57273.29944409093,18801.609631139563,Education,696.9242571084122,Poor,51.0,0.5508356704768645,2020-10-08,0
C00671,49.0,Male,East,Bachelor,Salaried,55045.57194273203,26869.83686736405,Business,656.4515636702273,Good,41.0,0.7153745368075568,2021-12-09,0
C00672,41.0,Male,North,High School,Business,64019.97018255617,17305.390912004983,Business,725.0407968101866,Fair,51.0,0.22945070593296293,2017-01-06,0
C00673,40.0,Male,North,Bachelor,Self-Employed,71511.24812923795,1972.6436998185345,Education,695.6103165328518,Good,40.0,0.22488069791792664,2016-09-28,0
C00674,49.0,Male,West,Master,Unemployed,64267.36208321555,43374.1180307703,Home,658.9961237872916,Fair,44.0,0.3935858982989334,2016-08-07,0
C00675,54.0,Female,North,High School,Salaried,93870.37798783995,17832.268537653486,Personal,623.3123798487903,Fair,40.0,0.9456247368144689,2021-08-24,1
C00676,29.0,Female,South,High School,Self-Employed,83904.19498974552,21561.17544521175,Auto,764.214629127724,Fair,46.0,0.8445505576244899,2020-10-09,0
C00677,66.0,Female,West,Bachelor,Self-Employed,63172.49910839579,12674.722801878685,Business,812.7404515127025,Good,43.0,0.6780968153695852,2016-02-21,0
C00678,72.0,Female,North,Master,Self-Employed,39115.602702209966,27801.316239135078,Home,624.5637946205142,Fair,54.0,0.4324816844335255,2021-11-25,0
C00679,30.0,Male,nan,Bachelor,Unemployed,79513.203722946,27065.863087564663,Home,728.1720105276913,Fair,59.0,0.5714728619002305,2019-09-12,0
C00680,40.0,Female,nan,PhD,Student,57127.36070204474,4427.453273886113,Home,596.9937755776023,Good,44.0,0.35802100022269656,2021-08-11,0
C00681,42.0,Female,East,High School,Salaried,60731.37279163342,21710.995873048752,Personal,605.9235534733205,Good,51.0,0.6731609603581448,2015-12-03,0
C00682,52.0,Male,North,Bachelor,Salaried,32032.873476845154,28771.01002525958,Home,621.0316286376126,Good,54.0,0.45601881232385855,2015-09-13,0
C00683,58.0,Female,South,Master,Salaried,75339.27040771508,32004.36866673032,Home,701.3512015704762,Good,41.0,0.20218351010588437,2015-12-26,0
C00684,47.0,Male,South,High School,Self-Employed,129834.64363623378,26464.489772378143,Education,569.3815029245707,Good,50.0,0.28282476098335063,2022-04-24,0
C00685,34.0,Female,South,Bachelor,Salaried,52342.83420534814,27343.3746826572,Education,766.2473170253176,Good,32.0,0.617388872636264,2020-08-28,0
C00686,66.0,nan,South,High School,Business,80565.05845432052,14599.062937466077,Home,720.3404193029772,Fair,37.0,0.6903799972873581,2019-12-05,1
C00687,37.0,Male,nan,High School,Salaried,96146.47702970862,7709.612980580345,Home,699.613640407166,Poor,34.0,0.18161841493903702,2016-10-07,0
C00688,65.0,Female,North,High School,Self-Employed,51925.57248842135,16891.26185123045,Education,627.9639000497983,Fair,46.0,0.7870898305113242,2016-12-12,1
C00689,42.0,Female,East,PhD,Business,15000.0,7482.346133860767,Personal,712.2115692392556,Fair,40.0,0.8006952780276848,2021-10-24,0
C00690,39.0,Female,North,Bachelor,Self-Employed,82387.78733158333,12609.6891399492,Education,,Good,49.0,0.7146196271354713,2019-05-15,0
C00691,30.0,Male,East,Master,Self-Employed,66982.78691007018,12460.227046128826,Education,,Good,54.0,0.6810502542791771,2016-02-07,0
C00692,36.0,Female,West,Bachelor,Salaried,72783.35455626785,10592.954777192219,Education,662.009155074706,Poor,47.0,0.29708829812034504,2020-12-12,1
C00693,66.0,Male,South,Bachelor,Salaried,66372.3899628678,25322.862544139334,Education,508.5338326086579,Fair,50.0,0.8816786680515397,2017-07-25,0
C00694,53.0,Male,North,Bachelor,Self-Employed,93995.0840665229,9872.727365871076,Auto,680.4689737049126,Good,40.0,0.3282875218936654,2021-07-22,0
C00695,29.0,Male,East,PhD,Self-Employed,62561.919357951265,38355.80437856084,Business,694.3168794407054,Good,50.0,0.2551289434198395,2016-04-12,0
C00696,58.0,Female,East,Master,Unemployed,119272.11012146075,29891.500401425736,Personal,510.9700441374366,Good,49.0,0.6427539311983567,2016-11-08,0
C00697,36.0,Female,East,Master,Unemployed,82451.23145787057,31894.937345501596,Personal,560.992143676094,Good,51.0,0.40948865070365636,2021-08-27,0
C00698,29.0,Female,South,High School,Business,90287.1323641649,13108.437438686487,Home,804.8291863888213,Good,,0.8930738719626539,2021-06-30,0
C00699,26.0,Female,South,Bachelor,Salaried,65164.238377183516,22002.965647972902,Auto,636.023484042315,Poor,53.0,0.4912121671895979,2022-05-27,1
C00700,24.0,Male,nan,Bachelor,Business,72771.13763788188,9571.053063942847,Home,723.1719544623791,Fair,,0.23916076159348076,2016-07-04,0
C00701,45.0,Male,West,PhD,Salaried,22759.1136388242,22173.557941119707,Personal,734.5101443217256,Good,,0.9138993502856232,2022-12-22,0
C00702,31.0,Male,South,High School,Salaried,50575.36831132256,2322.791353946148,Personal,679.5452610496451,Good,47.0,0.5381188266387653,2018-05-10,0
C00703,48.0,Male,West,High School,Salaried,91941.34907263465,30622.96881911296,Home,726.2931013391959,Fair,44.0,0.54077508609524,2016-07-16,0
C00704,69.0,Male,South,Bachelor,Salaried,63328.14239887878,13551.04676161785,Business,491.5333731376461,Good,40.0,0.42793228551770734,2023-01-27,0
C00705,36.0,Male,South,High School,Salaried,36878.04236521883,23028.448392672304,Home,632.7102941239507,Fair,33.0,0.8105947087739743,2015-04-26,1
C00706,64.0,Male,North,High School,Self-Employed,47894.78562939771,24884.74151031814,Business,418.95509546195547,Good,42.0,0.34449707758310777,2015-03-24,0
C00707,33.0,Male,South,Master,Student,47692.93826535704,14460.359546392983,Business,519.0429751574563,Good,44.0,0.11165325170674303,2021-10-29,0
C00708,70.0,Male,East,Bachelor,Salaried,64026.92614549767,12017.39071134263,Education,609.048912726129,Good,35.0,0.5226862378735728,2018-02-12,1
C00709,22.0,Male,North,Master,Unemployed,44144.87583088834,18797.92265204288,Personal,600.0961670752864,Poor,38.0,0.8870038748959314,2017-03-19,0
C00710,52.0,Female,South,Master,Salaried,100576.54022521879,28029.656838075112,Education,653.105771685686,Good,40.0,0.33227668356271867,2020-11-02,0
C00711,29.0,Female,West,High School,Salaried,70205.12771672093,18530.145713782767,Personal,648.4512116297758,Good,45.0,0.3263596211894334,2021-02-20,0
C00712,42.0,Female,East,Bachelor,Self-Employed,30112.132840677994,26029.577859633886,Education,660.0306822485924,Good,55.0,0.7273848975274443,2015-02-28,0
C00713,69.0,Male,East,High School,Self-Employed,103403.51754734441,27940.915391664592,Business,663.103223647301,Fair,40.0,0.7592033339545551,2019-11-16,1
C00714,38.0,Male,West,PhD,Salaried,63855.422100992895,18075.471182390804,Education,674.9692043452228,Fair,51.0,0.4702230570323753,2022-12-17,0
C00715,53.0,Female,North,Bachelor,Salaried,77649.82666419967,18873.234985985346,Auto,578.0716491941029,Good,53.0,0.8085967804545805,2018-06-10,1
C00716,70.0,Male,East,Bachelor,Self-Employed,72668.53273440237,21388.073787387395,Education,595.6405760477148,Good,50.0,0.24614312140313085,2019-05-17,0
C00717,40.0,Male,West,Bachelor,Salaried,75435.55078124016,31424.046255826095,Education,647.2341455528936,Fair,45.0,0.41197156735680485,2022-07-03,0
C00718,33.0,Male,East,Bachelor,Business,56412.27427249859,16567.18405704031,Education,648.3992786995308,Fair,57.0,0.4436362280192563,2020-06-08,1
C00719,74.0,Male,South,High School,Self-Employed,73269.07233146031,31377.505258287987,Auto,568.8554476027776,Fair,25.0,0.3658765092253494,2017-03-24,0
C00720,56.0,Male,North,Bachelor,Salaried,61269.08462920702,22551.27451927973,Personal,731.1169535759789,Fair,58.0,0.2850769166662724,2015-12-24,0
C00721,62.0,Male,West,Master,Unemployed,,12633.89066492482,Education,704.360050816312,Fair,42.0,0.3874270996009487,2022-05-23,0
C00722,70.0,Female,South,Master,Salaried,60356.821722071254,19580.06148771399,Personal,585.5212485977654,Good,40.0,0.11530270600539405,2015-03-29,1
C00723,59.0,Male,West,Bachelor,Business,57748.95780826342,8793.65964796306,Home,634.3725490312486,Good,51.0,0.6978475295460582,2016-06-18,0
C00724,56.0,Male,East,Bachelor,Business,28449.179772748328,6539.927283866529,Business,800.7154738097837,Fair,50.0,0.6813653493507652,2021-05-31,0
C00725,31.0,Female,East,Master,Student,64869.889144958215,26068.492485540588,Home,662.0432778375712,Good,45.0,0.4826853953787833,2017-12-19,0
C00726,48.0,Male,West,High School,Self-Employed,70615.34166391635,27977.689213047717,Auto,679.6764466400049,Good,54.0,0.37447824628583104,2020-05-30,0
C00727,22.0,Male,East,Master,Self-Employed,111221.85138705625,19669.762536230814,Auto,604.3298336651653,Fair,42.0,0.4689795055170817,2016-07-09,0
C00728,52.0,Female,South,High School,Salaried,76984.1501659581,20476.81367386169,Personal,626.5165918603744,Good,57.0,0.8960426935905821,2017-01-17,0
C00729,40.0,Male,East,Bachelor,Self-Employed,46882.94393975187,14232.363326950885,Personal,763.3494489337552,Fair,50.0,0.6130301215643491,2017-12-29,0
C00730,46.0,Male,West,Bachelor,Self-Employed,39633.059367756745,21698.794251344247,Education,658.4970820469402,Good,39.0,0.7216537184453672,2023-02-19,0
C00731,60.0,Male,South,Bachelor,Salaried,71685.9470001282,39814.78770864455,Home,644.6803835845338,Good,36.0,0.2950892335146024,2020-04-26,0
C00732,28.0,Male,South,Master,Unemployed,46376.3085160889,30096.96720253503,Personal,650.573081445235,Good,,0.1805442764764439,2022-02-06,0
C00733,35.0,Female,North,High School,Salaried,50788.07924648795,19239.426710731335,Personal,840.9037091311388,Poor,45.0,0.1707071945027493,2019-04-10,0
C00734,64.0,Female,West,Bachelor,Unemployed,46296.84710126894,18368.1064523908,Personal,652.9855627360913,Poor,42.0,0.5012160255417968,2023-02-02,0
C00735,29.0,Male,North,Bachelor,Unemployed,56785.33049253699,16236.089952284989,Business,587.7442475589799,Good,47.0,0.7091833872243777,2017-04-12,0
C00736,26.0,Female,East,Master,Self-Employed,83403.05830941565,5889.326441595704,Personal,,Good,42.0,0.7580023252049464,2020-03-08,0
C00737,27.0,Female,South,High School,Self-Employed,15254.055171845299,15170.871527716085,Business,708.5567001791078,Good,46.0,0.7123483359415081,2015-05-18,1
C00738,61.0,Male,South,Master,Salaried,97366.24810801729,26742.317925034586,Auto,542.8639155014918,Good,41.0,0.8758481145009447,2021-09-23,0
C00739,34.0,Female,East,Bachelor,Student,59896.59556275596,10679.817365249737,Education,683.7937236098172,Good,44.0,0.14420207900835824,2017-06-24,0
C00740,55.0,Male,North,High School,Salaried,49147.941302849904,17199.426788155346,Home,,Good,54.0,0.8270385652801059,2021-07-04,1
C00741,24.0,Male,East,Master,Self-Employed,87194.006391866,8818.188577871431,Personal,510.59228326609946,Fair,39.0,0.6615751062633763,2015-02-14,0
C00742,63.0,Male,West,High School,Self-Employed,59843.74726383119,27854.446300551746,Business,576.4945837314804,Fair,50.0,0.24919209520223604,2016-10-27,0
C00743,30.0,Male,West,Bachelor,Unemployed,38828.59550108988,7267.683718618009,Personal,652.0650357258995,Good,44.0,0.6800236246119834,2022-12-31,0
C00744,57.0,Male,North,High School,Business,26954.160688732853,25926.779072618363,Personal,754.6375545119613,Fair,,0.5349956261169356,2020-04-12,0
C00745,59.0,Female,West,Bachelor,Self-Employed,82386.11840981385,30286.406100730812,Business,718.4997058959979,Good,45.0,0.40518505955407136,2020-09-14,0
C00746,26.0,Male,East,Bachelor,Salaried,83993.43652645535,16766.241540955278,Personal,,Good,50.0,0.31076443529098474,2021-09-21,0
C00747,67.0,Male,West,Bachelor,Salaried,54673.787779129365,13130.765845406448,Home,722.914030236357,Fair,,0.4945312291580227,2020-05-13,0
C00748,44.0,Male,South,Bachelor,Salaried,98033.12153449934,24751.179533384053,Auto,623.2415128070709,Good,47.0,0.3032627484108281,2017-02-01,0
C00749,19.0,Female,East,Bachelor,Unemployed,65895.77361035817,36024.25145626405,Education,540.0116311440584,Good,,0.1704200213695134,2022-05-13,0
C00750,22.0,Female,West,High School,Business,98200.12214428702,33416.775610499884,Personal,651.5815726724508,Good,52.0,0.8192020496569893,2017-01-11,0
C00751,46.0,Female,West,Bachelor,Business,41065.809207096005,19262.395587276133,Business,537.0549503744911,Poor,46.0,0.6039114345777639,2015-12-17,0
C00752,54.0,Female,South,nan,Self-Employed,38005.096352927314,11168.174305184197,Home,709.3556230613797,Fair,47.0,0.40911920963008097,2019-04-05,0
C00753,55.0,Female,South,Master,Self-Employed,52158.767407974825,17679.07530977316,Personal,710.4410066755158,Good,41.0,0.47967798353784163,2022-06-19,1
C00754,36.0,Male,South,High School,Salaried,55010.89077349905,3100.911401904581,Auto,584.0022545352303,Fair,45.0,0.8351032624682352,2021-01-10,0
C00755,25.0,Female,South,High School,Salaried,93777.17150780026,14442.94875215982,Auto,660.9198130119247,Good,43.0,0.3718669796799793,2019-01-07,0
C00756,65.0,Female,South,PhD,Salaried,72333.57725113934,24505.459456939017,Business,660.2036925643581,Poor,41.0,0.42314709033675424,2015-07-16,0
C00757,62.0,nan,South,Bachelor,Business,46018.932951836905,16322.929159634314,Personal,715.3972536325431,Fair,43.0,0.751168349164468,2015-03-09,0
C00758,18.0,Female,West,Bachelor,Salaried,65278.972790589294,13995.508599734061,Personal,556.6198809512114,Good,49.0,0.2704442192762465,2022-12-11,0
C00759,39.0,Male,North,Master,Business,54298.705396285426,19445.11395632768,Personal,694.9615642676135,Fair,42.0,0.6603731694861206,2019-10-31,1
C00760,69.0,Male,East,Bachelor,Self-Employed,44906.047141749645,17306.461833267065,Auto,551.2423061745868,Fair,37.0,0.4691752346403959,2018-02-15,0
C00761,34.0,Male,North,Bachelor,Self-Employed,63006.455877558416,27554.93140430379,Personal,708.2891553254653,Poor,57.0,0.5251347807572874,2022-10-17,0
C00762,24.0,Female,South,nan,Salaried,60228.597237698275,6732.437994555663,Personal,729.7023050999859,Fair,46.0,0.7688481322776801,2021-08-27,0
C00763,42.0,Female,North,Bachelor,Salaried,45858.03455039395,25264.675646146836,Personal,599.7806454770081,Good,41.0,0.944162502867695,2019-09-29,0
C00764,62.0,Male,South,High School,Salaried,45590.89946343612,19538.616342095596,Personal,741.4346649906155,Good,50.0,0.8067851354165498,2018-11-15,1
C00765,21.0,Female,West,High School,Business,85364.91441474471,24342.781606612072,Business,531.9475277735909,Good,51.0,0.23646237140821352,2021-06-30,0
C00766,53.0,Male,West,High School,Salaried,75585.39638562946,6108.980200808575,Auto,732.4687583907911,Good,50.0,0.2908690599543302,2016-07-02,0
C00767,23.0,Female,North,Master,Business,88591.71824017412,28830.463224629908,Education,757.884217862198,Good,42.0,0.4484409055682208,2015-04-28,0
C00768,48.0,Male,South,High School,Business,57906.20592945725,25430.40544172556,Business,675.9361395613648,Good,39.0,0.7113425419158724,2016-05-28,0
C00769,36.0,Male,South,High School,Salaried,37806.60699691803,36732.075106392454,Personal,635.3355664227979,Good,32.0,0.5329654905221968,2016-11-19,0
C00770,61.0,Male,West,PhD,Business,,11672.630964150218,Education,673.4314865074942,Fair,35.0,0.8665305739671643,2018-06-08,0
C00771,71.0,Female,West,High School,Self-Employed,90682.85014925011,14150.238970418135,Home,604.7181223451655,Fair,58.0,0.14137415831686595,2017-11-06,0
C00772,56.0,Male,East,High School,Business,24989.890036751,2158.173528007497,Education,846.8470009372058,Good,39.0,0.3197394319910478,2019-02-28,0
C00773,44.0,Male,East,High School,Salaried,101117.77211308444,11764.01654830729,Business,606.0101532174282,Good,48.0,0.2863808535661947,2021-06-12,0
C00774,27.0,Female,West,High School,Salaried,37246.0089088666,34343.04152580655,Auto,748.8050877242989,Good,42.0,0.7325453053829732,2016-01-05,0
C00775,43.0,Male,North,Bachelor,Salaried,,22950.62863732355,Business,594.4079436931893,Poor,50.0,0.4950558159608953,2019-02-04,0
C00776,36.0,Female,South,PhD,Salaried,39488.536269778284,12736.430853098584,Auto,769.7606209627737,Good,46.0,0.11276108459726589,2019-01-24,0
C00777,56.0,Female,West,Master,Business,50120.79875232395,21330.913607549926,Auto,800.9246436316378,nan,45.0,0.7574212395645084,2020-09-06,0
C00778,20.0,Male,East,Bachelor,Business,15000.0,19384.495803276786,Auto,,Poor,50.0,0.40753268268727094,2017-06-08,0
C00779,62.0,Female,East,Bachelor,Unemployed,111344.9640256199,1000.0,Home,671.4992951425363,Poor,48.0,0.32139130469293903,2023-01-08,0
C00780,30.0,Male,East,Bachelor,Salaried,79370.768751216,2718.430833214723,Education,578.2565731411567,Good,32.0,0.25531002976779005,2018-10-20,1
C00781,67.0,Female,South,High School,Salaried,80842.46288406276,31067.746252602665,Business,569.3249292823787,Good,51.0,0.9041103587167337,2022-05-10,0
C00782,45.0,Male,East,High School,Self-Employed,52678.3044332024,27366.107642068844,Business,672.3435953874222,nan,42.0,0.9007323234935474,2016-09-09,0
C00783,37.0,Female,East,PhD,Salaried,41731.14124375299,5154.700735444227,Auto,759.364435788584,Good,48.0,0.1650699549544592,2015-08-03,0
C00784,45.0,Male,South,High School,Salaried,84413.26518094468,18731.332199621134,Home,,Good,54.0,0.2978522557049821,2019-06-11,0
C00785,25.0,Female,East,High School,Self-Employed,34921.88520628033,12842.95167278498,Home,815.594691334564,Good,35.0,0.6492014237704195,2020-06-16,0
C00786,58.0,Male,West,Bachelor,Salaried,60821.82849401992,30888.37765398461,Personal,604.2390545277622,Good,44.0,0.669860959621567,2022-12-27,0
C00787,56.0,Male,North,Bachelor,Self-Employed,33731.747088532036,24475.691780890258,Home,667.2043955562478,Poor,46.0,0.45502098226766696,2022-01-30,0
C00788,18.0,Male,South,High School,Salaried,68098.71116463332,8953.950458446261,Auto,667.4012349802741,Good,40.0,0.5832333791403822,2018-07-14,0
C00789,20.0,Male,South,High School,Self-Employed,17077.180888217896,21202.408343239676,Auto,642.3849218573362,Fair,47.0,0.6972359957282118,2020-06-25,0
C00790,30.0,Female,East,Bachelor,Business,27985.530665974322,19588.8926783597,Education,496.71293627553274,Fair,46.0,0.9079328234581111,2019-07-18,1
C00791,45.0,Male,North,Bachelor,Salaried,43504.51364169043,19616.28065705671,Auto,603.5695174676828,Good,44.0,0.7163429910767637,2019-02-25,1
C00792,74.0,Female,East,High School,Unemployed,80368.82685263299,14898.806149590104,Education,664.9729469227154,Fair,46.0,0.19373003631250174,2015-06-21,0
C00793,66.0,Female,West,Bachelor,Self-Employed,51717.05721845171,20248.253541608654,Home,642.801117801484,nan,43.0,0.710169622046887,2020-03-14,0
C00794,42.0,Female,South,Bachelor,Unemployed,89589.95807786756,11492.301916588196,Personal,697.7151994552087,nan,49.0,0.15756737925826972,2019-10-21,0
C00795,73.0,Male,West,Master,Salaried,102517.45694148661,8121.920929155116,Business,706.7626933993889,Fair,60.0,0.5271311514565782,2020-08-06,0
C00796,50.0,Male,nan,Bachelor,Self-Employed,57283.92175779266,7534.525158400891,Auto,631.9941154115818,Good,,0.5478609547844583,2017-03-14,0
C00797,55.0,Female,North,High School,Salaried,28038.81449322922,9508.953541232917,Home,577.8177220763415,Good,50.0,0.7615249998501614,2018-11-01,0
C00798,70.0,Male,North,Bachelor,Business,89141.9989069012,24222.831295033615,Auto,766.123827903756,Good,31.0,0.10982485199444805,2022-05-27,0
C00799,23.0,Male,nan,Master,Self-Employed,26460.8457036283,24494.718375951026,Education,548.3403252113261,Good,46.0,0.8435392570352285,2015-11-12,0
C00800,61.0,Female,nan,High School,Self-Employed,42418.40737236284,34605.252934756354,Home,605.3519582425888,Good,52.0,0.6643020202518255,2016-04-15,0
C00801,62.0,Female,North,Bachelor,Unemployed,22473.393226840322,17715.309426776552,Business,586.2530057019649,Good,49.0,0.12651222248485963,2019-06-21,1
C00802,49.0,Female,North,High School,Salaried,89079.11813385856,27014.091946752975,Education,705.984321635158,Good,47.0,0.2360257345513627,2021-03-03,0
C00803,62.0,Male,North,High School,Salaried,79302.14206386058,20470.626131841425,Home,748.7766480860444,Good,36.0,0.13358990048032465,2018-01-05,0
C00804,64.0,Female,nan,Bachelor,Self-Employed,105457.14312394027,22995.98232759611,Business,636.9729968366792,Good,51.0,0.751048660383695,2019-01-18,0
C00805,38.0,Male,North,High School,Self-Employed,53968.60976224826,28083.67430057923,Education,667.2332570251184,Good,45.0,0.24526932854736413,2021-08-21,0
C00806,33.0,Male,East,Master,Salaried,44400.621039730424,25820.47080577416,Business,682.1578865741863,Fair,39.0,0.13875998611654394,2019-04-23,0
C00807,71.0,Female,West,Bachelor,Self-Employed,51879.734141575995,21084.39989727473,Home,785.3003073941645,Good,39.0,0.21728957205121632,2019-05-20,0
C00808,38.0,Male,North,Bachelor,Student,31680.7306267557,13864.24080609053,Education,516.9819918340118,Fair,43.0,0.5756234533328045,2022-07-01,0
C00809,28.0,Male,East,Bachelor,Business,100716.29451572237,22757.98409081033,Personal,705.8166424345196,Poor,34.0,0.5211635464760889,2019-02-13,0
C00810,54.0,Male,South,Bachelor,Salaried,149415.847715682,33643.011694937864,Auto,678.2393560954628,Good,45.0,0.30931875004228226,2017-05-03,0
C00811,53.0,Female,West,High School,Salaried,46904.705053073965,21753.323972684677,Personal,622.1870356065634,nan,51.0,0.9014949886240097,2021-08-27,0
C00812,52.0,Female,South,Master,Student,79817.45202270578,16046.590869169497,Business,,Fair,46.0,0.8265875358325154,2021-01-07,0
C00813,36.0,Female,East,nan,Business,61112.77186319022,28214.00302856109,Home,705.5621731872438,Good,49.0,0.36729179867861284,2018-11-07,1
C00814,37.0,Female,East,High School,Unemployed,76043.51070421227,6148.7660931539485,Auto,693.7372034362102,Good,50.0,0.5033861421758242,2015-12-30,0
C00815,74.0,Male,North,High School,Salaried,91492.46714510348,16400.464965980085,Home,811.8875454437224,Poor,56.0,0.5392997134339174,2021-07-10,1
C00816,35.0,Male,North,High School,Business,36422.715779140795,10192.250798483528,Business,659.5611190845264,Good,55.0,0.7427494086772662,2021-05-23,0
C00817,64.0,Male,South,Bachelor,Business,53035.23620923518,18785.13869467016,Home,652.0178887467745,Good,29.0,0.46375457161467504,2023-02-19,0
C00818,58.0,Male,South,Bachelor,Salaried,95078.8889984171,32464.800012775777,Education,636.4025910747669,Poor,41.0,0.5645001505259509,2015-11-19,0
C00819,66.0,Male,West,Master,Self-Employed,77720.87236352017,26408.79637256476,Education,691.4734127859416,Fair,39.0,0.45068072963736205,2021-10-09,0
C00820,31.0,Female,West,Master,Self-Employed,73182.99356819723,1320.4288567575968,Business,647.5956303885539,Fair,40.0,0.7483976895464436,2022-06-05,0
C00821,32.0,Male,South,Bachelor,Self-Employed,77742.09601865541,13812.858053502754,Home,650.9906858798576,Poor,46.0,0.5725438881748033,2017-03-11,0
C00822,48.0,Male,East,Bachelor,Business,80197.28773041339,5009.352692465214,Business,651.3372395004693,Fair,43.0,0.8036135186222624,2019-06-21,0
C00823,18.0,Male,East,Bachelor,Business,93944.08546842803,30582.89178098862,Auto,639.904357288243,Good,39.0,0.14567542042026047,2016-02-11,0
C00824,70.0,Male,West,Bachelor,Unemployed,83844.34095823049,14175.328351606368,Home,604.3495398385694,Good,48.0,0.8686604066443464,2021-07-23,1
C00825,71.0,Female,South,Bachelor,Business,63731.833087573024,20758.928207748537,Education,681.3579903647683,Fair,56.0,0.7964818782304693,2017-03-31,0
C00826,71.0,Male,South,Bachelor,Self-Employed,73825.90958912666,21240.424235805687,Personal,628.6214326237535,Good,43.0,0.7957289917229118,2020-12-31,0
C00827,20.0,Male,South,Bachelor,Salaried,63314.27509143125,22058.551698477735,Education,696.0259627115333,Good,46.0,0.2192625134263088,2016-02-25,0
C00828,33.0,Female,East,Bachelor,Business,46346.40741154074,1000.0,Home,658.3075721695998,Good,53.0,0.32395194362044777,2018-11-13,0
C00829,40.0,Male,South,Bachelor,Self-Employed,63709.31369945832,23611.2743663948,Home,621.0068842753215,Good,49.0,0.9332223818324598,2021-04-01,0
C00830,74.0,Male,South,Master,Salaried,62154.73619201521,14515.369360905413,Home,767.3622803776299,Good,44.0,0.9077338007723281,2016-10-12,0
C00831,28.0,Male,North,Bachelor,Self-Employed,22547.701055074394,28458.011890203357,Home,642.3265560839768,Fair,34.0,0.29256297221101313,2017-02-18,0
C00832,29.0,Female,East,Bachelor,Salaried,84373.37398555124,22027.61269076263,Auto,,Fair,40.0,0.4679672696329532,2021-05-13,0
C00833,27.0,nan,North,Bachelor,Self-Employed,88611.58614071555,26316.983467547398,Personal,597.5012820505924,Good,43.0,0.23255164139307463,2021-09-15,0
C00834,49.0,Female,North,Bachelor,Salaried,78595.22266158115,12718.350998617021,Education,498.08455016516155,Fair,54.0,0.3232424461074153,2022-05-25,0
C00835,33.0,Male,South,High School,Salaried,87117.64549307135,8710.813873532441,Auto,607.4750624242215,Fair,35.0,0.2570192192588463,2022-06-01,0
C00836,25.0,Female,North,High School,Student,60602.271611211254,28903.493473142284,Business,489.6913470200154,Good,45.0,0.16879647680492957,2018-12-04,0
C00837,55.0,Male,East,Bachelor,Business,52148.147217486694,25634.045049040575,Home,632.2352849885564,Good,49.0,0.5925570360133572,2019-02-05,0
C00838,29.0,Male,South,Bachelor,Business,88722.634259918,22222.144080146438,Education,760.1485260904291,Good,55.0,0.3046678388346864,2021-12-10,0
C00839,41.0,Male,South,nan,Self-Employed,38530.41397686981,22207.769001409793,Business,,Fair,51.0,0.9434043850210877,2017-12-22,0
C00840,45.0,Male,East,Bachelor,Business,37663.98935703605,24206.27606054048,Personal,492.0467106804359,Good,49.0,0.5381237882907369,2018-02-11,0
C00841,70.0,Female,North,Bachelor,Business,76203.46818516769,7077.40908031919,Education,762.5192743259395,Good,50.0,0.4052301723727756,2021-08-17,0
C00842,25.0,Female,North,High School,Self-Employed,75519.07994229282,30755.67937999995,Auto,614.3483927506811,Good,34.0,0.8761878456923861,2017-06-05,0
C00843,45.0,Female,West,High School,Student,88251.81148255579,18459.44261188389,Business,648.8196213373484,Poor,44.0,0.6276342504903903,2018-03-17,0
C00844,53.0,Female,South,Master,Salaried,22238.941246796006,18744.62320108876,Education,709.1209976848307,Fair,48.0,0.20801699629209602,2021-06-24,0
C00845,43.0,Female,South,High School,Unemployed,62556.44398016252,15818.84325400479,Auto,689.2379573741862,Good,49.0,0.5231473880355068,2016-09-08,1
C00846,25.0,Male,North,Bachelor,Salaried,36740.83197836437,1000.0,Home,706.2884314708901,Poor,46.0,0.4749172781480898,2020-12-05,0
C00847,67.0,Male,South,Bachelor,Self-Employed,86382.35533005784,25751.97065651539,Education,717.5321742159068,Good,37.0,0.7503622581470046,2022-09-15,0
C00848,45.0,Female,East,Bachelor,Salaried,98343.72621568792,10016.11655374735,Home,519.0414025557909,Fair,50.0,0.689711020946841,2015-08-31,0
C00849,45.0,Male,East,Master,Self-Employed,77612.39192138266,21080.582507947893,Business,543.9239194894985,Good,50.0,0.415172621516366,2017-06-26,1
C00850,54.0,Female,East,Bachelor,Self-Employed,51053.803618664075,11797.882800389989,Business,737.8377246971631,Good,40.0,0.4990574228308713,2016-06-27,0
C00851,58.0,Male,North,High School,Student,46285.37118316765,16564.742241176224,Business,591.3695642681234,Fair,33.0,0.540969853952623,2022-04-20,0
C00852,53.0,Male,South,Master,Student,54704.285066882454,16008.469444689501,Home,599.551561627733,Fair,47.0,0.45909179164340297,2015-04-07,0
C00853,44.0,Male,West,Master,Student,43971.89019569274,11566.581706026673,Home,555.2868108376762,Good,46.0,0.1915631679271274,2015-10-31,0
C00854,71.0,Male,West,High School,Salaried,61018.97127470105,17741.04166237777,Auto,619.6289082989389,Good,51.0,0.8696289977924906,2017-09-17,0
C00855,34.0,Male,North,High School,Student,46228.36457192375,15190.899957005888,Education,623.8012952236646,Good,41.0,0.6716759926002968,2020-07-09,0
C00856,26.0,Female,South,High School,Self-Employed,30458.772255174088,9595.351611229184,Auto,579.6904484236131,Fair,38.0,0.4992622113991504,2018-04-25,0
C00857,50.0,Male,North,High School,Unemployed,74516.16069862898,31728.707438555968,Home,571.0187941343191,Good,35.0,0.5841489039474863,2018-07-23,0
C00858,70.0,Female,North,nan,Salaried,76445.60053126665,11985.595958509446,Education,673.8997319131779,Fair,54.0,0.2811890746754033,2022-04-18,0
C00859,37.0,Male,South,Bachelor,Self-Employed,107485.49981004225,25620.740062449833,Business,589.4248049833678,Poor,49.0,0.5509728828617934,2017-05-18,1
C00860,30.0,Male,North,Bachelor,Student,54170.15626664362,26682.38608239461,Auto,604.5265807266304,Good,57.0,0.7341236110422935,2022-10-23,0
C00861,45.0,Male,East,Master,Unemployed,17744.88358377677,29239.322440179007,Auto,486.02912399194395,Poor,35.0,0.5536232098364849,2019-04-25,0
C00862,65.0,Female,East,Bachelor,Self-Employed,85382.5355665051,14545.1546414649,Auto,795.3650181898269,Good,56.0,0.5085655667581274,2015-04-29,0
C00863,46.0,Male,North,Bachelor,Business,88193.90637118822,18012.604445642086,Home,720.6368022106026,Fair,41.0,0.49302781991851263,2017-08-14,1
C00864,30.0,Female,North,PhD,Salaried,93550.04095205873,18321.58363487115,Education,612.8895460004793,Fair,43.0,0.7473793742341938,2019-05-11,1
C00865,63.0,Male,West,Master,Business,101783.10841789903,25272.144840151144,Business,582.5689298256709,Good,34.0,0.7403387191492266,2019-12-11,1
C00866,52.0,Female,North,Master,Self-Employed,102138.2682254459,17576.266718759274,Home,650.8166597924844,Good,47.0,0.7375596937516038,2015-07-23,0
C00867,23.0,Male,East,Bachelor,Salaried,40580.588804169456,24584.798604776835,Business,648.759980780176,Poor,55.0,0.30924449822538497,2020-09-12,1
C00868,35.0,Female,South,Master,Salaried,103701.93887077158,17442.080227728256,Personal,554.3025072864015,Good,45.0,0.6252107226854505,2022-01-09,0
C00869,68.0,Female,East,High School,Salaried,56799.11737952818,31171.961643417962,Personal,458.709782830823,Good,45.0,0.7620712160583271,2016-07-11,0
C00870,22.0,Female,South,Bachelor,Business,,19882.56847978435,Business,610.5443069362499,Good,42.0,0.5776101289591354,2019-10-07,0
C00871,64.0,Male,North,nan,Salaried,71487.31802577115,18679.05023043752,Personal,532.7469101825366,Good,43.0,0.7621307461697033,2021-09-19,1
C00872,42.0,Male,North,High School,Self-Employed,40681.27239133039,23395.07768372794,Education,662.8534960042656,Good,44.0,0.8262428885707475,2015-12-21,0
C00873,19.0,Male,North,Master,Salaried,94008.95868641237,36355.00297223499,Education,663.3561174995506,Good,52.0,0.24780655062648074,2020-07-13,0
C00874,27.0,Female,South,Bachelor,Self-Employed,53597.46210708886,13948.147224695316,Home,577.0090476243569,Good,39.0,0.360389701719945,2018-03-20,0
C00875,73.0,Female,East,High School,Business,111469.36071431631,30394.249952586815,Business,609.906179925841,Fair,58.0,0.611113197361378,2020-12-01,0
C00876,47.0,Female,South,Master,Self-Employed,45918.92003348046,11824.137883370182,Home,782.2281268983563,Good,33.0,0.34622662839469753,2019-05-19,0
C00877,67.0,Male,North,High School,Self-Employed,39888.721465388284,20438.291476853075,Education,708.1346394703222,Good,50.0,0.9001775711052364,2016-08-30,0
C00878,62.0,Male,East,Bachelor,Self-Employed,48428.23475927329,12052.243308314615,Education,616.0810421968322,Good,51.0,0.26501410394213265,2018-04-10,0
C00879,22.0,Male,East,High School,Salaried,102380.03186071994,16286.879853470358,Education,821.8969495201984,Good,31.0,0.4034057812063181,2015-01-11,0
C00880,72.0,Female,nan,PhD,Unemployed,25820.001589320724,13214.539381917006,Auto,560.2296941021266,Good,48.0,0.945160357182939,2019-05-23,0
C00881,73.0,Female,East,High School,Salaried,87826.66173590142,26982.175508037493,Personal,589.0478956387584,Good,38.0,0.2608044841619625,2015-11-13,1
C00882,50.0,Female,South,High School,Salaried,110809.0127341236,15027.558604507476,Home,641.7114371969054,Good,45.0,0.4814950518490484,2022-03-20,1
C00883,71.0,Male,East,High School,Business,60765.45691353558,25302.07014105081,Home,535.1744700967763,Good,53.0,0.3667149539320632,2016-11-21,0
C00884,18.0,Female,West,PhD,Salaried,55172.84040518299,14731.710273747936,Education,784.2731873470885,Fair,47.0,0.7883293119668646,2015-03-04,0
C00885,35.0,Female,West,Master,Business,66997.3988240762,19944.616457866443,Auto,663.736402903196,nan,47.0,0.3585251536146066,2015-01-10,0
C00886,49.0,Male,South,Master,Salaried,36939.770954962245,34575.98478471245,Home,590.7538357325154,Good,41.0,0.23721461136062696,2016-05-13,1
C00887,64.0,Female,North,Bachelor,Business,131206.60582255654,12545.08730680485,Home,683.5840213553571,Fair,39.0,0.8931648608087371,2023-02-14,0
C00888,66.0,Female,South,Bachelor,Salaried,81745.2607417536,12734.717316062859,Auto,660.9541886223418,Good,39.0,0.3697920197543393,2019-03-17,0
C00889,28.0,Female,East,High School,Salaried,34487.10119778916,17537.91523164513,Education,627.1511686905615,Fair,43.0,0.7304854009807508,2019-05-03,0
C00890,38.0,Female,East,Bachelor,Salaried,44820.31076659571,19824.185513617656,Auto,559.361362488389,Fair,54.0,0.3469825664627961,2020-03-25,1
C00891,43.0,Male,East,High School,Business,69478.34475607476,26208.041800195777,Personal,542.284105585317,Fair,46.0,0.2517943867591683,2021-01-12,0
C00892,42.0,Male,North,nan,Student,32639.412352542317,20429.848930923552,Home,814.010074808242,Poor,47.0,0.782050355180673,2021-01-28,1
C00893,39.0,Female,East,Master,Self-Employed,27391.97267280693,22451.970901818382,Personal,548.5448836167502,Good,54.0,0.14724468920774253,2015-08-25,0
C00894,44.0,Male,West,Bachelor,Business,72344.202024486,8456.725006377284,Home,777.3474139513531,Good,45.0,0.382176928480206,2018-02-14,1
C00895,66.0,Female,South,High School,Self-Employed,90149.95849081705,23015.685285863645,Personal,586.6430639288034,Good,44.0,0.7630694174445022,2015-08-28,1
C00896,30.0,Female,East,Master,Student,87880.54906261052,23283.008823800916,Home,709.2524425655242,Fair,41.0,0.535316893354522,2021-08-30,0
C00897,50.0,Female,South,High School,Business,63506.56075467539,26716.002152234338,Education,684.9074817560585,Fair,48.0,0.6861377449131688,2019-06-29,0
C00898,51.0,nan,West,High School,Salaried,58137.264809430766,16716.48078094073,Business,699.9064025222312,Good,50.0,0.15679437113885691,2016-07-23,0
C00899,58.0,Male,West,High School,Business,66291.75472251084,19932.658542376284,Auto,704.9010704180142,Good,52.0,0.7373384923207807,2015-06-19,0
C00900,52.0,Male,East,Bachelor,Self-Employed,89803.17596892652,27063.567623952877,Home,529.1325783246867,Fair,48.0,0.24614934475938907,2019-12-14,0
C00901,18.0,Male,East,Master,Salaried,33580.79963851228,9413.580292145338,Auto,599.2740505644367,Good,40.0,0.7873984307256768,2016-02-25,0
C00902,38.0,Male,West,Bachelor,Salaried,45564.558945020195,2050.2009827667753,Home,547.3964030586715,Good,42.0,0.5795485121685274,2020-05-17,0
C00903,65.0,Male,South,High School,Unemployed,55555.85066519024,8910.510472956721,Business,664.1975795635698,Good,46.0,0.728287545336773,2017-11-12,0
C00904,72.0,Male,South,Bachelor,Unemployed,58944.01635802331,13606.801702074685,Education,550.749175090683,Good,45.0,0.2809077877879567,2021-06-01,0
C00905,23.0,Female,West,Master,Business,63638.22707255721,30724.06086496827,Education,501.42146171950844,Good,43.0,0.4361116804729661,2019-05-31,0
C00906,45.0,Female,North,High School,Student,64377.432840929505,40292.520611586806,Auto,632.1891997592319,Good,42.0,0.781758932586801,2021-03-18,0
C00907,34.0,Male,South,High School,Business,81850.61777074532,10905.570533111206,Business,484.3190710634416,Good,41.0,0.8741838201584201,2021-03-31,0
C00908,22.0,Male,West,PhD,Salaried,20929.5944455946,19158.076089616192,Auto,669.4053646040718,Poor,36.0,0.29258636600235244,2020-03-30,0
C00909,48.0,Female,East,nan,Salaried,24963.998688053296,14731.421923274109,Education,555.6777857466694,Good,63.0,0.7743846109743415,2017-06-27,1
C00910,22.0,Male,South,nan,Salaried,48370.14078838634,24811.95099137532,Personal,586.9565188939829,Fair,58.0,0.19227190160887453,2016-04-18,0
C00911,55.0,Male,North,Master,Salaried,86589.73389800247,22798.95668981869,Auto,478.9688020131725,Fair,51.0,0.4618863622928394,2016-04-25,0
C00912,20.0,Male,South,High School,Salaried,48701.255528611386,11234.160115652894,Home,773.7576660356409,Poor,38.0,0.8979117165363946,2018-01-26,1
C00913,70.0,Female,South,High School,Self-Employed,63972.94401814288,13788.561210105983,Education,540.2813834766441,Fair,44.0,0.9033660128343785,2019-12-17,1
C00914,40.0,Male,North,Bachelor,Business,68203.51057530026,18569.794485056485,Home,622.6999074089078,Fair,67.0,0.35217987173351306,2017-02-16,0
C00915,54.0,Female,East,Bachelor,Unemployed,72902.41888651568,32302.529817992065,Business,515.6196055654066,Fair,38.0,0.2639763955946341,2021-02-18,0
C00916,70.0,Male,South,nan,Self-Employed,104114.37780499167,13462.093176293456,Education,587.3249143714421,Good,55.0,0.22706341489400397,2022-11-07,0
C00917,54.0,Female,South,Master,Unemployed,82366.10445844781,4486.4077910342185,Education,781.3866335768157,Good,44.0,0.5087439655353165,2015-11-15,0
C00918,27.0,Male,South,Master,Self-Employed,89936.57855965564,33030.226301042414,Auto,672.3107551449011,Good,39.0,0.17826530228371296,2019-08-20,0
C00919,27.0,Male,nan,High School,Unemployed,61830.09064698235,24972.931821332182,Auto,595.7276752767066,Good,46.0,0.4033250945868443,2021-10-21,0
C00920,36.0,Female,South,PhD,Self-Employed,101837.59637574799,8371.132898772674,Home,647.4369890258403,Good,44.0,0.11445944910587201,2016-09-29,0
C00921,34.0,Female,North,Master,Salaried,66790.19155668055,23063.428393704315,Auto,607.9580707485042,Good,43.0,0.3204883943366282,2015-03-27,0
C00922,38.0,Female,North,High School,Unemployed,16116.995104275215,28116.673629600005,Personal,643.068456512931,Good,54.0,0.865235366611373,2022-02-22,0
C00923,31.0,Female,East,Master,Salaried,126459.66657069164,20937.455203352412,Education,705.790153927472,Fair,47.0,0.4799316343329614,2019-05-20,0
C00924,26.0,Female,East,High School,Self-Employed,66154.56505475687,33625.76860422063,Business,625.1676507569721,Poor,55.0,0.16268362887294735,2021-04-15,0
C00925,63.0,Female,South,High School,Salaried,78244.31254037928,25553.281472039052,Education,666.4993605443829,Good,45.0,0.6498112696817642,2017-02-15,0
C00926,18.0,Female,South,Bachelor,Self-Employed,38284.763440374954,23054.95486072813,Home,667.7371623236191,Good,42.0,0.91228852658749,2015-01-23,0
C00927,68.0,Male,North,Bachelor,Student,119927.98622763657,22038.84071759654,Auto,625.5390764526693,nan,49.0,0.4938964810848182,2022-09-12,0
C00928,62.0,Male,East,High School,Salaried,45168.652132986215,21358.943641868715,Education,594.8055507747458,Fair,52.0,0.6306446814315555,2021-03-09,0
C00929,30.0,Male,East,Bachelor,Unemployed,55368.829747675314,28780.680089791214,Auto,610.6112482546655,Poor,50.0,0.8815053058034283,2023-02-25,0
C00930,21.0,Female,North,nan,Salaried,26772.635827191647,18504.179053361488,Home,702.4388938651308,Good,53.0,0.4562345103115667,2019-04-01,0
C00931,18.0,Male,North,Bachelor,Salaried,74114.44240069395,29495.33267889979,Auto,708.6812528731588,Fair,45.0,0.6648987849111181,2020-06-28,0
C00932,66.0,Male,North,Master,Salaried,57962.11551823903,23119.37625540629,Business,564.6654251548647,Fair,53.0,0.47459863313637163,2019-03-13,0
C00933,57.0,Female,North,High School,Business,26410.145288949047,21055.62396738089,Home,630.4257999208994,Good,47.0,0.9178113300468405,2018-06-15,0
C00934,49.0,Female,East,High School,Salaried,63310.72680528381,16919.620923589835,Education,593.5308598173249,Good,47.0,0.528231337026329,2016-12-02,0
C00935,51.0,Female,North,High School,Self-Employed,67369.87399190178,17013.122015837485,Education,709.9964322287105,Good,38.0,0.852804960545516,2016-12-27,0
C00936,45.0,Male,South,High School,Salaried,58813.09979897533,23190.195180651765,Business,614.6597720165074,Good,47.0,0.5311187236782534,2022-03-09,0
C00937,48.0,Female,North,High School,Salaried,19477.80061357151,30131.034272295656,Personal,815.0692863178526,nan,42.0,0.6681281703756926,2019-09-12,0
C00938,25.0,Male,nan,High School,Business,72269.89518074392,25043.991965754543,Auto,666.3423042422789,Good,46.0,0.4282202641127877,2022-04-26,0
C00939,56.0,Male,West,Bachelor,Salaried,33308.99258382991,12855.279936140514,Education,738.6497340667416,Fair,41.0,0.8799218067172908,2019-08-14,0
C00940,43.0,Male,North,Bachelor,Salaried,87230.42540119667,4010.7263405789054,Business,573.9041879897476,Fair,52.0,0.6499008249401347,2017-06-08,0
C00941,51.0,Male,South,Master,Salaried,51114.7253245915,27397.58183977438,Auto,650.8791611814399,Good,36.0,0.11692548040104098,2021-08-14,1
C00942,71.0,Male,North,High School,Self-Employed,88190.47226538218,46829.68275463645,Home,696.2129823777668,Fair,42.0,0.11329499748880387,2017-02-14,0
C00943,71.0,Female,South,Bachelor,Self-Employed,65352.0714950444,17241.387975937796,Business,572.502481863365,Good,49.0,0.6747508906346741,2019-04-25,0
C00944,20.0,Male,North,High School,Salaried,66634.87051087384,15363.866621963967,Home,651.5257033857933,Good,37.0,0.19712853292754673,2019-09-26,0
C00945,67.0,Female,East,Bachelor,Salaried,96907.43473831518,28205.26208387295,Home,728.8894274150402,nan,,0.7087397507948865,2016-03-07,0
C00946,29.0,Female,East,High School,Salaried,44618.359391010476,11391.169029164197,Home,625.4412494057385,Good,50.0,0.3737142628166711,2020-12-10,0
C00947,18.0,Male,West,nan,Salaried,37605.651672251304,34961.98354827498,Auto,586.1185621570531,Good,63.0,0.5580817263778103,2019-09-06,1
C00948,71.0,Female,North,Master,Unemployed,78892.54348848958,24123.101940335335,Personal,785.2219591604388,Fair,39.0,0.24823964940356583,2022-03-15,1
C00949,61.0,Male,West,Bachelor,Business,32148.778921097524,19733.88098038867,Home,562.1191023765276,Fair,33.0,0.30928852864394774,2015-01-03,0
C00950,22.0,Female,West,High School,Self-Employed,45030.5319325437,12258.847704814438,Education,661.6917971286191,Fair,45.0,0.47138008864288183,2017-05-02,0
C00951,47.0,Male,North,Bachelor,Salaried,25520.95966443886,28820.68997323182,Auto,596.8792746247395,Poor,44.0,0.6656559406387313,2017-12-31,1
C00952,47.0,Male,South,Master,Business,93795.5640554845,15558.0269685723,Auto,579.7374320856836,Good,45.0,0.23237189114194626,2015-05-25,0
C00953,74.0,Male,North,High School,Business,39933.123107981504,27092.146838868117,Home,705.6242812027444,Fair,37.0,0.33909066541864896,2018-08-01,0
C00954,34.0,Female,South,Bachelor,Self-Employed,48643.01560091882,23990.89344932287,Education,634.5848066253096,Poor,48.0,0.2759180416072655,2020-10-20,0
C00955,65.0,Female,South,Master,Business,32748.687688771053,32914.24119257751,Business,680.4414849064773,Good,42.0,0.8332731624633847,2020-05-11,0
C00956,64.0,Male,East,Master,Business,55364.46734595462,21589.77681039414,Auto,480.86407091561045,Good,46.0,0.6508055194431186,2017-12-02,0
C00957,40.0,Female,South,Master,Self-Employed,61426.39088652921,51163.4803301802,Home,687.7339836471546,Good,51.0,0.49822137632935803,2018-05-08,0
C00958,32.0,Female,West,Master,Salaried,85649.42641092518,25549.71529100137,Home,,Good,46.0,0.9049015960838406,2022-09-24,0
C00959,54.0,Female,North,PhD,Business,31951.091951741808,21462.70010361837,Personal,509.08610366312985,Good,38.0,0.7254523510841356,2016-02-13,0
C00960,38.0,Female,nan,Bachelor,Salaried,49976.9516769921,16109.549299430393,Personal,791.3554666090382,Fair,55.0,0.8923921966279488,2015-12-28,0
C00961,31.0,Female,North,Bachelor,Business,100568.46168883299,28766.70535266977,Business,695.076014487097,Poor,45.0,0.6079540161918897,2019-03-06,0
C00962,19.0,Female,West,Master,Business,91026.49512358267,16333.919052470988,Business,667.0458059509698,Fair,43.0,0.21734837459752784,2018-02-21,0
C00963,28.0,Female,South,Bachelor,Business,48054.86810631823,12257.963888911261,Business,743.7064137304899,Poor,44.0,0.6741130404784398,2021-06-16,0
C00964,68.0,Male,North,nan,Self-Employed,63763.17161690903,15313.152883457195,Business,668.5676961041402,Good,56.0,0.27126748655832394,2021-01-29,0
C00965,56.0,Male,West,High School,Salaried,114200.88098270456,18078.460644931485,Home,590.1039492392296,Good,44.0,0.3940733029175755,2021-11-27,0
C00966,55.0,Male,South,Bachelor,Salaried,35150.44324893761,42497.84022781442,Home,636.8774292138218,nan,44.0,0.5331752437409668,2018-05-22,0
C00967,51.0,Female,East,High School,Business,16968.47480624663,22924.730422230903,Home,599.122534010596,Poor,43.0,0.2337610847524456,2022-11-22,1
C00968,55.0,Female,East,High School,Unemployed,51597.64143954502,13389.946041043933,Education,612.4735330381468,Good,42.0,0.11766417542203106,2022-11-12,0
C00969,67.0,Male,South,High School,Self-Employed,62915.55276025229,30887.936331305387,Business,555.6722250605569,Fair,56.0,0.3780230488900935,2018-06-22,0
C00970,51.0,Female,South,Master,Salaried,44945.113614922346,21885.09284433645,Education,577.2484568149761,Good,36.0,0.8006684037251841,2017-12-13,0
C00971,35.0,Male,East,High School,Unemployed,89422.74833541266,32947.63431412261,Auto,717.0939149501506,Good,44.0,0.1130729670270313,2018-01-30,0
C00972,47.0,Male,North,Master,Student,70266.3922507878,39117.57801309897,Auto,674.9056579102436,Poor,48.0,0.19301884321542145,2019-03-01,1
C00973,32.0,nan,East,Bachelor,Salaried,49889.305800887676,5082.392374521736,Home,612.2740210601369,Fair,58.0,0.7858266282262104,2016-06-19,0
C00974,44.0,Male,West,High School,Self-Employed,51525.32529062228,1000.0,Auto,572.8976101652648,Good,49.0,0.35997394750752054,2022-03-06,0
C00975,68.0,Male,North,High School,Business,46341.30266507799,39914.6893988247,Home,619.595226589405,Good,49.0,0.8974814873088351,2019-12-30,1
C00976,51.0,Female,North,Bachelor,Business,85743.34702468423,13126.775747425438,Business,523.7112647774699,Good,44.0,0.42320752154345354,2022-04-12,0
C00977,69.0,Female,East,Master,Student,53186.65036794938,3014.9008100401807,Education,659.4972949568264,Fair,42.0,0.7771983397217819,2017-03-18,0
C00978,74.0,Male,South,Master,Salaried,35177.23801833547,14751.370618709876,Home,720.9103611494423,Good,39.0,0.3199713650728314,2015-06-06,0
C00979,55.0,Female,South,Master,Self-Employed,89047.53451285006,10323.891398200692,Personal,,nan,45.0,0.15255655265318094,2021-11-11,0
C00980,50.0,Female,North,nan,Self-Employed,58089.93791904998,12274.826798352404,Personal,567.2555958076912,Fair,43.0,0.8493213128571134,2018-07-19,0
C00981,41.0,Male,East,Bachelor,Unemployed,31002.503671895087,28557.43443556822,Business,717.7851834462957,Good,31.0,0.8882020043021392,2020-03-29,0
C00982,32.0,Male,North,PhD,Unemployed,107820.54299665228,16406.02964106205,Education,596.9591415726593,Fair,51.0,0.7018847092908355,2016-02-21,0
C00983,47.0,Female,South,Master,Student,80263.6734157672,3821.2715424550624,Home,565.365778246174,Good,40.0,0.7545576500567235,2021-06-25,0
C00984,72.0,Male,West,Master,Self-Employed,66156.22655163753,20325.401012872466,Business,565.3326403358018,Good,52.0,0.10605847707811561,2018-07-02,0
C00985,59.0,Female,South,High School,Business,59703.848611530906,11488.483065364035,Education,660.5551794820225,Good,50.0,0.7407499900108349,2018-03-26,0
C00986,68.0,Female,South,nan,Salaried,57991.50731643549,17506.522995065294,Personal,580.1904782230048,nan,50.0,0.5013669288555029,2018-08-21,0
C00987,34.0,nan,nan,Bachelor,Salaried,57481.533511665875,18078.954434501044,Home,604.4865671529886,Good,46.0,0.4848718864221191,2020-11-05,0
C00988,22.0,Male,East,Master,Salaried,58160.66141222441,28454.82284145223,Education,616.9699001947054,Fair,44.0,0.559059432399858,2022-07-16,0
C00989,46.0,Female,West,High School,Business,50257.367637219264,14946.120833629731,Auto,594.5024120075817,Good,56.0,0.33052868377811695,2020-08-14,0
C00990,21.0,Male,South,Bachelor,Student,62416.255572911825,26977.83390045574,Home,589.0561585475641,Good,26.0,0.6918452715892668,2022-08-07,1
C00991,27.0,Male,West,High School,Salaried,49763.04518726483,4048.8427763247455,Auto,467.8130178111144,Fair,37.0,0.3512505412229566,2018-12-31,0
C00992,73.0,Male,North,High School,Salaried,70586.3571534754,28987.64668739664,Business,656.5214967583902,Fair,47.0,0.5748156422722731,2019-04-29,0
C00993,34.0,Male,North,High School,Business,64413.073070280516,32989.30325732137,Education,655.0753617168839,Good,44.0,0.2163881444898047,2018-06-16,0
C00994,27.0,Female,North,Master,Self-Employed,47488.13900663177,17697.64875067492,Education,590.1991362698366,Good,35.0,0.6738142898492807,2018-03-04,1
C00995,34.0,Male,South,High School,Student,62829.48226780108,11814.097667509835,Education,677.0288202791278,Good,46.0,0.2611708498717206,2017-09-17,0
C00996,37.0,Male,West,Bachelor,Salaried,78573.4815501222,9223.991125352823,Education,754.7680649049264,Good,38.0,0.24485188788587298,2020-07-06,1
C00997,41.0,Female,South,High School,Salaried,15000.0,19745.129629443887,Home,651.7684874625713,Fair,41.0,0.12064068801396167,2022-01-03,0
C00998,22.0,Male,East,Bachelor,Self-Employed,79454.95769467716,32160.71919120379,Auto,749.769333436717,Good,43.0,0.20351790940434245,2016-08-04,0
C00999,51.0,Female,East,High School,Salaried,34340.49320608783,15742.218376855197,Auto,817.8598940320339,Fair,38.0,0.2976847083170928,2022-11-24,0
C01000,23.0,Male,East,High School,Salaried,53527.913102355735,31114.422463806586,Business,839.7893516840205,Fair,36.0,0.2889629565860122,2022-03-23,0
C01001,70.0,Female,South,Bachelor,Salaried,15000.0,8486.162648931162,Business,560.8822935117499,Good,40.0,0.37852071488658257,2021-09-24,0
C01002,19.0,Female,East,Bachelor,Salaried,79141.54276412936,16484.57083551588,Education,561.2702745185998,Good,40.0,0.14625395536555186,2016-07-19,1
C01003,30.0,Male,South,High School,Salaried,46494.09973762595,19564.039655491855,Personal,616.6677502455717,Good,54.0,0.8949183157419432,2018-05-09,0
C01004,60.0,Male,North,High School,Student,52504.74144943985,22163.948742479486,Personal,659.6536400944881,Good,47.0,0.201299497445532,2021-08-26,1
C01005,60.0,Male,nan,High School,Salaried,,16672.398332909936,Education,768.9988999882686,Fair,40.0,0.6966692971177042,2022-10-09,0
C01006,65.0,Female,North,nan,Salaried,15729.979597669808,32466.433062863493,Auto,697.0430915818216,Good,40.0,0.554812194372104,2019-07-11,1
C01007,28.0,Male,North,Bachelor,Unemployed,66551.4566176349,32623.437967402293,Business,559.7534652745625,Fair,38.0,0.569870484177023,2019-06-11,0
C01008,68.0,Male,West,Bachelor,Self-Employed,81206.16358418521,18251.79556602583,Home,604.1256943644254,Good,49.0,0.1896893016926515,2018-08-18,0
C01009,64.0,Male,South,High School,Self-Employed,69355.03355897678,14795.032911365239,Personal,646.8499844025864,Good,32.0,0.3067327008372408,2022-04-16,0
C01010,74.0,Male,East,Bachelor,Business,55153.736596921925,13995.849154830106,Business,538.3130016390878,Good,40.0,0.762899100298275,2019-02-09,1
C01011,40.0,Male,South,High School,Business,66028.82816007911,30343.916222995616,Personal,651.0251343155686,Fair,40.0,0.49413348953056724,2021-06-20,0
C01012,72.0,Female,South,High School,Unemployed,63112.690713841585,13349.843868907115,Auto,560.8673306705566,Good,43.0,0.48850764469399877,2016-01-01,0
C01013,33.0,Male,South,Bachelor,Self-Employed,83963.39350262744,5386.09936064246,Auto,526.1959149831971,Fair,21.0,0.5640250265627142,2017-04-01,1
C01014,48.0,Male,South,Bachelor,Unemployed,96375.25542158751,6878.41716196462,Education,578.9761040397789,Good,51.0,0.4687350052328474,2020-12-12,0
C01015,28.0,Female,South,High School,Self-Employed,54729.16433569583,26669.757469053577,Education,680.8265791169251,Good,42.0,0.7852155414022207,2018-10-25,1
C01016,71.0,Female,East,Bachelor,Salaried,70788.19575751184,6346.407526436364,Personal,680.3086783239889,Good,44.0,0.7363994182054053,2016-10-14,0
C01017,33.0,Male,East,nan,Unemployed,48310.42757352625,16010.788108556459,Personal,657.249043751558,Good,,0.36945358433200237,2019-03-18,0
C01018,25.0,Male,West,Bachelor,Self-Employed,75417.69549102428,21021.586309497496,Business,724.3710245405658,Fair,65.0,0.7902689461534472,2020-09-20,0
C01019,21.0,Male,North,Bachelor,Unemployed,76503.10729095424,3178.9490532719465,Education,716.4187425660076,Good,40.0,0.5408154656087305,2018-04-20,0
C01020,57.0,Female,East,nan,Salaried,60830.1511905114,21822.726092242112,Auto,665.3286006552709,Good,38.0,0.633576308251133,2021-04-06,0
C01021,21.0,Male,East,Master,Salaried,77975.42451601698,16754.31335404531,Business,654.9786387519279,Fair,54.0,0.8362494571088933,2016-01-04,0
C01022,73.0,Female,West,Bachelor,Unemployed,65079.82120982632,1000.0,Business,659.7160028915073,Good,41.0,0.5045942618585948,2021-09-19,0
C01023,42.0,Female,North,Master,Salaried,63798.378905654645,21952.256501639822,Home,638.9266115047188,Good,52.0,0.7428213081699291,2015-08-01,0
C01024,20.0,Female,East,High School,Unemployed,42990.88216583512,23958.010052174996,Auto,486.92429550292434,Fair,63.0,0.6338742552392876,2020-11-26,0
C01025,49.0,Male,West,Bachelor,Student,69299.07057146086,21846.767292337136,Business,735.1613633614865,Good,34.0,0.46273320010291696,2015-06-26,1
C01026,20.0,Male,North,High School,Unemployed,50552.11185068931,25043.114914764457,Home,679.8142123920258,Poor,40.0,0.7706911114212596,2020-09-15,1
C01027,44.0,Male,West,High School,Self-Employed,86742.04411051037,22581.1761597042,Education,558.7754415629704,Good,42.0,0.18938525018968638,2020-01-02,1
C01028,46.0,Male,North,Bachelor,Self-Employed,43919.993392783406,27301.521140622168,Auto,757.0862464454328,Good,42.0,0.5940371847119258,2019-09-09,0
C01029,49.0,Female,East,High School,Unemployed,71720.9930889612,10541.377939679669,Education,605.7515098840422,Poor,36.0,0.13944914376658715,2016-07-23,0
C01030,67.0,Female,West,Bachelor,Business,58484.42172154409,6031.731910970788,Home,641.9173248006033,Fair,51.0,0.23274375859147228,2017-08-19,0
C01031,68.0,Female,East,Bachelor,Self-Employed,71658.03938253412,8386.783900125265,Auto,726.7681696676191,Good,,0.6090425917994627,2017-09-13,0
C01032,36.0,Female,South,Bachelor,Student,63542.4884434232,11878.41633120813,Personal,666.5104518792192,Good,47.0,0.3614656921095325,2015-06-10,0
C01033,38.0,Male,North,High School,Self-Employed,44549.9437420046,40219.56153595149,Personal,750.1531881436924,Good,43.0,0.3231037404343937,2023-02-09,0
C01034,22.0,Male,West,High School,Student,92344.63158818608,11966.876216774845,Personal,623.5923875717908,Good,52.0,0.9124628882590353,2020-05-21,0
C01035,35.0,Male,South,Bachelor,Salaried,42820.778777374915,14782.29074409178,Business,776.8379908460251,Fair,50.0,0.411019779455457,2015-03-16,0
C01036,45.0,Female,North,nan,Salaried,81064.35722886655,17656.896691030066,Personal,591.6647825125608,Good,43.0,0.5800302496919354,2018-05-07,1
C01037,59.0,Female,East,High School,Self-Employed,22540.50350887337,16432.520087621226,Business,748.8216746982214,Good,62.0,0.5541114555861885,2020-09-15,0
C01038,39.0,Female,South,High School,Salaried,57776.949685931286,38152.10056037539,Business,480.1168085825452,Good,49.0,0.15271565966728584,2019-09-10,0
C01039,38.0,Male,North,Master,Business,103229.65308676752,2743.9511762053517,Home,567.4855961499387,Good,46.0,0.6731343776064276,2022-02-08,0
C01040,23.0,Male,North,High School,Salaried,58113.78836587977,41853.71733284947,Personal,672.3474603866989,Good,41.0,0.5359661217202413,2018-12-18,0
C01041,18.0,Female,North,Master,Student,67411.82052835524,21446.94213193085,Auto,619.966593039267,Good,56.0,0.42420454927852214,2021-10-21,1
C01042,22.0,Male,East,Bachelor,Salaried,,29614.85650709169,Business,644.3938535073078,Fair,54.0,0.15611429365632135,2020-01-30,0
C01043,58.0,Female,East,Bachelor,Salaried,61429.4238010146,20203.690549462906,Home,653.1238190120533,Good,35.0,0.34906188723870735,2016-12-10,0
C01044,29.0,Female,East,Bachelor,Salaried,71475.15398141628,28152.691015015724,Business,560.6823043904709,Good,53.0,0.8514810694350994,2018-10-28,0
C01045,43.0,Female,West,High School,Self-Employed,80115.9721137389,10556.404094546018,Auto,566.3052788845574,Poor,46.0,0.24765466731134875,2020-01-19,1
C01046,63.0,Male,West,Bachelor,Salaried,30507.683801677485,6450.272292865564,Auto,667.4091536606315,Fair,34.0,0.2864335937888778,2023-03-17,0
C01047,51.0,Male,East,Master,Salaried,52862.20371751409,45931.2101769616,Personal,600.0250286133665,Good,31.0,0.27449992640930565,2021-03-22,0
C01048,66.0,Male,North,Master,Business,68246.7666816287,39134.71558706324,Business,750.5775394220876,nan,39.0,0.8571840963683085,2020-06-13,0
C01049,31.0,Male,East,Bachelor,Salaried,25103.550500836856,9462.216453700175,Auto,635.6039633425412,Poor,59.0,0.6949961603105778,2022-11-19,0
C01050,43.0,Male,South,Master,Salaried,99245.1136298148,27165.471527344627,Education,703.9063432330123,Good,41.0,0.8495666035965818,2016-11-24,0
C01051,62.0,Female,East,High School,Business,83910.36370131111,31578.769144756472,Auto,683.2138751980331,Fair,46.0,0.8766845248953081,2019-05-20,0
C01052,44.0,Female,East,Bachelor,Salaried,80187.08900042016,26601.88239857944,Auto,,Good,43.0,0.8887724048859063,2019-06-27,0
C01053,26.0,Male,South,Bachelor,Salaried,97999.9112129918,17916.72434206088,Business,501.47534097857204,Good,44.0,0.512858270908938,2021-10-13,0
C01054,43.0,Male,West,Master,Salaried,83081.14951042994,40244.993192824186,Auto,738.8706025715785,Good,43.0,0.5047902733997784,2020-07-14,0
C01055,74.0,Male,North,Bachelor,Salaried,59252.73993379844,26876.626237950153,Home,576.5818192477143,Good,43.0,0.8045844142182517,2021-01-26,0
C01056,64.0,Male,East,Bachelor,Self-Employed,24193.91026511579,10720.96334240932,Auto,,Good,46.0,0.382137673029183,2022-04-25,0
C01057,74.0,Female,North,Master,Salaried,47969.702458223386,16131.136988617927,Education,638.686816882507,Fair,37.0,0.11887946009193512,2015-04-03,1
C01058,39.0,Male,West,Bachelor,Unemployed,48694.066673187874,9300.23045376108,Auto,646.1741323922239,Good,42.0,0.38181555946302237,2017-04-03,0
C01059,64.0,Male,North,High School,Unemployed,80469.70775340314,18926.031485511798,Personal,722.1468996904264,Poor,47.0,0.7088977808445424,2015-01-15,1
C01060,73.0,Male,North,Bachelor,Salaried,67022.36062454288,18602.54585532504,Business,650.4368043442457,Fair,58.0,0.2050719438702589,2021-05-22,0
C01061,47.0,Female,South,Bachelor,Student,25863.170942146033,27553.626158684718,Education,640.4484432305502,Fair,41.0,0.767063729214073,2017-02-18,0
C01062,60.0,Female,South,Bachelor,Salaried,86628.30227899957,27406.48158802434,Home,,Good,32.0,0.7931531698293116,2021-12-25,1
C01063,65.0,Male,North,nan,Salaried,98234.09978036022,23883.392862190114,Auto,695.0489278915089,Fair,36.0,0.18577551112919122,2016-08-26,1
C01064,34.0,Female,East,Bachelor,Salaried,101888.47385421525,23613.989712659248,Auto,594.8322165514509,Good,48.0,0.18316339348201707,2017-05-12,0
C01065,43.0,Female,South,Bachelor,Salaried,36751.80796449822,30432.66755414496,Home,563.9633466890875,Fair,45.0,0.26899032455300786,2015-05-03,0
C01066,53.0,Female,North,Bachelor,Self-Employed,73039.25581631696,17741.622562862947,Auto,588.2225168600061,Good,53.0,0.4029309842660689,2022-04-16,0
C01067,18.0,Male,South,High School,Salaried,39840.743424649874,1000.0,Personal,646.3085187358839,Fair,37.0,0.5528235333071285,2018-07-19,0
C01068,25.0,Female,West,High School,Business,113479.61751781646,41109.679524487714,Education,556.5459668622184,Good,54.0,0.5127106983459913,2018-03-27,1
C01069,66.0,Female,East,PhD,Business,65764.43870033941,10892.601284105698,Auto,656.8064785371851,Fair,55.0,0.8251932141132452,2022-03-12,0
C01070,52.0,Female,East,Bachelor,Salaried,55745.33868186807,26954.666411386155,Home,640.3101267657245,Fair,42.0,0.22089718901525449,2016-03-16,0
C01071,69.0,Female,East,High School,Business,51144.6261828289,16593.78749354424,Home,459.31107257670783,Fair,49.0,0.6929368138687839,2017-05-14,0
C01072,32.0,Female,South,High School,Unemployed,73350.87822391228,33980.3096503486,Education,544.5368610299529,Good,48.0,0.5665535974356372,2018-06-29,0
C01073,64.0,Male,North,Bachelor,Salaried,77890.35751963573,10383.0838497415,Personal,433.5687317236885,Good,46.0,0.7263010996878887,2019-08-19,0
C01074,73.0,Female,South,Master,Salaried,23798.574915032077,12892.145013985348,Education,624.2072704216768,Good,41.0,0.39065446280473826,2021-11-21,0
C01075,39.0,Female,West,Master,Self-Employed,99921.59732630762,15022.331756669504,Auto,730.55102340095,Good,41.0,0.5006726844186962,2019-10-09,0
C01076,31.0,Female,nan,High School,Self-Employed,76772.8265889488,25542.958974564695,Personal,508.20065334289967,Good,38.0,0.12430404080815734,2019-04-11,0
C01077,43.0,Male,South,PhD,Self-Employed,99720.6103536247,22230.37051153101,Personal,550.8284885154976,Good,56.0,0.19869002271543268,2016-06-09,0
C01078,45.0,Female,North,Bachelor,Salaried,107767.66632084173,25652.082330749556,Home,637.7196599545114,Fair,34.0,0.41874627016755694,2019-09-17,0
C01079,40.0,Female,North,Bachelor,Self-Employed,62514.642767104946,21267.57043739063,Personal,570.2185228359929,Good,46.0,0.5090665299478531,2019-08-06,0
C01080,31.0,Male,South,Bachelor,Self-Employed,86422.67645460824,29320.288940468883,Auto,569.8495424699906,Poor,32.0,0.1728848591046661,2019-09-26,1
C01081,41.0,Female,East,High School,Self-Employed,,29487.99405364417,Auto,690.619557962987,Good,53.0,0.8012400117582098,2020-08-25,0
C01082,19.0,Female,North,nan,Salaried,53307.06141956396,35144.80297758265,Auto,612.8828416570309,Fair,50.0,0.9041445079835446,2021-05-29,0
C01083,62.0,Female,West,High School,Self-Employed,104309.46582611601,23437.965798799512,Business,538.4956334451514,Good,30.0,0.6069378561696116,2021-04-17,0
C01084,43.0,Male,South,High School,Salaried,46522.40625243659,23390.209913263254,Personal,493.42130824571746,Poor,53.0,0.14539163303420666,2019-12-08,0
C01085,31.0,Male,West,Master,Self-Employed,69911.71877573153,37670.08626634791,Personal,815.6305827547799,Good,40.0,0.7280022906021395,2017-02-17,0
C01086,73.0,Female,West,Bachelor,Unemployed,42306.08281314081,31974.026113985492,Auto,734.6231790922003,Good,44.0,0.28458915544282415,2015-06-10,0
C01087,68.0,Male,West,Master,Self-Employed,48609.86732884698,25187.344358764836,Home,616.1274990453487,Good,51.0,0.7236039382873485,2020-04-06,0
C01088,24.0,Female,East,Bachelor,Salaried,52371.98036551012,6055.266437266826,Personal,656.5893508747953,Good,36.0,0.46919411286401025,2015-12-06,0
C01089,20.0,Male,East,Bachelor,Salaried,101178.64569675668,3163.1860156100192,Business,613.3601703427258,Good,40.0,0.1454126578080788,2021-05-25,0
C01090,64.0,Female,East,PhD,Business,77844.20836004429,26127.063296193024,Personal,688.2842548093438,Fair,53.0,0.3369365982827368,2017-10-05,0
C01091,40.0,Male,East,High School,Business,86046.47056771342,26539.248202008934,Education,585.933922421159,Good,43.0,0.4629754661056349,2017-03-12,0
C01092,63.0,Female,East,Master,Self-Employed,19829.430053995333,12772.134803393928,Business,609.2620087642382,Fair,52.0,0.7258127903969345,2017-05-10,0
C01093,60.0,Male,nan,High School,Salaried,65866.21091899216,23538.972266697812,Home,684.1550630145872,Fair,37.0,0.21310888955552576,2017-08-19,1
C01094,64.0,Male,East,Master,Self-Employed,55437.63349842427,10868.544269268259,Business,759.0394328334805,Poor,52.0,0.34395142572880044,2015-08-30,0
C01095,62.0,Male,West,High School,Self-Employed,77308.07659780853,25721.79383724647,Business,705.6061320996579,Good,47.0,0.17100668876827924,2020-04-30,0
C01096,35.0,Male,West,Bachelor,Student,125163.14671455522,25982.208130885607,Personal,742.5435408193196,Good,58.0,0.6234359397740535,2019-01-19,1
C01097,55.0,Female,North,Master,Self-Employed,15000.0,25917.426543810812,Business,626.5686996866616,Good,40.0,0.5031307740886282,2017-04-18,0
C01098,52.0,Female,North,Bachelor,Self-Employed,74986.22855490269,23355.356540969377,Auto,603.2742194467293,Good,38.0,0.8896542035670827,2021-08-16,0
C01099,68.0,Male,South,Master,Self-Employed,120119.64022802874,17058.7772987464,Business,504.6214145688557,Good,35.0,0.7294700526974034,2018-06-08,1
C01100,32.0,Female,East,Master,Salaried,52255.3038282379,17883.064104291032,Personal,655.4148768005963,Good,36.0,0.7612042581768167,2016-08-28,0
C01101,42.0,Male,West,Master,Business,68745.9763453672,31590.985818616737,Auto,678.428527351733,Good,43.0,0.23973368905323816,2021-12-09,0
C01102,72.0,Female,South,PhD,Self-Employed,81914.24820973957,24149.148557162032,Home,627.4995953204595,Fair,41.0,0.32662914243578645,2018-04-15,1
C01103,54.0,Female,East,Bachelor,Student,15000.0,24880.889996675447,Education,591.7474005425199,Good,59.0,0.5361686118780513,2018-08-19,0
C01104,45.0,Female,East,High School,Self-Employed,71654.60827843678,20864.898174059377,Business,743.2552579882349,Good,50.0,0.11146182575141869,2022-06-01,0
C01105,27.0,Male,North,High School,Salaried,45148.38174142182,26514.49836013225,Auto,697.385320789749,Good,40.0,0.8396089220621553,2020-04-24,0
C01106,56.0,Female,East,High School,Self-Employed,116194.21976466969,29589.306885694547,Auto,748.4619087889258,Good,47.0,0.7610793246947732,2018-05-20,0
C01107,74.0,Male,West,High School,Salaried,59815.71982659411,13720.329418747035,Home,578.4815678737847,Fair,48.0,0.14924873241593348,2020-04-17,0
C01108,34.0,nan,North,Bachelor,Salaried,47241.49408327263,25927.47284507833,Home,596.8824405088983,Fair,42.0,0.8216788251771446,2023-02-11,0
C01109,56.0,Male,East,High School,Salaried,86165.79052582888,17739.16136722926,Education,740.2382932438697,Poor,42.0,0.10381489759543443,2019-03-21,0
C01110,39.0,Female,East,High School,Business,77200.3178850467,23138.53331433538,Education,646.4489690183157,Fair,37.0,0.19708642075745963,2015-06-08,0
C01111,43.0,Female,North,High School,Self-Employed,87398.36513420808,28352.365470278462,Personal,607.3171916241084,Good,39.0,0.14705987001403664,2016-07-21,0
C01112,61.0,Female,North,Master,Salaried,112760.59600934814,5482.987063492552,Education,612.5363732177871,Good,48.0,0.5072859420646013,2018-11-20,0
C01113,42.0,Male,nan,Bachelor,Self-Employed,50369.816714024906,9161.801631887456,Education,649.1689605399272,Poor,51.0,0.7664423129310601,2015-07-13,0
C01114,34.0,Female,South,Bachelor,Salaried,107975.89584089741,13406.069499818084,Auto,725.2213861876558,Fair,41.0,0.25175828756271657,2022-01-29,0
C01115,30.0,Male,North,Master,Unemployed,111936.20089898656,12696.55520278881,Business,637.9615360931309,Fair,68.0,0.7557634919654519,2017-12-27,0
C01116,37.0,Female,North,High School,Self-Employed,45787.47616750641,18376.510990972147,Business,709.2899622633333,Fair,43.0,0.25718606483652523,2022-02-02,0
C01117,42.0,Male,East,nan,Business,48208.905296601195,36923.808784619934,Education,685.0533332634536,Good,48.0,0.9419558886070142,2019-02-14,0
C01118,21.0,Male,East,Bachelor,Salaried,66180.56303791818,31784.468853753213,Personal,584.124571986427,Fair,52.0,0.8254533541550523,2018-07-23,0
C01119,27.0,Female,East,High School,Business,60008.06745358839,14194.10199152775,Personal,584.0652974009657,Good,40.0,0.726608757749624,2022-07-16,0
C01120,20.0,Male,North,Bachelor,Business,107726.37958308954,28688.83360088586,Business,616.2300056051391,Good,42.0,0.6029351596278104,2019-07-03,1
C01121,58.0,Male,West,Master,Unemployed,43401.882404364296,19567.773263112675,Home,549.7371759003299,Good,53.0,0.3061659673975442,2018-12-13,0
C01122,62.0,Male,South,Bachelor,Salaried,,23437.49284972754,Auto,,Good,43.0,0.20137747868493822,2022-11-06,0
C01123,35.0,Male,South,Master,Salaried,45862.83864659822,10191.40671729447,Education,763.5075062548539,Good,41.0,0.49126073920412916,2017-01-21,0
C01124,64.0,Female,South,High School,Self-Employed,67711.70362096903,6793.164489555886,Auto,647.6457248129473,Good,35.0,0.4422612161028584,2015-09-27,0
C01125,53.0,Female,South,High School,Salaried,118542.4499340955,27323.485338059596,Education,592.5160500434409,Good,48.0,0.6733087845726549,2023-02-27,0
C01126,64.0,Male,West,High School,Salaried,110576.03126514779,20328.45811280085,Education,793.6808488865358,Good,37.0,0.24457628863909706,2017-03-31,0
C01127,39.0,Male,West,High School,Unemployed,74463.12158946383,25225.971530633637,Business,580.2037010205347,Good,44.0,0.5778091969790023,2019-09-14,0
C01128,51.0,Male,South,High School,Salaried,80744.24201593007,35937.4759404403,Auto,577.8587774895959,Fair,47.0,0.6893476820277751,2017-10-10,1
C01129,64.0,Male,West,PhD,Student,76787.25446122412,17611.99964529957,Auto,742.2114261355025,Fair,48.0,0.3541213199006189,2021-10-30,1
C01130,25.0,Female,West,High School,Salaried,57399.86869694909,17703.646039975032,Home,699.598854470024,Good,46.0,0.7630121304196686,2022-08-13,0
C01131,57.0,Female,West,Bachelor,Business,112913.70841669293,37686.61239579193,Home,640.2455860605211,Fair,39.0,0.467066442493107,2016-03-17,0
C01132,66.0,Male,North,Bachelor,Self-Employed,97988.7656362842,20169.892803840346,Auto,712.3931674991871,Good,48.0,0.23823643149604506,2018-03-24,0
C01133,61.0,Male,East,Master,Self-Employed,70859.31908346008,11966.927512408944,Home,672.5450000921875,Good,43.0,0.2655545399228848,2016-05-28,1
C01134,36.0,Male,South,nan,Student,59578.851535861366,27356.82159292585,Home,561.0355688195881,Good,50.0,0.3370636501178752,2021-11-21,0
C01135,59.0,Female,West,Master,Salaried,61201.052611054205,17623.23855725793,Education,470.18114697392707,Good,44.0,0.2344073289574038,2020-03-22,0
C01136,58.0,Female,North,nan,Unemployed,73469.37059749023,11773.617822588174,Business,607.4491136219532,Fair,41.0,0.5784816317261323,2018-01-06,0
C01137,54.0,Male,East,Master,Self-Employed,64123.80969194966,20896.865999544087,Education,731.3693626923709,Good,33.0,0.9067699980658942,2022-06-15,1
C01138,23.0,Male,South,nan,Salaried,93487.72713009577,28266.860211079133,Home,617.8647433740039,Good,57.0,0.8616621173487385,2015-11-14,0
C01139,69.0,Female,South,Master,Unemployed,76975.67178324051,8408.178939692818,Education,,Good,51.0,0.37519088638592435,2015-11-24,0
C01140,43.0,Female,East,High School,Salaried,41156.3804122244,8175.642202307083,Education,663.8364086333801,Poor,55.0,0.8349689234710008,2020-10-07,0
C01141,51.0,Male,West,Bachelor,Business,36334.6254567427,19199.409401194906,Personal,522.9874779039201,Good,44.0,0.9109195172325449,2020-06-18,0
C01142,73.0,Male,East,Bachelor,Salaried,89769.98463710256,8999.673220226112,Education,619.5203229720263,nan,54.0,0.3500420692831496,2017-07-25,0
C01143,62.0,Male,West,Bachelor,Unemployed,36091.57751183141,7239.273180294291,Education,676.9159497834934,nan,43.0,0.8694921479728865,2023-02-24,0
C01144,23.0,Female,South,High School,Self-Employed,56284.7480289259,20061.160670084435,Business,590.9640308371725,Fair,52.0,0.9478147046897436,2015-08-13,0
C01145,54.0,Male,East,Bachelor,Salaried,54009.380836640456,31060.704735963496,Auto,622.8096382229036,Fair,46.0,0.7780210380731648,2016-01-17,0
C01146,74.0,Male,South,PhD,Self-Employed,34037.64952464233,27880.173575606383,Personal,679.3810319072834,Good,46.0,0.43168982198228156,2021-07-10,1
C01147,50.0,Female,North,High School,Salaried,72755.20340612908,18930.58971958636,Personal,655.4472499357234,Good,35.0,0.6172603639050921,2018-08-21,0
C01148,70.0,Male,East,Master,Salaried,61904.61643510992,32825.71989229576,Personal,728.5182305693536,nan,33.0,0.40955865176528405,2017-02-08,0
C01149,39.0,Female,East,Master,Salaried,49054.60583902917,37349.59576768841,Personal,678.775318487261,Good,56.0,0.9465670908506846,2015-05-11,1
C01150,38.0,Male,East,nan,Salaried,117129.67420993952,24912.21491363593,Business,578.3112501198488,Good,39.0,0.15767525204891447,2021-02-27,0
C01151,23.0,Male,East,PhD,Salaried,15000.0,16338.083613513652,Auto,614.1839964552848,Good,41.0,0.859118276309205,2017-02-25,0
C01152,23.0,Female,East,Master,Self-Employed,43415.88095578435,35626.15824670779,Business,651.5222213169708,Fair,32.0,0.16336591325610123,2017-01-14,0
C01153,72.0,Male,North,Bachelor,Self-Employed,50581.30436327806,35185.48556444603,Personal,750.3811307385531,Good,38.0,0.13586814940042885,2015-10-01,0
C01154,65.0,Female,North,High School,Self-Employed,31040.568287398964,22533.96153489225,Auto,614.485577728827,Good,46.0,0.8989485890535144,2016-11-05,1
C01155,21.0,Female,East,Bachelor,Salaried,121447.6924700496,32228.454900629753,Business,520.057339820148,Fair,46.0,0.8371896468369977,2018-06-10,0
C01156,47.0,Male,South,Master,Self-Employed,121183.92272123985,12187.153460791706,Auto,683.0425177618391,Good,38.0,0.40732748349037917,2017-10-15,0
C01157,28.0,Female,North,Master,Business,47888.51276463753,1000.0,Business,593.3301313742,Good,45.0,0.9139023600702858,2016-10-10,0
C01158,47.0,Male,South,Master,Salaried,96718.41142824432,10288.108933945523,Auto,553.6024010318773,Good,40.0,0.8325783460140633,2018-05-31,0
C01159,48.0,Female,East,High School,Unemployed,79913.54160511188,22065.696801445694,Business,651.4102259619378,Good,52.0,0.8666854443921506,2018-10-05,0
C01160,41.0,Male,South,Bachelor,Self-Employed,106402.87232200893,19258.20360156614,Personal,722.9650731356228,Good,46.0,0.6058481633198305,2020-05-25,0
C01161,72.0,Female,East,Bachelor,Business,62319.88219754628,29618.6283065109,Personal,606.9589595254236,Good,38.0,0.9145792557849661,2017-08-03,0
C01162,26.0,Male,East,High School,Salaried,75790.21307191493,5143.44500507902,Personal,687.2430415386972,Fair,56.0,0.7881448765777592,2020-08-21,0
C01163,72.0,Male,South,High School,Salaried,100063.65055551458,5338.884201259469,Business,701.1435247281825,Fair,46.0,0.8989599313715021,2015-08-07,0
C01164,20.0,Female,West,High School,Unemployed,96239.87333092799,27623.044655803053,Auto,709.3847370249972,Good,39.0,0.33928429510193014,2017-05-02,1
C01165,68.0,Female,East,Master,Business,68790.86948520434,5640.733429232963,Auto,595.0795767786049,Poor,44.0,0.5522829322330685,2015-11-01,0
C01166,48.0,Male,East,High School,Salaried,41435.614200225085,17292.465084443018,Home,565.9188456549961,Good,45.0,0.8375134047763738,2019-09-08,0
C01167,57.0,Male,East,High School,Salaried,45916.0771629231,20245.629330960714,Education,576.1435171281054,Good,38.0,0.5927696847366966,2022-01-30,0
C01168,54.0,Female,North,nan,Self-Employed,18770.389343347233,13495.108054175638,Personal,709.3231004091853,Fair,43.0,0.7809336060430621,2015-09-03,0
C01169,53.0,Female,East,Bachelor,Self-Employed,84681.69165074165,25778.61214096289,Personal,700.0544866003108,Good,56.0,0.9271324224799303,2015-07-02,0
C01170,41.0,Male,South,High School,Unemployed,70304.0986572503,1000.0,Personal,578.2137049474749,Fair,34.0,0.7838784089964639,2016-05-03,0
C01171,48.0,Male,West,High School,Salaried,72231.59400541411,38319.280899333724,Home,809.9483019757727,Good,46.0,0.3680556775199254,2022-05-01,0
C01172,23.0,Male,West,High School,Salaried,64370.84531485031,16698.63964712646,Home,569.2727025059626,Good,35.0,0.20089448117207634,2016-05-29,0
C01173,19.0,Female,East,High School,Salaried,36416.256706014334,18297.28137147331,Home,724.9598063525544,Fair,44.0,0.3318348019140376,2015-08-04,0
C01174,37.0,Male,South,High School,Salaried,72815.428086694,46935.77202426576,Personal,763.9749079403908,Good,52.0,0.6633724533595677,2018-06-01,0
C01175,45.0,Male,North,Bachelor,Salaried,80131.27646727335,6400.995447706184,Auto,658.2318204495024,Good,44.0,0.10930270711759929,2018-01-29,0
C01176,28.0,Female,South,High School,Unemployed,43295.624518183366,9549.02046167774,Personal,592.2707117314377,Good,49.0,0.26126091803145846,2017-06-06,0
C01177,21.0,Male,South,Bachelor,Self-Employed,64291.28944851012,34044.97278094602,Home,593.909147941374,Good,37.0,0.3778672483728759,2019-05-27,0
C01178,32.0,Female,South,Master,Business,48791.283024781114,4435.365081656375,Home,630.3432349727844,Fair,49.0,0.843941202083948,2021-07-30,0
C01179,23.0,Male,East,Bachelor,Salaried,59611.4530382444,24951.80440848619,Education,731.0653083551025,Fair,39.0,0.14335352612933197,2016-10-24,0
C01180,71.0,Male,North,PhD,Salaried,36615.01787032853,13937.18751150672,Business,560.0093140475115,Fair,59.0,0.14244573585029527,2019-10-10,0
C01181,66.0,Male,nan,Bachelor,Salaried,58295.059235214714,3838.5943815734663,Education,512.0925475690418,Good,54.0,0.5690151661139137,2019-10-03,0
C01182,47.0,Female,North,Bachelor,Salaried,105684.64786478112,25268.493557073034,Education,677.1541242926978,Good,53.0,0.25110131437484096,2017-04-05,1
C01183,73.0,Male,West,Master,Business,52452.16242153344,25562.573912095082,Personal,693.6209563444311,Fair,51.0,0.3058829031350686,2016-06-13,1
C01184,55.0,Female,West,High School,Salaried,47977.05481696586,20013.858548430013,Business,797.5977085099452,Good,54.0,0.25660068583244555,2016-09-16,0
C01185,68.0,Female,East,High School,Salaried,49547.06202103989,40690.88945024369,Business,546.3260768549952,Good,39.0,0.5943660669573902,2021-02-07,0
C01186,74.0,Female,East,Bachelor,Salaried,60244.61446622167,12285.026754763381,Personal,639.8895041028321,Fair,38.0,0.1472155871656691,2022-10-17,0
C01187,19.0,Male,South,Bachelor,Salaried,109808.03327481115,28665.7362382332,Auto,737.1378074090359,Good,41.0,0.8990000243351239,2016-04-30,0
C01188,32.0,Male,East,Master,Business,100142.47529941962,23273.4151362705,Personal,659.0646625702049,Fair,40.0,0.20466762760090407,2021-06-25,0
C01189,28.0,Male,South,PhD,Salaried,61414.49941078758,29715.217651023006,Auto,,Good,43.0,0.9088561768377967,2017-11-26,1
C01190,25.0,Male,South,Bachelor,Business,48929.51422702146,14959.131708698256,Auto,709.2429122697156,Fair,52.0,0.7614096758946238,2018-02-08,1
C01191,43.0,Male,East,Bachelor,Self-Employed,20975.494503940696,6153.30606964226,Business,605.0458276845052,Good,47.0,0.8038135032921953,2020-07-10,1
C01192,68.0,Female,South,Bachelor,Salaried,42217.06836344817,13179.885465799493,Personal,713.8558131465611,Poor,45.0,0.24688699931276134,2019-11-10,0
C01193,62.0,Male,East,nan,Salaried,15636.45539971548,19362.21436371902,Personal,555.9827605857294,Good,26.0,0.6692000239114028,2022-04-18,0
C01194,61.0,Male,South,Master,Business,83502.93304202802,26808.95538960813,Business,,Poor,38.0,0.7945113286019879,2020-02-05,1
C01195,22.0,Male,South,PhD,Business,98388.90445744764,20172.867637662144,Education,629.4808985815753,Good,,0.5743302090428241,2022-12-25,0
C01196,23.0,Female,North,High School,Salaried,55619.22121780117,22150.770213160293,Personal,457.7532659827575,Fair,53.0,0.5684135017187342,2022-09-07,1
C01197,43.0,Male,North,Master,Salaried,74597.3674961102,37255.62186110097,Home,656.3524727534677,Fair,48.0,0.23550133602572637,2015-07-25,0
C01198,71.0,Female,South,High School,Salaried,37775.30970319516,19757.77951793916,Home,520.0578992971466,Good,47.0,0.4520976246630313,2018-10-16,1
C01199,21.0,Male,North,High School,Salaried,16502.85052985099,14676.263833296081,Personal,671.1815390424782,Good,44.0,0.2279589661076385,2018-09-29,0
C01200,36.0,Female,North,PhD,Salaried,66391.85766241816,24403.246655707306,Auto,663.9094578587709,Poor,44.0,0.9269290949037284,2015-12-19,0
C01201,37.0,Female,West,High School,Salaried,74583.5534926282,2841.843509718263,Business,644.9028210376387,Good,29.0,0.6821225073358909,2023-01-09,0
C01202,50.0,Male,North,nan,Salaried,107599.34429330085,2820.428107709864,Auto,682.7306500653569,Fair,33.0,0.1411586368712345,2020-01-08,1
C01203,37.0,Male,East,High School,Salaried,116579.5854828895,18659.476536883983,Home,665.3148101460565,Good,72.0,0.505252726401374,2017-05-31,0
C01204,66.0,Male,South,Master,Salaried,58035.79753441282,10670.9940780369,Home,628.0249547501546,Fair,42.0,0.6422695275288468,2019-04-14,0
C01205,29.0,Male,West,High School,Unemployed,87802.86942764148,13917.6156676231,Business,787.3255235357849,Good,37.0,0.18129432370668805,2016-01-08,1
C01206,64.0,Female,South,Bachelor,Self-Employed,72877.25583673936,29347.734439106483,Home,679.4983020164332,Fair,40.0,0.6652402890303961,2021-01-02,0
C01207,18.0,Female,South,High School,Unemployed,65056.7817591379,25262.449476308335,Education,707.8931065483158,Good,55.0,0.2507094589479414,2020-05-02,0
C01208,43.0,Female,East,Bachelor,Salaried,64063.06429932604,19230.249513789855,Home,730.4809807979444,Good,42.0,0.446697494131181,2022-02-24,0
C01209,31.0,Female,South,Bachelor,Self-Employed,61376.26373943549,20829.66068631836,Auto,700.1112034281567,Good,40.0,0.6317209469809477,2017-12-01,0
C01210,55.0,Male,East,Bachelor,Salaried,62451.890575690355,15754.852554887466,Auto,804.7124689193604,Fair,41.0,0.41029600289555057,2018-05-31,0
C01211,54.0,Male,North,High School,Self-Employed,106415.34286768142,28493.40904059049,Education,662.4505163615897,Good,50.0,0.423751567836015,2021-03-05,0
C01212,28.0,Female,nan,High School,Salaried,70364.4588428055,27925.417862603314,Auto,649.4778990622954,Good,47.0,0.8170730047999707,2019-10-16,0
C01213,53.0,Male,South,High School,Salaried,108546.54053475102,29909.328491049462,Auto,601.2820934145038,Fair,58.0,0.362875115419628,2020-08-11,0
C01214,30.0,Female,South,Bachelor,Unemployed,42542.26419358241,29449.269960527592,Auto,630.7794547580014,Good,51.0,0.656915175335248,2016-07-16,0
C01215,60.0,Male,East,Master,Self-Employed,15000.0,20540.481398198346,Personal,595.1581573211629,Poor,54.0,0.8217797612099338,2017-06-29,0
C01216,20.0,Male,South,Master,Unemployed,53427.63877859947,13017.895237577508,Education,700.7908934751155,Fair,49.0,0.22975180538112672,2018-10-15,0
C01217,50.0,nan,West,High School,Salaried,44098.76497252722,18326.955781660203,Education,581.5762814511021,Good,40.0,0.13903878215213294,2019-08-04,0
C01218,23.0,Male,South,Bachelor,Salaried,27660.53587185082,21166.24540011261,Home,655.5344127423596,Good,33.0,0.8017039372135546,2021-02-07,0
C01219,67.0,nan,East,Master,Salaried,97516.25510923105,13259.73452730067,Education,691.9660200726781,Fair,57.0,0.568461172884806,2016-01-19,0
C01220,73.0,Female,North,High School,Business,31590.20679191465,36298.69154751075,Business,661.2742914946416,Good,43.0,0.8035461040683266,2022-06-05,0
C01221,27.0,Female,West,Bachelor,Self-Employed,79569.646350803,36348.61166616423,Education,582.8063843322554,Fair,46.0,0.2810802888915812,2020-11-26,0
C01222,22.0,Female,East,Bachelor,Unemployed,115354.8580588629,18799.321397333377,Business,702.4208685504489,Good,39.0,0.8077373894806277,2016-08-09,0
C01223,40.0,Female,North,High School,Salaried,36252.13963747917,30308.799976787726,Auto,643.599521859804,Good,38.0,0.18101385182757934,2020-05-06,0
C01224,27.0,Female,North,High School,Business,59226.566563768625,25600.215153396963,Business,434.5465837665163,Good,41.0,0.8507225790259474,2016-08-12,1
C01225,61.0,Male,South,High School,Salaried,98817.70411742739,15033.791343313376,Personal,576.2486232062461,nan,47.0,0.7991536134529186,2019-06-22,0
C01226,19.0,Male,nan,Bachelor,Salaried,54615.01917912508,24120.104825765273,Auto,755.084917730205,Fair,47.0,0.5822345230045922,2016-10-05,0
C01227,30.0,Female,South,High School,Self-Employed,73309.73722638648,12257.438949372325,Business,761.3241381136013,Good,41.0,0.617088909049235,2015-12-30,0
C01228,57.0,Male,South,High School,Self-Employed,80982.35219305244,11199.971059916008,Auto,689.4583407548898,nan,,0.3939675672443995,2018-03-23,0
C01229,19.0,Male,North,Bachelor,Salaried,69339.87041111813,24769.03425584885,Personal,708.8051732718748,Good,38.0,0.2713737312061092,2019-07-23,0
C01230,37.0,Male,South,High School,Salaried,53792.168123906886,24888.080744033494,Auto,591.6279514056602,Fair,40.0,0.4871223783826878,2022-04-13,0
C01231,18.0,Female,East,High School,Salaried,45477.98972738355,46940.87535337941,Auto,630.4891685945706,Fair,53.0,0.6588342975723709,2015-01-02,0
C01232,54.0,Female,nan,PhD,Salaried,37630.49524952623,18445.30094996371,Education,742.6524950344728,Fair,47.0,0.9486951309104634,2019-04-14,0
C01233,26.0,Male,East,High School,Salaried,79912.84536929845,14710.360128516084,Home,681.9436431921556,Good,40.0,0.794665106016649,2023-02-16,0
C01234,34.0,Female,West,Bachelor,Salaried,48552.85373281577,29227.542183548245,Business,654.8711287915289,Good,45.0,0.4691616611613234,2020-07-30,0
C01235,26.0,Female,East,Bachelor,Salaried,94899.40558402453,19749.436000876565,Home,635.9893592830235,Fair,29.0,0.7317606749326965,2016-01-16,0
C01236,28.0,Female,North,Bachelor,Student,104729.18108104094,13523.796659880674,Personal,738.0854000926031,Good,44.0,0.19184037728552136,2017-09-16,0
C01237,32.0,Female,South,Bachelor,Unemployed,36079.69760867547,14141.86694757496,Personal,734.1524115162609,Good,33.0,0.4527806399113994,2017-04-07,0
C01238,41.0,Female,East,High School,Self-Employed,83454.81289701519,18204.68251779429,Auto,698.7253813076571,Fair,46.0,0.4611858947363424,2017-02-19,0
C01239,55.0,Male,nan,Master,Student,116474.64239485841,30544.510746789267,Home,654.970629956192,Fair,40.0,0.9490002395312545,2022-06-14,1
C01240,72.0,Female,West,Bachelor,Self-Employed,43616.66493034938,24316.259860584672,Business,623.2432635674909,Good,36.0,0.43236271935128756,2016-05-24,0
C01241,52.0,Male,North,Master,Salaried,95016.04873098146,11666.076220578854,Business,701.9760289763535,Good,40.0,0.17078936246479992,2019-06-03,0
C01242,47.0,Female,North,Bachelor,Salaried,79048.267332088,38347.18224496187,Auto,567.356761626914,Good,46.0,0.15714375870353595,2022-02-11,0
C01243,48.0,nan,North,nan,Unemployed,89012.11030735227,10926.201444122398,Business,582.9072614310094,Fair,52.0,0.6936267271917652,2022-02-14,0
C01244,66.0,Male,West,Master,Self-Employed,46089.90021830694,12626.719489802152,Education,541.1681479411295,Fair,64.0,0.34572912615694823,2018-05-22,0
C01245,22.0,Male,West,nan,Business,112629.62275558975,31670.26690633779,Home,742.6422333494844,Fair,36.0,0.8385764305085963,2019-12-22,0
C01246,61.0,Female,West,Bachelor,Unemployed,,34975.60807547044,Personal,595.9500031902992,Fair,39.0,0.5105055396055778,2019-08-05,0
C01247,67.0,Male,South,Bachelor,Salaried,81016.10439407061,23535.567816571358,Business,680.3005840063719,Fair,59.0,0.38081652691346124,2016-09-13,0
C01248,31.0,Female,East,Master,Salaried,63419.11066831359,7093.8776223700825,Business,640.5831859467854,Good,39.0,0.7452473247907905,2016-08-20,0
C01249,70.0,Male,South,Master,Salaried,78416.33015693333,20968.981185278324,Business,850.0,Good,45.0,0.45490263475615755,2018-05-23,0
C01250,73.0,Male,South,nan,Salaried,40414.50519147558,6329.364049996999,Auto,683.1429090526877,Fair,50.0,0.7267758283545662,2016-05-23,0
C01251,28.0,Female,East,Bachelor,Salaried,34315.9046492937,44847.45045695931,Personal,,Good,46.0,0.7069781413652019,2016-02-27,0
C01252,26.0,Female,North,Master,Salaried,72175.77147566139,22871.679441406945,Home,738.1576817447437,nan,53.0,0.7147297231001666,2019-07-27,0
C01253,51.0,Female,North,High School,Salaried,55818.68634330887,28014.941876295354,Business,620.9636777295736,Poor,42.0,0.8285535914438404,2019-10-24,0
C01254,29.0,Male,West,Bachelor,Salaried,54967.739100716695,16297.244276175647,Education,634.9304148538209,Good,50.0,0.8211394878772423,2016-03-30,0
C01255,52.0,Female,West,High School,Salaried,78620.45856099244,38056.671746072985,Auto,599.5615802742467,Good,39.0,0.6649170128110641,2019-01-09,0
C01256,52.0,Female,South,Bachelor,Salaried,27633.06772580996,14975.214093062594,Home,664.6709388978846,Good,48.0,0.9134175911424661,2021-04-19,0
C01257,18.0,Female,East,PhD,Self-Employed,95172.07227317143,11411.773031934816,Business,663.6884853256116,Fair,50.0,0.11761836564104126,2015-06-08,1
C01258,57.0,Female,South,High School,Salaried,67987.82213516757,23048.84907384373,Home,601.5892116763529,Fair,55.0,0.8908594742960397,2017-01-27,1
C01259,39.0,Female,East,Bachelor,Self-Employed,84070.72863964786,28800.643858085627,Auto,611.8891609635178,Good,40.0,0.2260154072833977,2015-10-12,1
C01260,46.0,Male,West,Bachelor,Unemployed,78183.70588202689,41286.94793052634,Education,657.5964599816238,Fair,54.0,0.2798966083878571,2017-12-10,0
C01261,25.0,Male,West,High School,Salaried,79562.44069821881,36142.97858189814,Business,474.29513851174534,Fair,43.0,0.7947891916652026,2020-07-01,1
C01262,28.0,Female,East,Bachelor,Salaried,35038.56766002992,31950.848896339827,Education,541.8876897122224,Good,55.0,0.4403701602746719,2016-12-17,0
C01263,58.0,Male,North,Bachelor,Unemployed,94117.20237465092,13147.997697114264,Auto,775.2494072073514,Good,45.0,0.46151387589349846,2020-03-23,0
C01264,54.0,Female,South,High School,Self-Employed,71822.8528808314,12936.59622234002,Education,674.5865708240182,Good,31.0,0.3220429169426755,2017-10-13,0
C01265,31.0,Male,South,Master,Business,53125.157821062545,11221.536219802445,Auto,610.6318259944416,Good,44.0,0.2907750156781243,2020-10-27,0
C01266,47.0,Female,South,nan,Salaried,61867.7532172973,18493.461014084536,Education,522.7937876347373,Good,42.0,0.19030438660124888,2020-02-29,0
C01267,52.0,Female,West,High School,Business,74053.40281372814,1000.0,Home,645.7762876290142,Good,56.0,0.26725553739322505,2017-08-24,0
C01268,38.0,Male,South,High School,Unemployed,69505.72060411616,33654.57894498998,Home,723.889406883583,Poor,41.0,0.5817343953298081,2017-04-16,1
C01269,54.0,Male,North,Bachelor,Self-Employed,79931.05226879704,9754.133068545148,Auto,847.9404578487456,Good,41.0,0.7006175498904998,2020-08-23,0
C01270,22.0,Male,South,Master,Salaried,106334.75291151652,8519.014659265027,Home,791.9042318746773,Good,40.0,0.7280133848622918,2015-04-04,0
C01271,36.0,Female,nan,High School,Unemployed,39084.08871554554,15941.682226792655,Education,583.4796484903599,Good,47.0,0.4146047162090357,2017-11-12,1
C01272,31.0,Female,North,High School,Business,83756.86271233688,6576.169685383833,Education,612.8150351461782,Fair,56.0,0.8836615598695668,2021-07-19,0
C01273,43.0,Male,East,Bachelor,Business,62317.524892405265,26442.90593102461,Business,539.6375577322495,Fair,,0.37941884815011273,2022-02-28,0
C01274,21.0,Female,South,nan,Salaried,93563.618156157,10339.777029071804,Auto,586.8758700032037,Fair,46.0,0.19446614688871372,2018-11-29,0
C01275,42.0,Male,North,Bachelor,Business,105641.19841567692,25014.69274203259,Home,634.0367627656436,Fair,37.0,0.9034393536603094,2017-07-14,0
C01276,62.0,Male,South,Bachelor,Salaried,69903.06263470608,29248.808928622515,Auto,622.4647252530392,Good,57.0,0.5595755700606184,2021-11-12,0
C01277,59.0,Female,East,nan,Salaried,80520.19152101016,14506.425683239513,Home,804.0925479934574,Good,42.0,0.9256697887983999,2022-09-05,0
C01278,42.0,Male,East,Bachelor,Self-Employed,95401.62091090459,12825.469275581223,Business,551.3482293142838,Fair,43.0,0.43461657020564104,2015-12-31,0
C01279,35.0,Male,West,Master,Salaried,89955.9776457585,11978.3314503814,Education,646.6179163109077,Good,50.0,0.7437842908923373,2021-10-07,0
C01280,57.0,Male,South,Bachelor,Self-Employed,96419.26493683337,9177.80260322678,Education,495.2405178277518,Fair,38.0,0.19344621772438647,2015-04-04,0
C01281,25.0,Male,North,nan,Self-Employed,57547.89741704603,15796.425215759651,Personal,674.81680853658,Good,46.0,0.8259672618542347,2019-04-07,0
C01282,56.0,Male,West,Bachelor,Salaried,52077.93409789699,20673.806024210695,Auto,549.3720994493037,Poor,45.0,0.24509483463346046,2016-01-21,1
C01283,57.0,Male,South,Master,Self-Employed,36595.64408686221,6169.839946083155,Home,732.6969731287094,Good,51.0,0.15837721197167046,2017-07-07,0
C01284,31.0,Female,East,Bachelor,Unemployed,60116.47508853518,13580.073440488553,Personal,628.1730580238532,Good,56.0,0.18309028099018954,2019-06-30,1
C01285,49.0,Male,West,Master,Salaried,62895.810083522214,21577.76603346611,Auto,544.851179878783,Good,46.0,0.5737692539448914,2021-11-22,0
C01286,68.0,Female,South,High School,Self-Employed,61409.95964157127,20346.759248047703,Home,,Fair,40.0,0.3480925094780305,2021-02-15,0
C01287,55.0,Male,East,Bachelor,Salaried,77305.71137619905,1000.0,Business,576.6021883542746,Good,52.0,0.9168111746142357,2015-06-04,1
C01288,50.0,Male,North,Master,Self-Employed,77956.46496083283,26336.318281241438,Auto,667.9535668057129,Good,56.0,0.8247751035502485,2020-07-10,0
C01289,40.0,Female,South,High School,Salaried,63364.292959344944,32384.49607581868,Home,681.6135235367346,Good,48.0,0.7828115856531648,2019-01-22,0
C01290,32.0,Female,North,Bachelor,Salaried,73669.27257252249,14273.585642633137,Education,612.6171514120044,Good,51.0,0.7881926963224378,2017-01-02,1
C01291,50.0,Male,West,High School,Salaried,85668.60757765731,2650.9252334863413,Auto,719.4347782574727,Good,46.0,0.8570757286168472,2015-02-06,1
C01292,42.0,Female,North,Master,Student,45030.34087072759,12356.123021445157,Home,564.8192830328696,Good,41.0,0.8354285934629148,2021-07-01,0
C01293,34.0,Female,East,High School,Self-Employed,88330.51288950707,12061.18454801679,Education,430.47051181185736,Poor,56.0,0.8889764286400427,2022-01-19,1
C01294,50.0,Female,West,Master,Self-Employed,49715.85881589175,31998.553355219185,Education,671.1915238056874,Fair,48.0,0.8942113745344481,2020-08-29,0
C01295,64.0,Female,East,Bachelor,Salaried,100977.00902815032,9063.519666394886,Personal,746.7571859512537,Good,50.0,0.35357312672433594,2022-11-29,0
C01296,72.0,Male,East,High School,Self-Employed,69156.09487448228,16419.65457243235,Home,,Good,39.0,0.2866295442761142,2017-07-30,0
C01297,19.0,Male,South,Bachelor,Salaried,66602.54430121163,36782.36560383282,Personal,552.5143069538499,Good,46.0,0.6466334114793629,2020-03-08,1
C01298,31.0,Female,South,High School,Salaried,20257.468186183898,21609.80560377322,Personal,609.1480109508832,Good,61.0,0.20483153268658577,2021-08-23,0
C01299,70.0,Male,South,Bachelor,Self-Employed,81447.22835904648,21955.974287010984,Business,704.286501180538,Fair,50.0,0.27947334667265045,2018-09-15,0
C01300,57.0,Female,East,Bachelor,Salaried,67376.42694976303,18988.03028378387,Personal,602.9670419030922,Good,40.0,0.757013171499408,2019-11-07,0
C01301,57.0,Male,nan,High School,Salaried,69353.69395014473,29776.86653623311,Personal,657.903864545637,Poor,51.0,0.6519351135944046,2018-08-31,0
C01302,68.0,Male,West,nan,Self-Employed,62673.02476621178,24040.511411453062,Business,596.2670078142288,Good,53.0,0.6532241619950684,2022-08-05,0
C01303,56.0,Female,West,High School,Business,80629.89150024438,38535.43011991853,Business,568.295843190397,Good,43.0,0.9080427217580718,2019-08-23,0
C01304,68.0,Male,West,Bachelor,Salaried,85636.78854987839,39626.640979091404,Auto,582.7719761444932,Poor,36.0,0.6674807921668667,2022-05-28,0
C01305,23.0,Female,South,Bachelor,Salaried,77100.58692712469,23137.168540253304,Personal,721.6793894713423,Good,48.0,0.46618607571108595,2018-05-26,0
C01306,23.0,Female,East,Bachelor,Salaried,97926.6978269243,19627.740994858857,Education,651.0337073473155,Good,41.0,0.33828256893989106,2016-04-08,0
C01307,20.0,Female,West,Bachelor,Student,47017.54920500026,21636.20797774985,Business,745.3911228804168,Good,47.0,0.38777207491591226,2021-09-07,1
C01308,24.0,Female,South,Bachelor,Business,50178.7631198104,14335.698516987846,Home,689.0315521215815,Good,41.0,0.3361414613861219,2018-03-14,1
C01309,68.0,Female,nan,Master,Self-Employed,75167.59209870725,21337.449336546735,Auto,770.4848923610707,Good,41.0,0.12973985531860432,2023-01-24,0
C01310,25.0,Female,South,Bachelor,Unemployed,81544.46198948222,5579.066923292794,Auto,711.3551144719052,Poor,44.0,0.32233791894032077,2022-03-10,0
C01311,59.0,Female,East,High School,Salaried,77917.38835315713,12879.262339476249,Personal,706.9505622685028,Poor,51.0,0.8100645577677321,2021-04-04,1
C01312,69.0,Male,East,Bachelor,Student,32811.77064851977,27864.86953128704,Education,640.9634076023239,Fair,47.0,0.7189946438607047,2020-03-29,0
C01313,32.0,Male,nan,High School,Salaried,34937.19897572799,25380.543764348513,Business,850.0,Good,48.0,0.6285625115544853,2016-10-05,0
C01314,64.0,Male,North,High School,Salaried,60380.332281298506,18727.0979025891,Home,658.45236649209,nan,38.0,0.8668745612320778,2018-04-27,0
C01315,46.0,Male,East,Bachelor,Self-Employed,20268.201286279036,24188.93209150757,Personal,,Fair,43.0,0.32450628574907514,2021-03-01,0
C01316,50.0,Female,East,Bachelor,Salaried,71522.42715142801,35061.566141529685,Education,670.1025154710475,Good,41.0,0.5910317746696638,2015-06-11,1
C01317,69.0,Female,South,Bachelor,Self-Employed,,16143.857231242546,Personal,576.3280817571928,Good,33.0,0.1266274607060452,2018-09-19,0
C01318,47.0,Female,West,Master,Salaried,42138.45021321945,5647.9812384859415,Personal,726.2766141201212,Fair,49.0,0.8582055636421911,2018-03-21,0
C01319,56.0,Male,East,Bachelor,Self-Employed,51206.43385621159,26272.058971648163,Auto,704.4362568635704,Fair,41.0,0.4805764042288978,2017-05-05,0
C01320,44.0,Female,East,Bachelor,Salaried,67743.18220760774,25362.551470660816,Home,635.6364762550511,Good,49.0,0.25119071544155075,2019-06-06,0
C01321,53.0,Male,South,High School,Salaried,27661.905872901756,27596.961244396167,Home,583.4080239917629,Good,44.0,0.30341912504946955,2019-04-10,0
C01322,46.0,Female,South,Bachelor,Unemployed,49914.99917902298,8027.802692724186,Home,660.9819295040603,nan,50.0,0.8210032165802004,2015-12-11,0
C01323,55.0,Female,East,Bachelor,Unemployed,58415.25780469654,4997.586083173408,Home,601.9074644107209,Good,56.0,0.19248523880311635,2015-04-15,0
C01324,74.0,Male,South,Bachelor,Student,57504.970058766994,22649.393949022422,Business,709.0852994587877,Good,44.0,0.886422332423853,2021-05-17,0
C01325,50.0,Male,North,Master,Business,58223.474797434494,21949.46225361201,Business,691.7011785693535,Poor,48.0,0.4174432574227728,2015-06-07,0
C01326,54.0,Male,nan,Bachelor,Self-Employed,98976.35390619744,16428.22465951864,Home,850.0,Good,40.0,0.31342247513299837,2017-08-08,0
C01327,44.0,Female,East,Bachelor,Self-Employed,88713.85749135603,34467.41737017853,Education,616.6164096011806,Poor,46.0,0.38207988968309603,2016-08-23,0
C01328,72.0,Female,East,Bachelor,Salaried,48921.60519929073,19901.097707917655,Business,627.2430778636517,Fair,47.0,0.4476357368482191,2017-07-08,1
C01329,50.0,Female,South,Bachelor,Salaried,39070.13255582879,32310.220506905585,Business,638.391824454742,Good,44.0,0.5658961595667271,2021-03-29,0
C01330,21.0,Male,South,Bachelor,Salaried,54666.24258098867,28782.18606635183,Education,641.676084929669,Good,41.0,0.598786370146249,2016-02-27,0
C01331,39.0,Male,South,High School,Unemployed,95679.00440641897,9100.971711031336,Home,727.030920347111,Good,47.0,0.4806463838234142,2015-07-24,0
C01332,19.0,Female,South,High School,Salaried,15000.0,11130.679914350492,Personal,629.2740766203401,Good,,0.47940932171606965,2017-02-08,0
C01333,27.0,Female,East,High School,Unemployed,67089.66856573267,7177.880969710326,Business,797.9286287107622,Fair,38.0,0.34250481793668786,2022-01-19,1
C01334,22.0,Male,East,Bachelor,Self-Employed,57298.65817323283,24312.61371140035,Personal,693.6706332294276,Good,42.0,0.42623829578184624,2021-01-08,1
C01335,27.0,Male,South,Master,Business,94959.22526017152,20981.07774941236,Personal,613.5697964008982,Fair,40.0,0.49706758709554155,2016-04-21,0
C01336,50.0,Female,North,Bachelor,Salaried,89528.6956540075,33500.93923345236,Education,594.4065736264497,Fair,42.0,0.6079498200281788,2015-12-25,0
C01337,71.0,Male,South,High School,Salaried,28296.546834593493,25950.82692623339,Home,728.0654145056343,Good,40.0,0.21109489715462088,2018-05-17,0
C01338,55.0,Male,North,Master,Student,94916.31337348695,7020.383435345981,Personal,652.1390113915108,nan,35.0,0.7493777254290658,2016-06-07,1
C01339,30.0,Male,North,Master,Salaried,15000.0,15379.40529221693,Home,650.6795040317567,Fair,45.0,0.6784855460948845,2022-03-13,0
C01340,48.0,Female,West,Master,Salaried,80306.92472016868,1000.0,Auto,605.1139830181911,Poor,38.0,0.35395267231605565,2020-12-30,0
C01341,64.0,Female,East,Bachelor,Salaried,82551.2620965004,22933.72844569231,Home,645.391573930962,Good,41.0,0.4904423509202026,2019-03-05,0
C01342,53.0,Female,East,Master,Salaried,107129.17830119525,47907.483428987296,Education,602.0783861897921,Fair,52.0,0.9048896341298865,2015-03-01,0
C01343,62.0,Female,South,High School,Salaried,70683.62161778961,21308.18273255105,Education,752.1283592169499,Good,40.0,0.11740577481919917,2021-06-25,0
C01344,41.0,Female,West,High School,Self-Employed,48389.22012414169,22011.853693974404,Auto,703.7795114191548,Poor,40.0,0.7896488586942876,2017-06-16,0
C01345,69.0,Male,East,High School,Self-Employed,39790.92096125798,19826.82517721489,Education,636.8923370524419,Good,43.0,0.534965999248752,2017-08-23,0
C01346,73.0,Female,West,Master,Self-Employed,101505.70449347407,23558.516091509468,Home,635.7898937710452,Good,45.0,0.6259906181610858,2021-01-20,0
C01347,32.0,Male,South,High School,Salaried,107427.7870118283,18437.6560614696,Home,656.9130626179413,Good,51.0,0.681852676184673,2018-05-23,0
C01348,46.0,Female,nan,Bachelor,Business,53788.119225277114,26178.554137565534,Home,649.58448208459,Good,38.0,0.4876171609228771,2021-05-05,0
C01349,25.0,Male,West,Bachelor,Business,65554.7484651672,12275.827476668896,Education,,Good,56.0,0.2630806616168764,2022-09-18,0
C01350,22.0,Male,West,Bachelor,Salaried,99082.64502345695,12690.245565339623,Home,507.44194037112635,Good,55.0,0.873151980205355,2017-06-06,0
C01351,46.0,Male,North,Master,Salaried,84226.70993348639,7075.202024090115,Business,590.1724500169229,Poor,43.0,0.7291621427273155,2019-12-02,0
C01352,64.0,Male,South,High School,Salaried,60330.52989803498,19674.73850089931,Auto,640.3611882001227,Good,41.0,0.5756512435300505,2019-01-11,0
C01353,21.0,Male,South,Bachelor,Business,46008.52204513345,8941.766340013597,Business,,Good,48.0,0.4811879309269598,2017-11-28,0
C01354,29.0,Male,South,Master,Business,43967.656459394675,34525.363893238165,Home,711.4503522796678,Poor,44.0,0.5244318841024707,2016-11-05,1
C01355,62.0,nan,West,High School,Unemployed,88833.87157305903,15690.593922061911,Education,632.8135148074434,Good,56.0,0.8000074768258941,2020-05-30,1
C01356,19.0,Male,North,Bachelor,Salaried,55824.93003160362,1000.0,Auto,790.5180181271464,nan,33.0,0.11062789583183816,2019-04-26,0
C01357,44.0,Female,North,Master,Self-Employed,54834.526373386645,8645.744594246753,Business,607.8879306328138,Good,43.0,0.8355347449726503,2021-01-29,0
C01358,48.0,Female,South,PhD,Salaried,80297.59165425567,21350.433529637092,Home,,Good,45.0,0.13973917716671505,2015-06-11,0
C01359,68.0,nan,North,Master,Salaried,67015.04497539533,26523.549290685878,Education,628.3353682872662,Good,53.0,0.623526106496345,2016-01-17,0
C01360,68.0,Female,North,Bachelor,Self-Employed,74736.0004429258,23539.273557268054,Home,682.9833543301116,nan,57.0,0.3831541866111192,2019-10-20,0
C01361,53.0,Female,West,Bachelor,Salaried,56899.16472887072,11776.603658525568,Business,729.9313346747783,Poor,58.0,0.6765008374694461,2017-03-20,1
C01362,53.0,Male,East,High School,Business,55859.717025148275,14287.70460064743,Business,695.6210719195323,Fair,45.0,0.17271147854046845,2020-03-13,0
C01363,43.0,Male,North,High School,Self-Employed,46638.99999785714,13116.597107513948,Auto,497.6902797900456,Good,41.0,0.5727976636005817,2020-08-26,1
C01364,60.0,Male,South,High School,Business,82724.20599342494,25666.351370150907,Education,687.489620785465,nan,47.0,0.8269490848692123,2018-02-10,0
C01365,44.0,Female,South,Bachelor,Salaried,67126.33052058719,21162.95135114271,Personal,574.1841393289221,Poor,43.0,0.520442180974921,2020-09-13,1
C01366,22.0,Female,North,Master,Unemployed,72328.88889999234,15525.968441869642,Home,626.7673116187792,Good,61.0,0.17169461157355115,2018-05-12,1
C01367,37.0,Male,East,Bachelor,Student,39506.586316458284,13405.402211471117,Education,701.6996890128003,Fair,48.0,0.13177166104181434,2018-04-01,0
C01368,28.0,Male,East,Bachelor,Unemployed,82392.68539849616,14770.599735057041,Personal,566.017931868872,nan,41.0,0.6280211464886747,2015-12-23,0
C01369,27.0,Female,East,Bachelor,Business,72801.9888446061,20084.863407115878,Education,736.6961005613788,Good,48.0,0.15910098970551997,2015-09-19,0
C01370,57.0,Male,East,Bachelor,Business,83257.59366597948,33408.21615268124,Home,623.4960575336576,Good,52.0,0.16059554129189896,2018-12-30,0
C01371,55.0,Female,North,nan,Self-Employed,73628.48274135146,21865.967417269425,Home,812.8203029688586,Poor,42.0,0.4616235801091193,2020-10-22,1
C01372,23.0,Female,nan,High School,Salaried,72150.40388492607,16633.944299668965,Auto,655.1508369345322,Good,41.0,0.2780820708011019,2022-10-29,0
C01373,25.0,Female,West,Bachelor,Self-Employed,19496.26962385903,15854.66059298446,Business,777.9007056988828,nan,38.0,0.27356650999070364,2016-02-11,0
C01374,40.0,Female,West,Bachelor,Business,93443.82605727504,37018.944374152896,Business,739.8259418400132,Good,52.0,0.5088297827038194,2020-12-03,0
C01375,64.0,Female,North,High School,Student,31988.55574789793,28247.263799064218,Business,604.1671188459127,Good,46.0,0.3386814682232134,2018-04-09,0
C01376,43.0,Female,West,Bachelor,Self-Employed,90926.88233066429,29787.111111740065,Auto,552.3731954274858,Good,48.0,0.2863765200798468,2018-12-31,1
C01377,63.0,Female,West,Master,Salaried,63179.82917699703,27473.903585930886,Business,658.5220520928159,Fair,53.0,0.5372523150460324,2019-05-28,0
C01378,60.0,Female,West,High School,Self-Employed,24832.041644466684,19500.593857182455,Education,606.3017661108369,Good,38.0,0.3472511783531199,2022-12-22,1
C01379,29.0,Male,North,High School,Student,62846.6856373584,31977.859379472422,Business,768.4789085065255,Good,52.0,0.16818737001893103,2018-05-02,1
C01380,43.0,Male,East,High School,Salaried,27494.148912418554,5321.867075010781,Business,631.4855621245533,Good,43.0,0.6803282100160029,2016-02-22,0
C01381,30.0,Male,nan,Master,Salaried,92699.5627763411,35509.41299346958,Home,627.4697031110919,Fair,40.0,0.5977668174565303,2019-01-29,0
C01382,57.0,Male,East,Master,Self-Employed,52106.563180914796,27421.389233806316,Auto,545.3076154447235,nan,39.0,0.28029956822814095,2019-08-18,0
C01383,35.0,Female,East,Bachelor,Salaried,38970.38037064264,24859.000061870436,Auto,681.4412759809827,Fair,52.0,0.5949094395306916,2017-01-17,0
C01384,42.0,Female,West,Bachelor,Salaried,81521.2033469608,12430.136758119097,Business,561.9333288539875,Fair,47.0,0.9122512118274501,2016-03-23,0
C01385,50.0,Male,South,Master,Salaried,63941.24609918827,29309.59138814883,Personal,683.1827684660536,Good,52.0,0.9130067681097084,2022-10-25,0
C01386,64.0,Male,East,Master,Unemployed,78004.17721823367,31450.471949323706,Home,693.5068794873503,Good,39.0,0.5521510487758479,2018-04-26,0
C01387,57.0,Female,South,Master,Salaried,62152.57853196975,12955.91085105653,Business,593.7743666019227,Good,52.0,0.18332525862797427,2015-07-28,0
C01388,60.0,Male,West,Master,Salaried,93916.33023874472,13260.223356599312,Personal,721.7434948263285,Fair,34.0,0.48945769940059447,2018-01-01,0
C01389,29.0,Male,North,Bachelor,Business,54962.17167742736,9663.911430565533,Education,629.3843420531571,Poor,,0.1229358761038873,2015-04-06,0
C01390,61.0,Female,East,Bachelor,Student,25602.786786062235,25479.894893255805,Home,539.6567228071835,Fair,36.0,0.45292108797887676,2022-12-03,0
C01391,53.0,Female,East,Master,Student,37642.402985164736,19018.42842186103,Auto,765.8965505235269,nan,42.0,0.8730060097816728,2019-03-27,0
C01392,65.0,Male,West,PhD,Salaried,75879.7018732767,41224.83410687088,Personal,580.7397069444261,Fair,49.0,0.4973271371295187,2015-02-20,0
C01393,21.0,Male,East,High School,Student,48555.08076009463,4659.098300490652,Business,688.030290594986,Good,37.0,0.5679142735433379,2016-07-16,0
C01394,22.0,Male,West,High School,Salaried,97084.64940603357,11293.808624483796,Personal,681.9345855535433,Good,,0.23433102714609355,2019-05-03,0
C01395,73.0,Female,West,nan,Business,35733.017912407624,20120.255847919423,Auto,679.1888505443259,Poor,39.0,0.11330305439732176,2015-05-13,0
C01396,54.0,Female,North,High School,Self-Employed,90455.51073086147,26650.11362432647,Education,677.8896436947601,Poor,43.0,0.9443763904507386,2017-04-21,0
C01397,25.0,Male,South,Master,Salaried,54173.76713154073,26197.45189361392,Personal,577.2359272579998,Good,41.0,0.3875186845967411,2020-03-11,0
C01398,59.0,Female,North,Bachelor,Self-Employed,97688.34700793844,20844.965942566556,Business,776.851220112704,Fair,38.0,0.33744748512118816,2018-09-23,1
C01399,66.0,Female,South,High School,Salaried,77640.77628132782,23523.923620784073,Personal,721.718686265048,Good,42.0,0.5855894052402897,2017-06-05,0
C01400,45.0,Male,East,High School,Unemployed,69812.62342546685,21184.336460622988,Education,685.62925484378,Good,44.0,0.7335207530688855,2017-11-12,1
C01401,48.0,Female,West,High School,Salaried,81610.00622572625,30493.655970176464,Personal,550.0267823363279,Poor,34.0,0.31369662829745,2016-04-30,0
C01402,26.0,Female,West,High School,Self-Employed,95666.3466270605,14437.45035856777,Education,,Poor,35.0,0.5455052724052885,2015-03-28,0
C01403,71.0,Male,North,Bachelor,Salaried,63729.91005293985,15570.091005594673,Education,699.3092470016873,Good,39.0,0.38274028170501384,2017-12-07,0
C01404,68.0,Male,North,Master,Salaried,,26894.32981764857,Home,499.7236916227387,Good,53.0,0.5088206815305532,2020-03-05,0
C01405,46.0,Female,East,nan,Student,95001.13882926526,35723.3987637452,Home,675.4027894955278,Fair,44.0,0.2371134267072456,2020-01-23,0
C01406,31.0,Female,East,Bachelor,Business,58218.88156208125,13657.515355973112,Business,550.1617401960784,Good,45.0,0.5336005378959982,2016-11-03,0
C01407,57.0,Female,South,Bachelor,Student,128997.48149421345,22411.82555152756,Business,584.8976166867791,Good,41.0,0.14024495232322173,2021-11-01,1
C01408,58.0,Female,West,Bachelor,Salaried,49932.70782524006,16215.730054202479,Business,544.1699294249303,Good,35.0,0.8139977337080689,2016-06-01,0
C01409,39.0,Female,West,Bachelor,Salaried,55480.103654109116,25547.65789092328,Education,668.4579811836727,Good,46.0,0.6335106996308504,2019-08-12,0
C01410,28.0,Male,South,Bachelor,Self-Employed,83611.13683082852,3587.2512680431246,Education,733.7271088875723,Fair,40.0,0.9002668662208024,2018-09-10,0
C01411,40.0,Female,West,High School,Self-Employed,84039.57130318444,16542.763265099697,Home,676.1013142859514,Good,42.0,0.6097721272786143,2016-04-19,0
C01412,18.0,Male,South,High School,Salaried,75565.59293917935,14257.910295782158,Education,684.3374786691685,Good,49.0,0.25484117159757225,2019-03-10,0
C01413,63.0,Male,East,High School,Business,51001.854062168946,16576.46026146742,Home,662.5969172116162,Poor,53.0,0.5114431457596144,2016-05-06,0
C01414,54.0,Female,South,High School,Salaried,35995.15327711351,1000.0,Personal,701.2020133152979,nan,48.0,0.6649911128005382,2016-10-07,0
C01415,38.0,Female,North,Master,Salaried,48072.86441370843,40244.4762756604,Business,685.0314210687511,Good,53.0,0.4180898402879871,2017-03-18,0
C01416,43.0,Male,West,High School,Salaried,27083.551782068622,1000.0,Business,446.36763545021137,Good,46.0,0.5697522282920429,2015-06-02,0
C01417,63.0,Female,South,Master,Self-Employed,116586.1384447185,24762.066700018822,Auto,717.9730053246234,Good,58.0,0.23828523445471927,2021-12-21,0
C01418,53.0,Male,East,PhD,Business,39384.4135365308,7060.812226006965,Home,710.0863971470676,Good,49.0,0.7605555346560201,2022-11-24,0
C01419,71.0,Male,South,nan,Self-Employed,57648.645902011696,7552.868636232128,Auto,622.8265377006195,Good,38.0,0.8731004735956459,2016-12-02,0
C01420,40.0,Male,North,PhD,Self-Employed,82311.23982610536,21380.22845089094,Business,501.93449542004805,Good,51.0,0.3676450914963385,2015-03-20,0
C01421,74.0,Female,North,High School,Salaried,65130.53538355677,26912.470088662063,Auto,668.1855519225805,Poor,45.0,0.7743316801277247,2018-12-26,0
C01422,18.0,Female,South,Bachelor,Unemployed,50216.59957994072,9245.242882366418,Personal,674.4995603102374,nan,41.0,0.17815369775781897,2021-10-05,0
C01423,71.0,Male,East,High School,Unemployed,61285.26225106393,8919.454427040979,Auto,616.9637388079367,Fair,,0.3096988167303619,2022-02-20,0
C01424,72.0,Female,South,Master,Self-Employed,,7051.001094899271,Personal,664.0024793260019,Fair,45.0,0.4925895564871139,2016-06-13,0
C01425,68.0,Male,East,Master,Salaried,58638.578508126455,22147.070447537615,Business,730.3880193477778,Fair,47.0,0.42844605551008275,2020-04-06,0
C01426,57.0,Female,East,Master,Self-Employed,74763.66426066632,9528.05008116309,Education,829.8141288721375,Good,46.0,0.6266819180088373,2018-01-17,0
C01427,32.0,Male,East,Bachelor,Self-Employed,39082.81715500426,32887.121948033935,Home,661.0177754686899,Good,46.0,0.578537246593347,2020-03-05,0
C01428,38.0,Male,South,Master,Student,92011.01740282221,8462.165249808848,Auto,675.0435261014932,Fair,38.0,0.17418118728559928,2017-05-26,0
C01429,64.0,Female,West,High School,Student,66817.16818205155,25418.00827317001,Personal,588.2158343610955,Fair,,0.2119402450039552,2022-04-13,0
C01430,26.0,Male,South,High School,Unemployed,50412.800939215915,35446.74680116238,Business,612.3955965517566,Good,54.0,0.14395488325692718,2017-05-24,0
C01431,70.0,Male,South,Master,Salaried,57109.153644776525,20688.208645975308,Business,639.7968027221391,Good,46.0,0.9097157087378632,2020-09-09,0
C01432,26.0,Female,North,Bachelor,Student,94186.26044691652,2096.3669312986167,Education,738.3288526542949,nan,53.0,0.6485426078118979,2019-07-22,0
C01433,27.0,Female,South,nan,Self-Employed,85460.21983578795,24000.686813402375,Business,711.4218317021043,Good,46.0,0.8272467361061633,2021-08-01,0
C01434,69.0,Male,North,High School,Business,70999.28976381695,17536.81920396732,Business,794.7015008005972,Good,34.0,0.5600743000629654,2022-08-21,0
C01435,74.0,Male,East,Master,Salaried,49988.254589920034,19583.57581798819,Education,538.2330368254843,Good,52.0,0.2647624591870301,2018-04-23,0
C01436,70.0,Male,North,Bachelor,Salaried,79206.09277846976,35860.44856789393,Business,550.7198772013271,Good,57.0,0.6326107477840422,2022-06-17,0
C01437,43.0,Female,South,Master,Self-Employed,65353.98698796259,20515.745909526646,Personal,732.6562201426949,Good,42.0,0.5295380905784103,2022-09-17,0
C01438,58.0,Male,West,Master,Salaried,108641.72571682467,25134.324114993295,Auto,758.6645282235867,Good,49.0,0.44696348513750694,2015-11-07,0
C01439,52.0,Female,South,PhD,Salaried,64061.37605190021,13379.490444017018,Auto,,Fair,55.0,0.41603448905829343,2022-01-26,0
C01440,69.0,nan,North,High School,Unemployed,107095.44408328013,17193.84238765665,Personal,315.0797102353342,Good,45.0,0.6525650415614512,2021-08-13,0
C01441,42.0,Male,North,PhD,Salaried,69870.77392790589,31231.90007441052,Auto,594.235312857594,Fair,54.0,0.6250974050454351,2015-11-27,1
C01442,43.0,Male,West,High School,Salaried,39078.87259633468,21363.274320456843,Business,675.1620239112043,Good,46.0,0.22883106433307618,2017-09-25,0
C01443,28.0,Male,North,High School,Salaried,147417.93843610346,22854.5949268138,Auto,582.54402600667,Good,45.0,0.7937887457592909,2022-11-03,0
C01444,55.0,Male,South,Bachelor,Salaried,28826.036961354665,30011.119697361803,Auto,663.8844617703287,Poor,47.0,0.6406775582309443,2015-12-23,1
C01445,19.0,Female,East,Master,Student,15581.89808298598,36301.96800176051,Business,792.3916586653983,Fair,55.0,0.5554371964462421,2020-11-16,0
C01446,24.0,Male,East,Bachelor,Salaried,15000.0,8441.736095586672,Auto,756.9599614696251,Fair,44.0,0.7365798922350795,2022-05-13,0
C01447,35.0,Male,East,Master,Salaried,133492.0533855379,15084.399438494238,Business,710.6669184027604,Good,35.0,0.23061641171439498,2015-09-08,1
C01448,44.0,Female,West,Master,Unemployed,118099.7610079463,34580.75395041061,Education,645.1663040871382,Good,37.0,0.8817587409527654,2015-10-23,0
C01449,51.0,Male,North,High School,Unemployed,68600.29266673567,39924.954086899765,Education,612.8998956574706,Fair,59.0,0.32999912393889086,2021-09-21,0
C01450,44.0,Female,South,PhD,Salaried,75853.55060023293,17380.443687413783,Auto,706.8313486458105,Good,48.0,0.3233437671019501,2021-08-03,0
C01451,34.0,Male,South,High School,Business,71273.03744426495,22713.338021452942,Education,,Fair,,0.7926671686272369,2022-04-23,0
C01452,60.0,Female,North,Master,Self-Employed,20733.595708407716,23511.85357560778,Auto,654.4778329529278,Good,39.0,0.3838925243824991,2017-10-29,0
C01453,61.0,Female,South,Bachelor,Business,101470.68866696251,22342.85146102156,Education,533.658829033923,Fair,44.0,0.8061019880854133,2016-09-25,0
C01454,68.0,Female,South,Bachelor,Self-Employed,98196.49818770538,22475.884827705562,Auto,596.4102213330581,Fair,51.0,0.3788083936671134,2021-06-04,0
C01455,71.0,Female,East,Bachelor,Student,34222.673518355754,33648.57387585674,Home,706.3895350487611,Good,,0.5680847863820684,2020-03-03,0
C01456,41.0,Male,East,High School,Salaried,73142.07734594317,1992.5694389052223,Personal,567.419986943856,Good,35.0,0.2962182013690433,2016-12-25,0
C01457,42.0,Male,South,Bachelor,Salaried,63164.64431518827,13447.4871038951,Education,669.9280323951843,Fair,51.0,0.7217923150047644,2017-08-31,0
C01458,24.0,Female,East,High School,Salaried,59721.02549812142,26387.392794771305,Business,680.9377696148105,Fair,40.0,0.24189993824215505,2016-07-15,1
C01459,69.0,Female,South,High School,Salaried,48022.56591076357,15037.694395119717,Personal,685.3165861815514,Good,46.0,0.8645167631811504,2018-09-28,0
C01460,23.0,Male,South,High School,Unemployed,,22864.700864335187,Auto,692.0198162268267,Good,35.0,0.41590150585996355,2018-03-19,0
C01461,70.0,Male,East,Bachelor,Self-Employed,51828.85415245933,30865.719049305226,Personal,697.0794539855049,Good,42.0,0.5008383093950853,2022-04-05,1
C01462,41.0,Male,North,Master,Salaried,91606.03237933817,36001.29099440466,Business,603.2155180968103,Good,51.0,0.12041860976125593,2016-08-25,0
C01463,50.0,Male,North,Bachelor,Salaried,64308.967559911296,22774.46582610794,Business,539.925907725412,Good,45.0,0.9294214711728346,2017-10-30,0
C01464,66.0,Male,South,Master,Salaried,47686.3760952765,34895.03363617231,Auto,584.4848440712487,Poor,40.0,0.7911990218031,2018-05-18,0
C01465,46.0,Female,West,Bachelor,Student,64369.6738250631,21418.6329820713,Education,704.7440897678683,Good,48.0,0.4799575711777677,2020-06-30,0
C01466,60.0,Male,East,Bachelor,Self-Employed,61467.527604860785,16964.659932822517,Education,559.9365054653229,Poor,33.0,0.8822221382158124,2022-07-17,0
C01467,39.0,Male,North,Bachelor,Self-Employed,60415.375405677216,4568.831451888504,Home,571.9541990086619,Fair,40.0,0.8914006904492854,2017-11-19,0
C01468,43.0,Female,West,Bachelor,Business,81927.21900850962,9967.105089043058,Business,571.5391999431745,Good,,0.5530943033840294,2019-02-01,0
C01469,45.0,Female,East,Bachelor,Business,58083.977267364375,20047.15960917291,Home,511.55191589425544,Good,50.0,0.2987731727523649,2021-01-06,0
C01470,67.0,Female,East,High School,Self-Employed,50723.017430788634,20256.49549189098,Business,563.9746725401151,Poor,47.0,0.514043784446935,2020-11-09,0
C01471,38.0,Female,West,Master,Salaried,30997.107164403402,22294.41902920567,Home,725.0297684992753,Good,40.0,0.3760788160300499,2016-12-13,0
C01472,66.0,Male,South,Master,Unemployed,64785.1271151433,38364.93719939752,Education,596.2426510463329,Good,37.0,0.4807877846590076,2015-12-30,0
C01473,24.0,Female,North,High School,Business,96133.83280139157,27511.27831419541,Business,518.829638258424,Poor,47.0,0.8746832261698639,2015-10-24,0
C01474,34.0,Female,East,Master,Business,61904.76187930319,28044.660906862748,Education,611.6267108814063,Good,37.0,0.33955939803971547,2019-02-21,0
C01475,37.0,Male,East,High School,Student,52455.024339155316,38279.7824915557,Personal,688.2910411920251,Good,39.0,0.8131217754826242,2023-03-19,0
C01476,58.0,Female,East,High School,Business,46069.10377779401,16435.534791758484,Education,512.6920426337254,Good,47.0,0.895005896046079,2021-12-07,0
C01477,66.0,Female,East,High School,Business,21904.13872493925,14910.901952850021,Business,721.4982732324509,Fair,38.0,0.7842948694133139,2016-08-03,0
C01478,37.0,Male,West,Master,Student,94411.30502762031,32224.56095604093,Personal,541.9264388480691,Good,54.0,0.5481653420930452,2016-10-15,0
C01479,71.0,Male,West,Master,Salaried,77117.5437556071,24858.331469259036,Home,620.3387270759986,Good,56.0,0.5793807153022885,2017-11-03,0
C01480,39.0,Male,West,Master,Self-Employed,84240.75725861153,19556.537878469135,Auto,619.3801167503287,Good,50.0,0.79668974636196,2016-11-17,0
C01481,45.0,Male,West,High School,Self-Employed,71276.73902442363,19394.406493745333,Business,607.8919919933355,Fair,35.0,0.13782569145256265,2022-10-02,0
C01482,57.0,Male,West,Bachelor,Salaried,44866.06008374799,18280.303284906116,Auto,645.1398726138858,Fair,38.0,0.7255404921688101,2021-08-03,0
C01483,66.0,Female,North,Master,Business,57078.91952221094,18990.03358580569,Auto,708.3920265482524,Good,42.0,0.5495373649526958,2022-02-15,0
C01484,24.0,Male,South,High School,Business,52486.5122854183,19972.069273379817,Personal,646.9398814022593,Fair,53.0,0.43756682648918155,2019-05-23,0
C01485,18.0,Female,South,Bachelor,Business,54578.49573220618,17025.45070135375,Home,604.5744754930053,Good,32.0,0.7518885285804029,2022-09-15,0
C01486,49.0,Female,West,High School,Student,54731.777750563386,25554.115258492788,Education,684.3011513570672,Good,32.0,0.32631014353639365,2017-07-21,0
C01487,30.0,Female,East,High School,Salaried,92619.40920139547,27465.416529872753,Personal,665.544779646688,nan,39.0,0.8612036685573805,2022-05-25,0
C01488,47.0,Female,East,Bachelor,Business,115542.87465385656,14353.148828552967,Home,599.787233005488,Good,63.0,0.6852146115669323,2017-11-30,0
C01489,40.0,Male,North,Bachelor,Self-Employed,43193.14762161508,29026.206787326275,Education,653.1726066563274,nan,52.0,0.6186322511899747,2015-03-28,0
C01490,68.0,Male,South,High School,Salaried,60769.756541859315,7286.281489334688,Education,,Fair,,0.5446522500690217,2017-04-20,0
C01491,73.0,Female,East,High School,Salaried,70419.55179284017,25037.573134162038,Home,585.0695953702293,Good,51.0,0.2808440098359326,2018-01-03,1
C01492,36.0,Female,North,High School,Unemployed,40488.677600784955,25537.51728708783,Education,710.4350910612429,Fair,41.0,0.624403215600963,2020-06-25,0
C01493,49.0,Female,South,High School,Self-Employed,66320.3050623566,19162.694503247923,Business,683.5219104926866,Good,38.0,0.7161768832995968,2020-01-13,0
C01494,47.0,Male,South,High School,Business,73790.93918332146,20573.895146872528,Business,707.7784726427411,Good,54.0,0.10993626018402543,2020-12-27,0
C01495,46.0,Female,South,Bachelor,Self-Employed,63049.71779434247,17665.290815066965,Personal,697.6346375863633,Fair,45.0,0.4114562755171216,2015-05-11,0
C01496,66.0,Male,East,Bachelor,Salaried,80675.71664798047,14923.48328257665,Education,583.458555570946,Poor,51.0,0.8075944826945057,2017-07-14,0
C01497,62.0,Female,South,Bachelor,Salaried,65008.21809170329,20005.059017199612,Education,725.0961447550094,Good,44.0,0.6373791744212651,2018-10-22,0
C01498,46.0,Female,East,Master,Salaried,15000.0,14537.006874433177,Home,627.6794667288558,Poor,47.0,0.6229798726602372,2021-02-04,0
C01499,47.0,Male,North,Master,Student,40987.411625878114,31395.337623731593,Business,719.6913367450412,Poor,33.0,0.29432078235423864,2017-05-16,0
C01500,33.0,Female,West,High School,Salaried,100810.18144094382,1000.0,Auto,640.6162542521528,Good,48.0,0.6372754234550511,2017-03-21,0
C01501,57.0,Male,South,High School,Student,78007.05154501733,18654.23932109951,Personal,673.4872315909492,Poor,42.0,0.7682275572011835,2021-09-19,1
C01502,36.0,Male,East,Master,Student,15000.0,1000.0,Business,675.7420946710263,Good,45.0,0.44149292713313504,2018-07-12,0
C01503,35.0,Female,East,High School,Student,27245.99554827316,9361.503690072035,Home,710.9900288963292,Good,44.0,0.2547783235415898,2021-07-23,0
C01504,18.0,Female,North,High School,Self-Employed,83045.50578070138,14231.909858011051,Personal,527.4090409243347,nan,36.0,0.16568311955094375,2022-12-18,0
C01505,31.0,Female,West,High School,Student,50596.13621612128,33395.873831156285,Auto,531.770171546793,Good,52.0,0.5298413164811696,2015-08-19,0
C01506,68.0,Female,East,Bachelor,Salaried,15000.0,31536.81099359996,Personal,700.3783148826632,Fair,42.0,0.6812798041774629,2021-12-09,0
C01507,64.0,Male,South,Bachelor,Salaried,91484.7641797424,20726.92421675876,Business,676.7271848745022,Good,38.0,0.23824337179029242,2017-09-03,0
C01508,67.0,Female,North,nan,Salaried,83096.77187269214,20638.62668876508,Auto,591.8267263858534,Good,45.0,0.45822708121145994,2018-09-09,0
C01509,19.0,Female,West,Master,Unemployed,44267.189011105605,30374.882160472316,Home,677.3231681762556,Fair,44.0,0.5833467277727185,2015-02-26,1
C01510,71.0,Male,West,Bachelor,Salaried,96125.64089308288,31313.54565524231,Personal,544.4029842422074,Good,37.0,0.23247966031786263,2018-07-10,0
C01511,45.0,nan,North,Bachelor,Self-Employed,45214.73314056046,14252.027037530695,Business,850.0,Good,43.0,0.3294064601429445,2020-10-02,0
C01512,66.0,Male,South,High School,Salaried,49427.37942966535,26727.618409006674,Home,748.3678540120957,Poor,61.0,0.6171513781732125,2021-10-04,0
C01513,67.0,Female,West,High School,Salaried,52857.61484072109,10435.514107648245,Auto,696.6727008055905,nan,40.0,0.7162703495257582,2020-06-24,0
C01514,47.0,Male,East,High School,Salaried,17613.185584326013,16105.34074602298,Personal,655.6722778008115,Good,35.0,0.6405943936906126,2015-02-28,0
C01515,55.0,Male,West,High School,Unemployed,75317.69418058604,25942.03731486044,Education,603.5953966396028,Good,44.0,0.7065890804978167,2021-10-13,1
C01516,68.0,Male,South,High School,Self-Employed,78002.6270619536,13423.00282821903,Business,551.7360320490594,Good,39.0,0.5942788070437627,2021-10-30,0
C01517,21.0,Female,East,High School,Unemployed,53536.80893960177,16450.095995398202,Business,641.4633029382932,Poor,48.0,0.8104579746762476,2018-12-13,1
C01518,18.0,Male,South,Bachelor,Self-Employed,82656.3343398713,3412.63748158385,Education,585.5179523228657,Good,55.0,0.8027255752407546,2017-05-16,0
C01519,25.0,Male,North,nan,Student,25221.850699543145,24508.2098762308,Home,,Good,44.0,0.7768104037762693,2020-03-21,1
C01520,46.0,Female,East,Bachelor,Self-Employed,82152.01096499928,11174.397892625815,Business,543.7432520169093,Poor,42.0,0.5891394038120563,2022-05-24,0
C01521,72.0,Female,nan,nan,Self-Employed,73134.95402475832,11788.680395118952,Home,668.7247288948329,Good,45.0,0.9450106716473694,2022-11-26,0
C01522,56.0,Male,South,Bachelor,Self-Employed,47732.80360391908,33552.36176771823,Auto,621.7254870632829,Good,48.0,0.13324521174580808,2021-03-09,0
C01523,20.0,Male,South,Bachelor,Self-Employed,75352.88668229387,13126.635560787265,Education,690.1303681119402,Good,41.0,0.2663051349191543,2022-10-31,0
C01524,49.0,Male,East,Bachelor,Business,42960.314674656656,27524.865538119102,Home,684.2824095241091,Poor,48.0,0.787545699063065,2015-05-13,0
C01525,27.0,Male,East,High School,Self-Employed,92627.77259510479,30992.283453903485,Auto,667.2098472559746,Good,41.0,0.8023486410832954,2023-03-07,0
C01526,27.0,Female,West,High School,Business,78176.2922315653,29172.98496609312,Personal,849.4580193540637,Good,53.0,0.7959398980549048,2018-06-09,0
C01527,36.0,Female,West,PhD,Business,74091.06711306528,17508.420684339173,Business,711.7779135174159,Poor,33.0,0.8418068456505045,2020-09-03,0
C01528,63.0,Female,North,nan,Salaried,53440.69576742816,15728.042672549986,Education,555.4575492012576,Fair,50.0,0.45921674566474524,2020-02-17,1
C01529,51.0,Male,nan,High School,Self-Employed,84379.54572799179,10866.83605528519,Personal,684.4052335941102,Good,52.0,0.8920584936460536,2016-12-12,0
C01530,50.0,Female,West,High School,Salaried,95092.76338487747,2384.926022186759,Personal,645.9485942773633,Good,49.0,0.27779490657581224,2017-07-23,0
C01531,40.0,Female,West,Bachelor,Self-Employed,105172.31751205528,27722.28101415589,Personal,,Good,49.0,0.8964062156883417,2015-02-17,0
C01532,72.0,Female,East,High School,Self-Employed,51367.82323726469,26771.939985331886,Home,543.377533994252,Good,42.0,0.5731767416813477,2020-09-30,0
C01533,45.0,Female,West,Bachelor,Student,85463.42631087877,24769.75018664681,Business,683.9902187959676,Good,48.0,0.2393014613324707,2020-10-08,1
C01534,49.0,Female,North,High School,Salaried,99886.01226468882,1000.0,Education,702.3160651158923,Good,38.0,0.7256655409185786,2021-11-25,0
C01535,67.0,Female,South,Bachelor,Salaried,58923.898433881324,18227.862959195423,Business,571.5307100506606,Fair,38.0,0.35149737550715476,2017-03-01,0
C01536,24.0,Male,West,High School,Salaried,100135.71703839823,26295.36476190197,Business,722.7625289895983,Good,42.0,0.28738894566517575,2019-01-16,0
C01537,46.0,Female,North,Bachelor,Salaried,68971.61682799544,32865.53120919829,Business,671.3685797611463,Good,47.0,0.24626397923930113,2022-11-07,0
C01538,25.0,Female,North,High School,Business,39533.655467433506,22989.146085285527,Auto,739.689436770689,Good,43.0,0.12499451693071136,2020-02-21,0
C01539,18.0,Female,West,Bachelor,Business,47250.868149156726,21938.92516101947,Auto,731.7215298754433,nan,53.0,0.749955911443852,2022-08-30,0
C01540,74.0,Male,West,nan,Business,28914.63909353622,13211.57455634452,Auto,638.1172313447756,Good,41.0,0.5135286319363077,2021-02-08,0
C01541,72.0,Female,North,Bachelor,Unemployed,64027.37248948652,23785.55591818963,Auto,772.6699797576571,Fair,48.0,0.9319223249217866,2018-06-16,0
C01542,20.0,Female,West,Master,Salaried,60995.41084412478,17631.6691111585,Business,565.691293240965,Good,47.0,0.47338083525505315,2020-10-12,1
C01543,41.0,Male,East,Master,Salaried,69709.75787266367,12706.346493640536,Business,829.2720878713021,Fair,47.0,0.8168479662561071,2021-06-26,0
C01544,40.0,Male,East,nan,Salaried,99042.55299830815,8425.747035902385,Education,584.0910739635578,Good,46.0,0.9228804380797228,2020-01-18,0
C01545,25.0,Female,West,Master,Unemployed,64589.16726998103,10542.840747705884,Education,646.3997951241739,Good,44.0,0.11909275918073217,2016-09-20,0
C01546,71.0,Female,South,Bachelor,Business,58321.767233935665,23249.206263702567,Education,607.4608776040428,Fair,52.0,0.18952105705236705,2023-02-23,0
C01547,74.0,Female,North,Master,Self-Employed,60012.369865767716,6121.225371126284,Education,621.7406759090195,Good,49.0,0.39568420431454987,2019-05-08,0
C01548,64.0,Male,South,High School,Salaried,18666.26219826546,17058.922290760507,Education,850.0,Good,42.0,0.8395987596064516,2016-09-03,0
C01549,54.0,Female,East,Bachelor,Salaried,82086.6319545855,33078.09329358055,Auto,615.2959484441692,Good,44.0,0.8122578797491137,2019-10-09,1
C01550,20.0,Male,East,nan,Student,61230.18812598931,5658.8160244712235,Business,713.8331279219691,Good,46.0,0.41172477047243283,2023-02-26,0
C01551,68.0,Male,West,Master,Salaried,67008.29403798064,24492.57756078873,Education,632.3447816535187,Fair,40.0,0.26991842612994277,2022-08-10,0
C01552,50.0,Male,West,nan,Business,59980.87653682517,25471.794809536354,Home,720.2412822190811,Good,38.0,0.7819727495435197,2019-03-30,0
C01553,45.0,Male,East,Master,Salaried,68184.62749567494,17087.08213363878,Education,609.1880361221756,Good,45.0,0.6073774007028538,2016-07-25,0
C01554,64.0,Male,West,Master,Salaried,32206.03638811707,26221.351865315606,Education,669.2099070244378,Good,45.0,0.12686039723893952,2019-08-16,0
C01555,25.0,Male,North,Master,Business,64972.986068625105,18119.624851603978,Business,697.1523725354557,Good,45.0,0.783583542812366,2022-02-26,0
C01556,51.0,Male,North,Master,Salaried,49899.19273886489,27952.76810039004,Auto,595.8641409997639,Good,66.0,0.913416736405399,2022-09-15,1
C01557,52.0,Male,West,Bachelor,Business,65873.22834386947,9319.165603926132,Personal,850.0,Good,49.0,0.13577394290194544,2021-09-24,0
C01558,49.0,Female,North,PhD,Business,39625.93966928295,38890.49692779681,Business,701.0705782425348,Good,44.0,0.3429925623927662,2015-01-21,0
C01559,41.0,Male,North,Master,Self-Employed,76964.11351000954,34372.50586468888,Auto,633.0521784111968,Poor,51.0,0.7965452294707466,2023-03-11,1
C01560,31.0,Male,East,Master,Business,65535.13303844937,1000.0,Home,597.707411236198,Good,46.0,0.5969522302833997,2016-06-30,0
C01561,49.0,Female,South,Bachelor,Self-Employed,32613.01836440374,31724.249199675207,Personal,656.8792267720237,Poor,61.0,0.9409527909614029,2016-03-29,1
C01562,73.0,Male,West,Bachelor,Salaried,88658.38907161784,14229.799470206006,Auto,558.8001492039898,Fair,42.0,0.8781775534011771,2019-02-15,0
C01563,63.0,Female,South,High School,Business,52141.46848573469,34325.09819822543,Auto,783.6721447887458,Good,39.0,0.2515308143769557,2018-03-23,0
C01564,60.0,Male,North,PhD,Self-Employed,56034.5012659237,30088.69502767141,Business,682.3440329300811,Good,44.0,0.6729240249435013,2017-10-11,0
C01565,33.0,Male,South,Bachelor,Salaried,84955.4238392665,9128.327342836808,Auto,643.4010449441454,Good,55.0,0.6552939330639936,2020-08-14,1
C01566,21.0,Female,East,High School,Unemployed,91834.50287846576,25750.853104396334,Education,728.4483390767534,Good,40.0,0.1942286876219096,2020-07-02,0
C01567,69.0,Female,South,High School,Self-Employed,53353.0538805063,12991.570144637364,Auto,595.8863916435524,Fair,40.0,0.17609109614825405,2022-06-13,0
C01568,54.0,Female,East,Master,Unemployed,67787.12042877695,25380.383639249165,Personal,563.3030310177172,Fair,47.0,0.5840274994845757,2023-02-16,1
C01569,71.0,Female,West,Master,Unemployed,82049.22151233687,20460.358101126654,Auto,640.2400196203447,Good,37.0,0.44252716065622444,2022-05-04,1
C01570,38.0,Female,West,Master,Salaried,96581.53555827877,12705.098892385933,Home,659.5657737102193,Good,33.0,0.5636290279278774,2017-08-05,0
C01571,31.0,Male,South,Bachelor,Self-Employed,67216.93291812888,6630.187195241613,Education,689.7939654944578,Fair,39.0,0.3030041866729132,2022-06-24,0
C01572,48.0,Male,South,Bachelor,Salaried,76793.41036188557,22300.726831454533,Personal,539.279156267583,Good,51.0,0.5731635798976531,2017-02-26,1
C01573,72.0,Male,East,Bachelor,Salaried,42151.4161922998,24640.724064288916,Personal,615.7762377485576,nan,48.0,0.42588600653359165,2017-01-15,0
C01574,65.0,Male,West,High School,Unemployed,27192.41924441164,18421.534437886825,Business,418.7401405123584,Good,48.0,0.8544068902946649,2015-11-08,0
C01575,35.0,Female,nan,Master,Business,78872.44817519661,12258.750310484787,Business,561.3238121820432,Good,47.0,0.3601736632628957,2018-09-07,0
C01576,24.0,Female,North,High School,Salaried,44826.84201274288,15167.859094171516,Education,703.6446150275303,Poor,41.0,0.8402093710071501,2022-05-02,0
C01577,27.0,Male,East,Bachelor,Self-Employed,41891.07170353802,9037.709007465026,Personal,722.0769356431051,Good,44.0,0.4314935083404946,2016-06-03,1
C01578,24.0,Female,South,Bachelor,Student,81035.49422166792,27361.028732976658,Home,564.3496598515235,Fair,58.0,0.5914410053286617,2022-12-08,0
C01579,50.0,Female,North,Bachelor,Self-Employed,61313.77730548694,1000.0,Auto,625.6546588194218,Good,52.0,0.3434204841782843,2015-03-05,0
C01580,40.0,Male,North,PhD,Business,70689.25707037744,29517.248450020626,Auto,651.9204616345995,Poor,42.0,0.7877256077207374,2019-08-20,0
C01581,38.0,Male,South,High School,Business,32918.935821350635,19240.623628292167,Auto,730.8582604131583,Poor,47.0,0.8170995709083079,2022-05-20,1
C01582,36.0,Male,South,Master,Salaried,42223.2228430105,25216.414117302742,Business,764.6821149887742,Good,45.0,0.7876928206348118,2022-03-16,0
C01583,65.0,Male,North,High School,Salaried,105765.47450290906,26197.561240663592,Personal,661.4811691417267,Good,42.0,0.6438610016142974,2018-10-24,0
C01584,36.0,Male,East,High School,Business,48549.85372444659,21172.918679642517,Personal,630.4537508313326,Fair,43.0,0.3590664827121186,2015-01-15,1
C01585,53.0,Female,South,Bachelor,Self-Employed,59917.687372977765,16099.708133421515,Home,541.7229793474525,nan,36.0,0.6410150548028315,2018-09-09,1
C01586,46.0,Male,East,High School,Self-Employed,70934.07513678263,31061.329954666246,Business,658.1051925920796,Fair,39.0,0.9155849258043738,2018-09-04,0
C01587,35.0,Male,South,Master,Business,38250.97855362293,2846.8073115097177,Home,805.6191876117699,nan,46.0,0.6511275507152325,2020-11-08,0
C01588,19.0,nan,North,Bachelor,Business,98819.99614239299,33017.9276664542,Personal,746.7644412452989,Good,56.0,0.9129340563942481,2023-03-01,0
C01589,18.0,Female,South,High School,Salaried,65187.5743620422,8766.746125833834,Auto,663.1143722194179,Poor,46.0,0.3588933848307877,2018-08-19,0
C01590,64.0,Female,North,High School,Salaried,59089.63424303412,16743.92113826065,Business,672.7533356525083,Good,50.0,0.8191009100677205,2019-02-12,0
C01591,22.0,Male,East,Bachelor,Salaried,,34313.1261290137,Business,598.3612728910957,Good,39.0,0.7106982110902894,2020-07-28,0
C01592,37.0,Male,North,Master,Self-Employed,87794.99866026864,42294.64642912334,Business,623.2148278417608,Good,48.0,0.796323473638197,2018-10-23,0
C01593,28.0,Female,East,Bachelor,Salaried,114174.77205926666,21819.710918788573,Auto,661.0699381688262,Fair,41.0,0.7041485217138076,2018-08-18,1
C01594,59.0,Male,North,Bachelor,Self-Employed,54074.19269176341,6453.945658417477,Business,661.2975755238832,Good,52.0,0.508308435395047,2022-10-22,0
C01595,19.0,Male,East,Master,Salaried,119831.93757651525,28539.244220286815,Education,725.8062449677295,Poor,56.0,0.6835887330245126,2020-08-19,0
C01596,20.0,Female,West,Bachelor,Self-Employed,81153.50651505232,19609.707237504936,Business,722.1562199555972,Poor,45.0,0.8922764258033655,2019-01-02,0
C01597,40.0,Female,North,High School,Salaried,107260.08607536045,9379.633337245137,Auto,689.0425085158312,Fair,44.0,0.45491000625586075,2021-05-15,0
C01598,72.0,Male,South,Bachelor,Self-Employed,89645.09775860756,22191.70213690433,Business,575.0640366350533,Good,39.0,0.9089834984320166,2015-05-13,0
C01599,29.0,Male,North,Bachelor,Salaried,48950.47566136296,6902.60498011054,Education,577.8938509113648,Good,53.0,0.14198998860367296,2016-05-30,1
C01600,37.0,Male,East,Master,Salaried,44157.271101034145,21950.47080552218,Education,583.4081397286561,Good,46.0,0.11204677964729248,2016-02-18,0
C01601,22.0,Male,South,Bachelor,Unemployed,19896.93200720982,10797.564891758533,Business,667.6640216904997,Fair,52.0,0.5197324248169799,2015-08-13,0
C01602,54.0,Male,East,nan,Salaried,15000.0,1000.0,Personal,498.02592089328937,Good,53.0,0.8212360093341378,2018-06-17,0
C01603,55.0,Male,East,High School,Self-Employed,49693.355867215316,3382.760523661753,Personal,649.5293695651534,Fair,48.0,0.31066005543081415,2017-06-27,1
C01604,47.0,Male,West,nan,Unemployed,96675.12496555157,13924.024856956457,Home,755.6482037340602,Good,41.0,0.6894102774706559,2018-02-15,0
C01605,26.0,Female,East,Bachelor,Self-Employed,52546.8209946227,25018.679368358924,Education,700.011952601048,Fair,48.0,0.5648692252423119,2016-02-20,1
C01606,51.0,Female,East,Bachelor,Unemployed,48089.302848019186,32540.69335623554,Personal,623.6954291790662,Good,34.0,0.34717584263458234,2016-02-21,0
C01607,70.0,Female,South,High School,Salaried,82490.90692379329,34275.66359154932,Home,597.6308439687665,Fair,47.0,0.34292438466385033,2022-11-13,0
C01608,61.0,Male,West,Bachelor,Self-Employed,43461.67079542684,4880.026868916491,Personal,710.4286463582512,Good,46.0,0.16228477066068114,2022-05-09,0
C01609,52.0,Male,West,Master,Self-Employed,111014.12795265288,17754.683622319426,Business,672.9541524539205,Good,42.0,0.5557819196129934,2019-10-01,0
C01610,69.0,Male,South,Master,Salaried,58458.31279385897,13897.646928883682,Education,631.5175660562944,Poor,28.0,0.4826197763322376,2019-06-28,0
C01611,39.0,Male,West,High School,Salaried,88267.21584780094,18936.790761871816,Personal,605.8226840820394,Good,57.0,0.34600956555330725,2020-11-29,1
C01612,61.0,Male,South,Bachelor,Salaried,59998.314859904465,34104.61826357984,Business,655.7287242265455,nan,45.0,0.9248675046145228,2017-11-03,0
C01613,41.0,Female,West,High School,Self-Employed,65614.42855682858,21611.519901873107,Home,627.2722427009759,Good,37.0,0.7957035366908076,2019-06-29,0
C01614,34.0,Female,West,nan,Unemployed,93177.14563880583,28677.66960532883,Business,708.8284677437535,Good,56.0,0.5462082159570972,2020-06-01,0
C01615,27.0,Female,North,Master,Salaried,70733.76068406843,42114.69952975141,Home,743.0876821984037,Good,,0.5434486109899312,2020-01-05,1
C01616,47.0,Male,East,High School,Salaried,102344.85869670314,4351.418090284309,Personal,547.4562629117963,nan,47.0,0.26456993215298497,2020-04-21,0
C01617,73.0,Female,South,Master,Salaried,45417.90552999217,15250.587437871727,Auto,558.063532060337,nan,54.0,0.6517581515666419,2016-02-07,0
C01618,63.0,Male,South,PhD,Self-Employed,32524.262923696842,25712.261567782443,Business,751.1042140736549,Good,44.0,0.9105901692508837,2020-07-16,0
C01619,40.0,Male,South,Bachelor,Business,21266.842929258397,22665.514439911596,Auto,662.4364206997966,Good,43.0,0.8635460841466549,2020-07-18,0
C01620,49.0,Male,East,Master,Salaried,96374.14321570782,30486.590282133504,Education,565.1262022408368,Fair,39.0,0.17205537316683547,2015-04-17,0
C01621,34.0,Female,North,Bachelor,Salaried,87539.71123055552,16161.967801385294,Auto,723.7438704995482,Poor,50.0,0.14513261204893774,2017-10-23,1
C01622,67.0,nan,North,Bachelor,Business,58359.051767193116,22059.94303666628,Education,675.6263824916624,Fair,45.0,0.9170582891239345,2023-03-18,0
C01623,68.0,Male,East,Bachelor,Unemployed,72468.8827997047,12437.783125889655,Personal,815.243432144367,Poor,46.0,0.269919968542066,2016-10-08,0
C01624,34.0,Female,North,Bachelor,Self-Employed,91736.08188890057,30638.63464077885,Personal,632.3523742050844,Good,51.0,0.5678519742655821,2015-11-23,0
C01625,31.0,Female,North,Bachelor,Self-Employed,60244.19731901362,20420.927341247825,Business,733.1527997801535,Fair,59.0,0.16350333505149303,2022-09-05,0
C01626,26.0,Male,North,High School,Salaried,20998.680496179673,34037.70260315929,Auto,541.3374170650429,Fair,40.0,0.8168029238174433,2016-03-13,1
C01627,57.0,Male,South,Master,Salaried,21317.365784190522,34110.71062345523,Education,754.7020662622679,Good,46.0,0.20018483484860855,2017-11-27,0
C01628,19.0,Male,South,Bachelor,Salaried,,7183.817578943237,Education,720.8120043658366,Fair,43.0,0.6471935758844137,2016-07-28,0
C01629,62.0,Female,North,Bachelor,Salaried,67555.11273551137,35649.576350286756,Auto,770.326057534533,Poor,50.0,0.14813378315244666,2020-07-30,1
C01630,42.0,Male,nan,Master,Unemployed,41459.3799288251,29310.865203268433,Personal,733.2935238131552,Poor,56.0,0.23317109497727898,2022-11-19,1
C01631,56.0,Female,East,Bachelor,Self-Employed,90837.18231920898,18434.429932504478,Personal,642.5713860593241,Good,50.0,0.5353199159968264,2018-10-31,1
C01632,26.0,Male,South,Bachelor,Salaried,33160.02497410544,28412.275067319417,Education,562.1655076972356,Good,53.0,0.13883246967320395,2015-01-06,0
C01633,71.0,Female,South,nan,Salaried,47663.42429133921,14921.129256397388,Business,604.8460324726972,Good,47.0,0.2662708576636138,2016-10-01,1
C01634,39.0,Male,South,Master,Salaried,19466.244771446472,33610.45597659923,Personal,517.9137209601411,Good,47.0,0.21574645772779155,2015-11-04,0
C01635,60.0,Female,East,High School,Self-Employed,53870.20719632475,20991.84693859559,Home,580.9325726612218,nan,49.0,0.13448877617022537,2021-01-28,0
C01636,63.0,Female,North,Bachelor,Salaried,65178.03422038035,28879.54245206013,Education,681.9396011906324,Good,38.0,0.9253472546839507,2018-12-14,0
C01637,21.0,Female,North,nan,Salaried,91943.96460295808,13691.457114999655,Auto,646.4185340881111,Fair,43.0,0.48264134098579536,2017-07-21,0
C01638,43.0,Female,West,Bachelor,Self-Employed,67999.6095959533,22817.080039994973,Auto,633.2307394900835,Good,48.0,0.8300954508976562,2018-09-05,1
C01639,46.0,Male,South,Bachelor,Salaried,83522.50814670547,28859.443236003517,Education,590.5172813039377,Good,48.0,0.4044893453656949,2017-08-01,0
C01640,62.0,Female,South,High School,Salaried,90127.83061062716,23077.505562062328,Education,517.0700741856286,Good,39.0,0.13620317406204152,2018-05-01,0
C01641,51.0,Male,West,High School,Salaried,74806.86887188478,25613.98746391748,Personal,,Good,57.0,0.6913057054609684,2020-04-04,0
C01642,40.0,Male,East,Master,Salaried,42584.70691404294,12402.537289414016,Education,678.4370144351483,Good,39.0,0.13294106254374644,2016-03-07,0
C01643,54.0,Female,South,Master,Salaried,75115.10087607504,23045.37398515958,Education,,Fair,50.0,0.5698648885308307,2015-06-14,0
C01644,28.0,Male,East,nan,Salaried,102195.1087080128,12454.064309665991,Home,609.991979737721,Fair,39.0,0.2182452146383086,2018-10-03,0
C01645,23.0,Female,North,Master,Business,57126.471005432235,19816.381829043527,Auto,,Good,55.0,0.6701944272651628,2020-09-27,0
C01646,35.0,nan,East,High School,Business,78866.27348032895,15070.668427189335,Personal,736.9623465180225,Good,53.0,0.8587983171367579,2017-11-28,1
C01647,38.0,Male,South,High School,Self-Employed,78220.84584374403,17953.735196518443,Business,538.6681578703287,Fair,45.0,0.9123992348309334,2021-01-20,0
C01648,59.0,Female,West,nan,Unemployed,55775.583712165746,2483.733303707584,Personal,643.6522709576933,Fair,44.0,0.5486098986479143,2018-05-02,0
C01649,53.0,Male,nan,Bachelor,Salaried,88433.22681085208,20264.660896156754,Auto,759.1216761779189,Good,40.0,0.5527981632682446,2019-01-13,0
C01650,58.0,Male,West,Bachelor,Unemployed,55382.70937981958,18924.70192191914,Business,633.768425201936,Good,40.0,0.1325371898021441,2022-11-20,1
C01651,55.0,Male,West,PhD,Salaried,76326.28915654807,4846.119735207039,Education,629.8292608694628,Good,37.0,0.7543947214470672,2019-06-28,0
C01652,51.0,Female,East,Bachelor,Salaried,59015.65143878156,23412.659454726392,Home,731.9553220057307,Good,47.0,0.9127771531994201,2015-10-01,0
C01653,34.0,Female,South,High School,Salaried,66090.69927748395,28260.229229617406,Home,724.0301933206412,Good,43.0,0.472499005247489,2022-06-21,0
C01654,54.0,Female,South,Master,Salaried,88339.33338620745,23152.74070949333,Auto,720.147750903545,Good,46.0,0.7746382823743265,2017-05-15,0
C01655,42.0,nan,East,nan,Student,16325.785106544361,27856.842495727306,Auto,630.3511438119402,Poor,54.0,0.7778380167150037,2017-01-09,0
C01656,55.0,Male,West,High School,Salaried,80424.91952397689,14730.187316761596,Home,699.7166012206285,Good,45.0,0.7678457282621589,2021-12-25,0
C01657,29.0,Male,North,Master,Salaried,82679.20787271904,17872.174872779084,Business,762.1059135466415,Fair,46.0,0.744878821438972,2018-04-05,0
C01658,40.0,Female,West,Bachelor,Salaried,50627.47867373901,20741.755012471975,Business,646.2594726148567,Good,53.0,0.2828322261725563,2019-01-22,0
C01659,70.0,Male,West,Bachelor,Salaried,64216.11781559935,21459.903611612837,Personal,619.7442784014747,Poor,37.0,0.7387111396386401,2022-04-17,1
C01660,59.0,Male,nan,PhD,Salaried,40594.852434830165,1000.0,Education,742.2554479317226,Fair,54.0,0.22273607397125988,2019-03-19,0
C01661,39.0,Male,West,nan,Salaried,45024.622314662825,10791.143695816705,Business,803.4079852172842,Poor,51.0,0.7056275809608769,2016-11-19,0
C01662,38.0,Female,South,High School,Salaried,71773.91498101836,30023.442202797756,Education,808.6253662674367,Fair,49.0,0.10300796964838974,2017-11-17,0
C01663,44.0,Female,North,High School,Unemployed,130628.48541496533,12176.666001504542,Auto,621.9116375168787,Fair,43.0,0.8810012824427261,2020-12-31,0
C01664,74.0,Male,North,High School,Salaried,81599.10476061839,17530.811638259376,Business,629.4469812877331,Good,55.0,0.8032804900245532,2016-04-27,1
C01665,48.0,Male,South,Bachelor,Salaried,43792.1403224399,19478.710767941426,Business,572.8128250147588,Good,39.0,0.680518941619671,2018-02-20,0
C01666,23.0,Female,East,High School,Self-Employed,84394.87779944378,6596.4864869607445,Business,658.8539243311099,Poor,42.0,0.18029761220929147,2020-12-03,0
C01667,44.0,Female,West,Bachelor,Student,79522.21329229623,35801.641876978865,Personal,569.4410801406863,Fair,34.0,0.801240268825419,2020-08-31,0
C01668,57.0,Male,West,High School,Salaried,21828.357640509756,19686.902405633333,Auto,610.502491871938,Good,42.0,0.8438977422349548,2021-07-11,0
C01669,51.0,Female,East,Bachelor,Salaried,57102.9748787655,11435.390894128215,Home,702.5847348621793,Poor,38.0,0.6847896329949618,2015-11-29,1
C01670,29.0,Male,North,High School,Student,61436.3190534648,26484.564959587704,Personal,679.2483057604547,Good,39.0,0.9295036389907568,2019-03-13,0
C01671,62.0,Male,North,Master,Salaried,67952.02749746974,17032.759870064834,Personal,514.1959021124729,Good,35.0,0.17894746318869542,2021-05-20,0
C01672,74.0,Female,North,High School,Self-Employed,64212.123520488196,20587.759509214542,Business,767.771922370579,Fair,60.0,0.7023521446378441,2018-11-24,0
C01673,70.0,Female,South,Bachelor,Salaried,68694.17373666186,34088.55308167872,Personal,568.4752934636198,Good,45.0,0.5460766294532834,2015-03-05,1
C01674,24.0,Male,East,Master,Unemployed,41621.37504028329,14588.065174493782,Home,577.9299557090748,Good,45.0,0.22376520948915296,2018-04-26,1
C01675,27.0,Female,North,Master,Student,56871.750041689265,31427.849929859884,Personal,557.0808386176664,Good,37.0,0.6596519962853026,2018-04-08,0
C01676,62.0,Female,South,High School,Business,58355.316577504345,16578.028657787414,Personal,600.4037496076993,nan,43.0,0.7795989913577467,2020-07-04,0
C01677,34.0,Female,North,High School,Salaried,93999.0551860265,20682.535683050613,Business,582.739521600063,nan,40.0,0.24003600497000868,2018-11-11,1
C01678,43.0,Female,East,Master,Salaried,47562.520239578465,23031.294530691815,Auto,584.5674919108324,Good,52.0,0.77446710396255,2019-07-02,0
C01679,38.0,Female,South,Bachelor,Salaried,58887.843235050765,16553.860524803396,Home,465.17959612014164,Good,44.0,0.17902502926924962,2021-05-13,0
C01680,45.0,Male,South,Master,Unemployed,56099.964656802156,9832.637318698284,Business,659.7445544040361,Good,47.0,0.6026900943845557,2019-12-29,0
C01681,63.0,Male,South,Bachelor,Unemployed,104684.39167366666,24531.72848346344,Personal,667.404887586167,Poor,42.0,0.7786995930222,2015-07-16,0
C01682,19.0,Male,nan,Bachelor,Salaried,81629.14109855946,31214.870325811222,Home,818.3305053419158,Poor,50.0,0.2240633090215428,2015-01-24,0
C01683,71.0,Male,North,Bachelor,Self-Employed,41657.557721710065,26268.06400418837,Education,686.475574824917,Good,48.0,0.585791230507357,2016-07-30,0
C01684,60.0,Female,East,Master,Salaried,74936.16643881905,25979.27080024252,Personal,612.7558235211391,Fair,34.0,0.4611464818426888,2017-03-01,0
C01685,18.0,Female,East,PhD,Salaried,39709.47920217339,15424.110947404988,Auto,559.9463766144934,Fair,50.0,0.616184079102672,2016-08-14,0
C01686,68.0,Male,East,High School,Self-Employed,71514.33015076215,26883.606091975977,Personal,642.7792655150554,Good,54.0,0.4605884453484701,2020-08-17,0
C01687,70.0,Male,West,Bachelor,Salaried,99150.7456819497,23581.42677804151,Auto,683.654216704442,Good,45.0,0.31327508858378894,2016-07-10,0
C01688,53.0,Female,South,High School,Salaried,16092.00447313593,28628.960522352914,Education,612.2488535510716,Good,50.0,0.31573926417241854,2021-11-25,0
C01689,68.0,Male,South,Bachelor,Salaried,39794.65746045888,20986.799262208024,Business,654.5762019761429,Good,49.0,0.8349951589761143,2016-01-01,1
C01690,43.0,Female,North,Master,Business,68896.07538902602,25967.675799790657,Business,792.3015570544115,Good,57.0,0.232986170260154,2019-08-02,0
C01691,46.0,Male,East,Bachelor,Unemployed,55099.851633291975,15167.695500466121,Business,621.1917404720627,Good,41.0,0.20464711353132878,2019-05-12,1
C01692,38.0,Female,South,PhD,Student,70348.55752697447,26953.66485376524,Home,508.49183339056333,Good,55.0,0.1825172721496428,2017-11-01,0
C01693,28.0,Female,North,Bachelor,Business,62916.71312811479,7403.602206959489,Auto,715.5115090543576,Good,46.0,0.16303155139519415,2023-02-01,0
C01694,57.0,Male,East,PhD,Self-Employed,22980.302561191922,16653.36429087167,Personal,673.574108436129,Fair,37.0,0.11231836074504534,2015-03-04,0
C01695,28.0,Male,East,Master,Salaried,80549.5248505285,13026.552665057423,Home,521.8255991556565,nan,52.0,0.23634496057007043,2018-04-01,0
C01696,53.0,Male,North,High School,Student,31629.28542304205,55058.71403544915,Home,682.0732757957221,Poor,36.0,0.26381831966784797,2022-02-10,0
C01697,66.0,Female,East,High School,Self-Employed,70137.97682209285,26521.335108484756,Personal,575.160233814669,Fair,41.0,0.32926545122208256,2019-05-06,0
C01698,56.0,Female,East,Bachelor,Self-Employed,53637.45747891025,9161.904886729424,Education,683.0991801773305,Fair,45.0,0.20543355811694228,2017-07-02,0
C01699,57.0,Male,North,High School,Self-Employed,125026.75820593079,6322.698907137656,Business,793.0447631903219,Good,39.0,0.1800324758322464,2021-09-15,1
C01700,52.0,Female,South,Bachelor,Business,61977.828207180646,2542.993970798707,Education,636.7272999242584,Good,57.0,0.5602552168451324,2016-10-27,1
C01701,71.0,Female,East,Bachelor,Salaried,73774.98979424313,8602.749308391523,Education,731.2453399277365,Good,45.0,0.7108834763076699,2017-03-03,0
C01702,51.0,Male,East,nan,Salaried,78849.2231420485,11512.361256294917,Business,557.8634511610717,Good,38.0,0.6356591007615858,2019-02-11,0
C01703,72.0,Male,South,Bachelor,Self-Employed,73440.53826259653,10246.467117325612,Education,536.043564024674,Fair,44.0,0.5732004136170179,2021-11-16,0
C01704,64.0,Female,South,Master,Unemployed,64332.97165403967,15328.621161345103,Home,,Good,40.0,0.47447920632324725,2021-04-11,0
C01705,41.0,Female,East,PhD,Self-Employed,40235.62529479481,28345.015615853183,Personal,673.0861260167253,Fair,43.0,0.638883210889924,2021-10-12,0
C01706,71.0,Female,West,Master,Salaried,62204.767941605656,18008.69022481477,Home,697.7502455871003,Good,42.0,0.8665867551187972,2017-08-11,1
C01707,39.0,Female,East,High School,Salaried,18352.856300535437,27129.013630851463,Home,736.4016727134033,Good,36.0,0.6333056582585845,2020-07-19,0
C01708,22.0,Female,North,Bachelor,Business,77188.95012913411,9349.131158212505,Auto,610.4138892651532,nan,40.0,0.15173191969550243,2022-10-04,0
C01709,73.0,Male,South,Bachelor,Business,138012.2601105153,16174.531848629864,Business,711.8837269822001,Good,43.0,0.5848560550662398,2015-02-17,0
C01710,50.0,Female,West,Bachelor,Self-Employed,69417.2633557544,10620.095281414475,Business,700.5158121731613,Good,54.0,0.5455822893608804,2020-08-23,0
C01711,53.0,Female,North,Bachelor,Salaried,73487.70033717519,24427.213922066658,Home,552.8896384413226,Good,45.0,0.48421976038832804,2021-09-04,0
C01712,64.0,Female,nan,Master,Unemployed,26202.314046689113,18188.45708934863,Business,763.4738983559515,Good,50.0,0.583476013502681,2022-06-18,0
C01713,37.0,Male,West,Bachelor,Self-Employed,44601.005955328525,37730.78005928677,Auto,748.014538698465,Fair,44.0,0.6717250133846189,2017-12-23,0
C01714,36.0,Male,North,Bachelor,Business,87370.9172036142,13295.73411630074,Personal,553.7212070721704,Fair,40.0,0.13167107913311726,2018-08-01,0
C01715,52.0,Male,West,nan,Salaried,28818.015670044464,9603.969332731354,Education,665.0214831096346,Good,52.0,0.5081707598936261,2018-01-15,0
C01716,69.0,Male,South,High School,Salaried,46800.47103885136,22967.397631334796,Business,632.6690197315293,Poor,42.0,0.7946438281377093,2016-05-09,0
C01717,60.0,Male,West,Bachelor,Unemployed,79196.75905843852,18237.875908997594,Home,756.3730602444454,Fair,51.0,0.5511606226203377,2022-08-25,0
C01718,34.0,Female,South,Master,Salaried,85227.85832387648,25025.11684437542,Business,544.2040995411041,Good,42.0,0.1576791210900593,2015-09-06,0
C01719,62.0,Female,South,High School,Self-Employed,62273.39510405207,19383.278996531306,Home,850.0,Good,47.0,0.7588094924316812,2019-07-07,0
C01720,60.0,Male,East,Bachelor,Self-Employed,68067.45171862145,18593.093311155902,Education,636.9136872971094,Fair,39.0,0.90013182378664,2015-03-22,0
C01721,51.0,Female,West,High School,Business,68009.24415692047,13320.306082335526,Business,705.3833874635893,Fair,49.0,0.8240673642994284,2020-05-18,0
C01722,26.0,Male,North,Master,Salaried,34165.762957246836,17304.103610582737,Education,754.0623749002102,Good,43.0,0.40818347962947177,2021-08-30,0
C01723,43.0,Male,East,Bachelor,Salaried,63166.64994444,4703.309737806143,Home,635.3000492622392,Good,43.0,0.5546002628826325,2019-09-26,0
C01724,19.0,Male,North,Bachelor,Unemployed,71047.3448659602,31976.687498774463,Auto,641.3793585803542,Good,47.0,0.6026153329091708,2021-11-18,0
C01725,70.0,Female,South,Bachelor,Self-Employed,62789.873144046156,32696.78241010128,Auto,612.287682963603,Good,39.0,0.7084287983793728,2016-05-01,1
C01726,26.0,Male,South,High School,Salaried,16860.949555744926,29375.06036645697,Personal,583.5900780401662,Good,52.0,0.6661584729508148,2020-11-23,0
C01727,26.0,Male,South,High School,Salaried,103391.1508755218,15421.577450581332,Home,670.389436084454,nan,51.0,0.2692107465830288,2020-09-14,1
C01728,57.0,Male,South,Bachelor,Student,37665.68284132227,13717.365269172304,Home,639.8549989868784,Fair,45.0,0.8165826312995877,2016-11-26,1
C01729,34.0,Female,North,Bachelor,Salaried,66803.20646189452,24990.954079243435,Home,611.7969351255878,Fair,42.0,0.8218050342436972,2021-01-05,0
C01730,18.0,Male,North,Bachelor,Self-Employed,73044.76806091686,10483.656796851472,Auto,616.1777038974724,Good,,0.4436988375416937,2016-07-28,0
C01731,42.0,Female,North,Bachelor,Salaried,53629.46123617059,31366.578761342607,Auto,693.2175090419856,Good,48.0,0.21127749432789886,2016-01-21,0
C01732,60.0,Female,South,Bachelor,Unemployed,71112.71972637899,1000.0,Auto,590.1827352987092,Good,49.0,0.6172817343198588,2021-02-27,0
C01733,57.0,Female,nan,Bachelor,Business,45618.26345061592,15480.63306735074,Business,631.4776423705828,Good,38.0,0.403670938746459,2022-05-26,0
C01734,59.0,Female,North,Bachelor,Self-Employed,118677.46176357639,9354.073295574368,Business,717.400054384183,Good,42.0,0.7301820344072855,2021-10-29,0
C01735,42.0,Male,West,High School,Salaried,58487.30616795901,32469.119282431762,Auto,668.5419102551974,Good,38.0,0.3683085393427199,2018-07-15,0
C01736,56.0,Male,East,Master,Unemployed,87475.24016169785,30734.7463521893,Education,571.2830550231043,Good,39.0,0.3235493844545754,2015-09-16,1
C01737,52.0,Female,East,Master,Salaried,37684.28763929979,25643.73343630205,Business,648.2096698439773,Poor,43.0,0.8375538158396659,2015-09-11,0
C01738,20.0,Male,East,High School,Unemployed,83031.94779685981,39156.26305174645,Business,682.7766215857226,Fair,38.0,0.6234474552240094,2018-07-12,0
C01739,67.0,Female,West,Bachelor,Self-Employed,47069.84090496355,20100.119838185074,Business,724.1954143427182,Good,40.0,0.17309289684657791,2016-03-05,0
C01740,54.0,Female,North,Bachelor,Self-Employed,30171.347898830572,26312.579199072177,Business,593.3465999941325,Fair,42.0,0.6859584201614486,2019-04-27,0
C01741,61.0,Female,East,Bachelor,Salaried,38372.91543375155,4024.1203063370795,Personal,608.1102707974148,Fair,56.0,0.7398235186911094,2016-12-14,0
C01742,61.0,Female,East,Bachelor,Business,43802.242182277725,16798.680378887697,Business,,Good,39.0,0.29992307141831087,2018-04-03,1
C01743,68.0,nan,East,High School,Salaried,67786.3299303818,21100.440589073238,Education,601.5859850456159,Good,64.0,0.9225078954838204,2017-02-17,0
C01744,47.0,Female,West,Master,Salaried,136894.74710236656,10832.875042474388,Personal,680.3753536772837,Fair,40.0,0.4169295095738055,2015-10-10,0
C01745,55.0,Male,North,High School,Salaried,133391.89262346603,22555.224367955,Business,694.5866847412736,Good,30.0,0.89948777227679,2017-07-30,0
C01746,51.0,Female,East,Bachelor,Salaried,56953.69655223249,1000.0,Home,728.8177619662313,Fair,42.0,0.3495743849067677,2015-03-11,0
C01747,29.0,Male,East,Master,Salaried,88985.48966832565,25001.316508223495,Personal,643.1618818193174,Good,44.0,0.6178165840050455,2018-06-12,0
C01748,36.0,Male,South,Bachelor,Salaried,33655.57319546143,15653.724779854003,Business,544.6007783915394,Good,48.0,0.5399343857909932,2021-06-04,0
C01749,54.0,Female,South,High School,Unemployed,15000.0,12126.509132194942,Education,700.2102623343097,Good,49.0,0.9433347623465845,2020-07-11,0
C01750,61.0,Male,East,nan,Salaried,65764.63240506878,27433.652305059328,Auto,661.9357758805688,Fair,36.0,0.44710226793950525,2022-10-31,0
C01751,66.0,Male,West,Master,Business,78657.24292272454,34638.38168728734,Business,654.4977109487003,nan,44.0,0.25239706395690087,2020-04-21,0
C01752,34.0,Male,South,Master,Salaried,84581.4046011352,28918.1243169469,Home,553.7447383766583,Good,,0.8082275336351381,2017-03-28,1
C01753,27.0,Female,West,Bachelor,Self-Employed,91992.45458691393,11885.62917234629,Education,635.3123102295995,Good,,0.13573753758422152,2020-08-08,0
C01754,74.0,Female,South,High School,Self-Employed,,26681.546299723155,Personal,560.4758910405711,Good,44.0,0.852212624515703,2020-12-28,0
C01755,72.0,Female,North,PhD,Student,66801.03589965324,17440.48207413333,Education,686.147374133432,Poor,46.0,0.19400106940568376,2018-06-07,0
C01756,66.0,Male,North,Bachelor,Business,85530.9692420097,31294.32317813106,Business,617.757947847212,Fair,58.0,0.586210572274522,2017-02-18,1
C01757,64.0,Female,North,Master,Self-Employed,94836.71071368021,22211.16456013394,Home,611.0349202726582,Good,35.0,0.7064030200633993,2022-05-25,0
C01758,29.0,Female,South,Bachelor,Business,42321.65875594111,5254.229445645151,Education,534.7133387683226,nan,52.0,0.38587483950531354,2019-10-03,0
C01759,33.0,Male,South,Bachelor,Salaried,70266.93526980326,17579.431612891265,Education,727.0321902263032,Fair,46.0,0.8180302239211928,2018-01-27,0
C01760,41.0,Male,East,nan,Self-Employed,81238.82223625705,11747.197503848914,Auto,630.6076526577983,Good,53.0,0.6046492239863153,2015-10-30,0
C01761,36.0,Male,East,Bachelor,Salaried,68688.81464768588,12227.789504532495,Auto,656.5235577753318,Good,43.0,0.43588250681636176,2016-07-04,1
C01762,25.0,Female,North,High School,Salaried,49448.91313894866,16750.672656480558,Business,594.8382431980584,Good,45.0,0.37655900060446956,2019-09-16,0
C01763,48.0,Female,North,High School,Salaried,65077.31754187963,22742.12818217656,Personal,526.2068705025009,Fair,62.0,0.19520700090230747,2015-08-01,0
C01764,38.0,Female,South,Bachelor,Business,78243.24760059066,29080.484605061854,Personal,610.128080886706,Good,41.0,0.6443090268167372,2016-02-07,0
C01765,34.0,Male,East,High School,Self-Employed,45983.704274591524,14745.759607208885,Home,622.1343996670465,Poor,43.0,0.4094365043831578,2019-07-17,1
C01766,40.0,Female,North,Bachelor,Business,35069.029017509216,32126.7581292107,Business,671.9570015686132,Fair,44.0,0.372476466258147,2017-03-30,0
C01767,54.0,Female,North,Bachelor,Self-Employed,116488.57054664861,2975.9646019004686,Personal,623.3725691833151,Fair,38.0,0.9074557850279332,2017-10-16,0
C01768,71.0,Female,West,Master,Salaried,69688.24400757326,11621.036411678691,Education,596.1238355227041,Good,45.0,0.33187795067057363,2021-10-23,1
C01769,33.0,Female,West,Bachelor,Business,88458.75782560829,40482.62711728085,Business,537.2495452143249,nan,41.0,0.8450803440923432,2017-06-28,0
C01770,23.0,Male,North,nan,Business,70237.406193207,8573.871848013308,Education,653.6340121567061,Good,51.0,0.9286616187872092,2015-12-23,0
C01771,25.0,Male,South,High School,Unemployed,91257.93515092452,32512.770249614267,Home,590.257985467185,Poor,40.0,0.799328956502843,2019-12-30,0
C01772,42.0,Female,South,Bachelor,Self-Employed,66979.46157437432,19740.203966179804,Business,749.0604900324274,Good,34.0,0.1165895037730968,2015-04-18,0
C01773,35.0,Female,West,High School,Business,79677.83621639104,19291.408365695603,Home,661.2609996003576,nan,51.0,0.8383303915332665,2020-12-27,0
C01774,42.0,Female,East,Master,Business,37261.74107360204,29352.615649754316,Auto,692.1577130024743,Fair,50.0,0.28140303663538935,2021-04-09,0
C01775,29.0,Male,North,nan,Salaried,20871.972869519246,27951.65777536558,Home,631.3408500283122,Poor,42.0,0.40028598197319687,2016-08-28,0
C01776,32.0,Female,East,Master,Salaried,53088.05397114862,33337.5131543706,Auto,665.0960217325934,Good,50.0,0.9428457139325463,2021-07-17,0
C01777,43.0,Male,South,Bachelor,Salaried,29355.153231327102,17529.446706048562,Business,583.196351317231,Good,32.0,0.444231180528768,2020-02-01,1
C01778,58.0,Male,South,Bachelor,Salaried,15000.0,21429.909571841083,Education,561.6335880747796,Good,40.0,0.656609657073597,2019-08-15,0
C01779,62.0,Female,South,Master,Self-Employed,72543.69204353876,17498.06615326037,Education,651.1348308011418,Good,50.0,0.36411130906153233,2021-03-21,0
C01780,43.0,Female,South,PhD,Student,20765.964966583917,8881.13403526124,Education,692.7793741400807,Good,40.0,0.4140143683680808,2018-04-11,0
C01781,64.0,Male,South,nan,Salaried,88737.39138201834,21706.287454105473,Home,504.0641172453817,nan,35.0,0.6079815291878315,2016-12-16,1
C01782,49.0,Male,North,Bachelor,Business,101029.639170148,18351.128823322437,Business,612.5672381896969,Fair,56.0,0.9060428838888456,2022-09-07,1
C01783,27.0,Male,South,nan,Self-Employed,28925.256780938595,1286.1530028333473,Business,788.1591580916294,Good,51.0,0.3400872300780927,2018-04-21,0
C01784,33.0,Male,North,High School,Salaried,72216.640413649,31093.935435878404,Auto,685.9420663752467,nan,44.0,0.3102611059866721,2020-03-29,0
C01785,24.0,Female,West,High School,Salaried,111448.35363403609,21481.032194269086,Business,765.3234525267874,Fair,50.0,0.12233337626671409,2019-01-18,1
C01786,34.0,Female,North,High School,Self-Employed,53200.514055065694,12997.711634560386,Education,602.4466286158562,Poor,42.0,0.2717924828151801,2017-08-19,0
C01787,40.0,Male,North,High School,Business,80271.16139689572,23324.252909825656,Business,615.657067625417,Poor,52.0,0.3230506716391691,2017-05-21,0
C01788,43.0,Female,East,Master,Student,124822.5877016092,14758.899043730275,Auto,722.5049990258381,Fair,45.0,0.15344439343159996,2016-11-21,0
C01789,38.0,Female,West,Master,Salaried,23071.27806251413,22014.9451784469,Business,696.7640266533745,Good,50.0,0.5790674618971854,2018-01-26,1
C01790,39.0,Female,West,Master,Unemployed,39517.89712475326,33872.052684128066,Business,642.9211567955236,nan,44.0,0.207749706488808,2019-07-20,0
C01791,24.0,Male,South,Bachelor,Salaried,79102.27748453502,23987.50389917855,Education,555.3113143048622,Good,46.0,0.5344149391431885,2018-05-02,0
C01792,31.0,Female,North,Bachelor,Self-Employed,119310.9655389707,15129.342888409057,Business,736.7638971670183,Fair,48.0,0.2606341212161739,2016-07-10,0
C01793,32.0,Male,East,Master,Self-Employed,47219.57916380079,9690.521221413775,Home,838.2671110645783,Fair,48.0,0.8953666763714687,2016-01-19,0
C01794,70.0,Male,East,Bachelor,Salaried,125893.29648604724,12856.615185281278,Auto,532.1100358777435,Good,46.0,0.3610329274461045,2016-02-28,0
C01795,24.0,Male,North,Master,Salaried,68298.90368490615,28120.39023797824,Auto,755.2714362312079,Fair,44.0,0.17898920359380863,2019-10-13,0
C01796,26.0,Male,West,Bachelor,Salaried,15818.60840497975,19434.298613268274,Auto,614.8774143006972,Good,41.0,0.8107311765826907,2016-01-25,0
C01797,68.0,Male,North,Bachelor,Salaried,104762.04065182146,25597.52875602017,Business,624.9898511721387,Good,43.0,0.4417309206117829,2023-03-14,0
C01798,65.0,Male,nan,Bachelor,Business,53409.40363475003,17203.478927924927,Home,670.222961565375,Good,37.0,0.7971027781654972,2023-03-10,0
C01799,25.0,Male,West,Master,Salaried,76213.13196480098,10666.118843680593,Auto,559.5857540645002,Poor,50.0,0.36561614566629475,2018-03-14,0
C01800,67.0,Female,East,High School,Self-Employed,23520.75781166822,25989.98401125162,Personal,647.2146166291711,Good,46.0,0.5250321094077199,2017-07-07,0
C01801,40.0,Female,West,Bachelor,Salaried,46168.71038352396,11911.02728789159,Education,,Poor,43.0,0.4785537068191055,2022-02-12,1
C01802,46.0,Male,East,Master,Business,27578.201918983046,15920.681874554662,Personal,685.7061867333654,Fair,34.0,0.5742203980363102,2016-02-25,0
C01803,35.0,Female,North,Bachelor,Business,24925.160932232255,7760.84795161287,Personal,817.5291528472377,Fair,49.0,0.44140350754869906,2020-03-08,0
C01804,48.0,Female,South,Master,Business,67450.98994883544,10647.99634076181,Auto,602.0351383127253,Fair,,0.5222818280323057,2016-11-28,0
C01805,47.0,Female,North,Bachelor,Self-Employed,79169.4367203886,28957.227321736216,Personal,637.3442496281216,Good,37.0,0.6774283899535973,2023-02-12,0
C01806,69.0,Male,South,Bachelor,Salaried,51331.04629969865,30478.63802346406,Personal,641.0391367945439,Good,43.0,0.4524803615504873,2023-02-18,0
C01807,56.0,Female,East,Master,Business,29071.15525471975,30914.757488117786,Home,723.9851445493252,Good,48.0,0.6817440344574021,2017-06-25,0
C01808,52.0,Female,South,Bachelor,Salaried,33097.35815734427,30949.258219656214,Education,680.4179276788851,Good,51.0,0.707156631335524,2019-10-24,0
C01809,35.0,Female,South,Bachelor,Salaried,74290.74095082602,16459.68231763345,Business,,Good,39.0,0.7365877507973655,2017-05-01,0
C01810,59.0,Male,East,Bachelor,Salaried,67767.26426367214,26653.929700558267,Auto,612.032349859822,Good,46.0,0.5002963106345104,2021-01-31,0
C01811,56.0,Female,West,High School,Self-Employed,74701.8668321596,30528.87506078674,Auto,682.5176753614847,Fair,55.0,0.10322156837267908,2016-07-12,0
C01812,34.0,Female,North,Bachelor,Self-Employed,103960.13056515422,11274.109850764671,Personal,397.41457002981065,Good,47.0,0.7404844117648105,2016-04-30,0
C01813,31.0,Female,South,High School,Self-Employed,79383.73867953016,21937.722962823525,Business,700.0596928991772,Fair,46.0,0.8727223502347935,2019-09-10,0
C01814,48.0,Male,North,Master,Salaried,75225.73495031238,18724.104946002906,Business,558.6655468403553,Good,32.0,0.6547251941363758,2022-04-06,0
C01815,41.0,Male,East,Master,Salaried,124217.91162986876,1286.4997074473504,Business,625.4304588875056,Poor,43.0,0.5458649704958253,2021-04-11,0
C01816,52.0,Female,North,High School,Unemployed,58130.389104998314,23256.47323789948,Auto,705.8938331483154,Good,54.0,0.5756526269109464,2022-01-04,0
C01817,61.0,Female,East,Bachelor,Self-Employed,124591.88451845506,12854.285411575907,Auto,534.7932625535069,Poor,45.0,0.6446899949168035,2020-09-13,0
C01818,62.0,Male,South,Bachelor,Salaried,100597.09225390168,30512.24380248962,Home,731.7074598666519,Good,55.0,0.9487459482069657,2021-04-27,0
C01819,51.0,Female,North,High School,Self-Employed,57551.864776075156,12376.476283279837,Auto,640.6771391533457,Good,59.0,0.15274754716580602,2020-08-01,0
C01820,20.0,Male,West,High School,Salaried,85120.97102928709,23291.1144967323,Auto,758.9836614715429,Good,40.0,0.11800546266574818,2015-04-10,0
C01821,54.0,Female,North,Bachelor,Salaried,59619.978479541285,21121.797797755542,Home,582.286688072316,Good,59.0,0.9195427828766408,2019-07-27,0
C01822,60.0,Female,South,Bachelor,Salaried,29090.114771371496,2770.160103512266,Auto,514.0409206739789,Poor,41.0,0.4744034421631982,2016-11-02,0
C01823,57.0,Female,North,Bachelor,Salaried,64799.01862195971,16796.58361843041,Personal,647.8289963496471,Good,37.0,0.6205006393216045,2020-05-12,0
C01824,43.0,Female,South,Bachelor,Salaried,28321.841758537215,23572.784117402978,Personal,694.0307050885432,Good,51.0,0.7404248030964372,2017-01-18,0
C01825,72.0,Male,East,Master,Unemployed,70824.11879362301,30235.074418053715,Home,700.3202704107666,Fair,52.0,0.7307817956417088,2022-04-08,0
C01826,40.0,Female,South,Master,Self-Employed,85011.99597980129,20185.373900519775,Home,564.8383898054573,Good,33.0,0.6501150641645137,2020-09-18,0
C01827,61.0,Male,North,Bachelor,Self-Employed,59577.33763013846,29060.892421785065,Personal,528.1525197410067,Good,52.0,0.501107807311808,2018-06-13,0
C01828,56.0,Female,South,Master,Self-Employed,70773.93627638622,25373.665288665048,Business,626.5757019573826,Good,52.0,0.5896665132744454,2017-03-20,0
C01829,32.0,Female,East,Bachelor,Student,70359.79120717212,25708.127149661363,Auto,688.7332992856693,Good,38.0,0.7201991138685895,2015-03-15,0
C01830,73.0,Female,West,Master,Salaried,86108.73968229,26155.286619903483,Education,684.934008657974,Good,39.0,0.8231923389703613,2022-08-14,0
C01831,66.0,Male,East,Bachelor,Business,67236.8880466048,17254.27202808546,Education,767.9094752354108,Fair,37.0,0.20820843999264127,2023-01-30,0
C01832,21.0,Female,East,Master,Self-Employed,57131.84231153699,10108.552681930121,Home,621.9908598936937,Good,54.0,0.3362648139272685,2017-05-08,0
C01833,46.0,Male,North,Bachelor,Salaried,84973.5098849597,35697.54682727804,Education,511.6327671331484,Fair,46.0,0.4379555452406648,2020-09-07,0
C01834,39.0,Male,South,High School,Salaried,68963.95464323339,27683.281208536384,Business,739.7499828713177,Fair,53.0,0.6656735232694302,2019-01-07,0
C01835,42.0,Female,North,Bachelor,Self-Employed,15000.0,19315.231234875093,Education,664.6396485583066,Fair,39.0,0.4363207024847702,2022-12-03,0
C01836,30.0,Male,North,Bachelor,Self-Employed,56242.8365151495,26171.596731504207,Personal,671.1640932875683,Good,,0.3030522903329219,2016-05-30,0
C01837,35.0,Female,North,Bachelor,Salaried,52070.71807609667,23973.887597814617,Home,707.5317794079938,Good,41.0,0.12817153281153185,2021-04-10,0
C01838,50.0,Male,East,Bachelor,Self-Employed,68686.48100993867,11458.657032175885,Education,744.7732692776497,Good,40.0,0.8161317500398692,2016-06-29,0
C01839,33.0,Male,East,Master,Self-Employed,65999.76618660269,16621.761196447103,Auto,648.2735011887348,Poor,52.0,0.45609369848295334,2016-09-08,0
C01840,62.0,Female,West,Bachelor,Salaried,16241.025177659336,33264.40565216899,Home,738.2413724996052,Fair,40.0,0.3798446490782964,2020-01-27,0
C01841,59.0,Female,North,Bachelor,Unemployed,27706.957788659238,19947.0127057974,Business,691.4102198106339,Good,45.0,0.5512022879579249,2015-01-27,1
C01842,61.0,Male,East,High School,Unemployed,41178.48757985367,23752.31263310943,Personal,600.8313206519001,nan,54.0,0.20448181868898382,2018-01-11,0
C01843,19.0,Female,West,nan,Self-Employed,66611.37708069987,32596.179891688924,Education,632.5071145873617,Good,50.0,0.43775460438258296,2015-06-08,0
C01844,72.0,Female,East,Master,Student,91846.04569879004,19916.838369796107,Personal,696.2558017548879,Fair,50.0,0.7390178772996345,2019-02-09,0
C01845,52.0,Female,South,Master,Salaried,24908.906728185117,10686.530131653259,Business,596.8381426817078,Fair,45.0,0.7256998317768611,2020-02-12,0
C01846,59.0,Male,South,Bachelor,Salaried,48197.12621906147,21133.105783032268,Education,716.4844326602339,Poor,45.0,0.7561119088048215,2016-10-28,0
C01847,51.0,Female,North,Bachelor,Salaried,63788.14555723817,14416.539917094531,Home,661.8637625635405,nan,37.0,0.49730452828689464,2022-10-23,0
C01848,47.0,Female,South,High School,Self-Employed,41715.0250248512,6084.237682027351,Home,678.6213679324864,Good,40.0,0.4135766656019154,2016-09-24,0
C01849,72.0,Female,East,Bachelor,Self-Employed,67184.50781382405,28030.470836745684,Auto,758.0378992662614,Good,52.0,0.8067244237722064,2021-02-20,0
C01850,30.0,Male,North,High School,Self-Employed,81006.87371283505,17436.785995006092,Business,676.7425158182149,Good,46.0,0.2472973822046184,2016-10-07,0
C01851,30.0,Female,North,Bachelor,Salaried,46079.72185793507,1000.0,Education,655.3558890436485,Poor,50.0,0.716367113123604,2018-02-28,1
C01852,35.0,Female,East,Bachelor,Salaried,73189.58680443741,22535.214803526138,Personal,643.8058652668908,Fair,38.0,0.8547551994720493,2017-10-15,0
C01853,49.0,Female,West,Bachelor,Unemployed,62137.019917711084,22658.305246318298,Personal,639.9007280164443,Good,32.0,0.3432294365499966,2021-12-22,0
C01854,49.0,Male,South,Bachelor,Unemployed,36272.451185079946,39507.85703546033,Education,673.4224523152706,Good,50.0,0.2681261088843357,2016-04-05,1
C01855,52.0,Female,East,Master,Self-Employed,61477.959437332596,19958.345841743772,Business,752.2492238087311,Good,43.0,0.5356459139981843,2017-06-25,0
C01856,56.0,Female,South,High School,Self-Employed,76416.64931724891,30676.10720102078,Business,604.1167804749373,Good,47.0,0.28393207962808803,2020-09-05,0
C01857,63.0,Male,North,Master,Self-Employed,100343.57511907109,26465.610996280237,Personal,598.4407145996778,Good,45.0,0.8401532404724662,2021-04-11,0
C01858,69.0,Male,South,High School,Salaried,106106.09357243964,14105.777772222431,Education,746.3779921398522,Fair,48.0,0.3077543658563914,2015-05-10,0
C01859,46.0,Female,East,High School,Salaried,50807.88179810859,23482.93172679538,Education,607.5389795106084,Good,50.0,0.3668710332442021,2018-09-05,0
C01860,66.0,Male,West,High School,Self-Employed,49301.347963900116,18355.811857694818,Personal,666.2071149764528,Fair,44.0,0.855156610352532,2018-04-10,0
C01861,46.0,Female,North,Master,Self-Employed,66009.75316946361,13122.549363916427,Education,605.61519013881,Good,51.0,0.27477837697389773,2019-05-31,0
C01862,70.0,Female,East,Bachelor,Salaried,51432.57531489062,14834.324173112636,Education,524.0386656232656,Poor,44.0,0.8520664219866644,2022-02-27,0
C01863,61.0,Female,South,Master,Student,95325.81255542517,13477.052046748973,Home,664.8668894968971,Fair,47.0,0.2783325154873135,2018-09-17,1
C01864,74.0,Male,East,Bachelor,Business,67517.2684714977,19903.117418066216,Home,733.6375920519538,Good,44.0,0.875034812227418,2019-09-24,0
C01865,33.0,Male,North,High School,Salaried,66381.08776439773,19952.734250178382,Auto,645.3458861155457,Fair,48.0,0.3699956176317255,2020-05-30,0
C01866,73.0,Female,South,Master,Self-Employed,81082.6945125891,14502.045897827713,Auto,538.8756077557829,Good,50.0,0.30929940274794077,2022-01-13,0
C01867,61.0,Male,West,High School,Unemployed,68995.90440433027,17918.141596928654,Business,658.1802937287812,nan,47.0,0.5056113053618855,2017-10-09,0
C01868,64.0,Female,East,Master,Salaried,72631.11620135333,1240.345039341526,Home,593.3036458515955,Fair,43.0,0.4138399778245362,2021-05-27,0
C01869,74.0,Male,South,High School,Self-Employed,71579.77436424364,9915.48276570756,Home,453.5371187565679,Fair,53.0,0.27148723398250724,2022-05-17,0
C01870,27.0,Male,South,Bachelor,Self-Employed,61384.05013031086,17075.560719830006,Home,643.9337208707344,Good,48.0,0.38760072837594506,2019-06-13,0
C01871,47.0,Male,South,Master,Salaried,42439.040970962364,36716.766066393844,Home,688.8263145416024,Good,60.0,0.7062449417385769,2017-02-05,0
C01872,42.0,Female,South,nan,Business,108975.55038009303,26332.365887919514,Business,738.3279108598937,Good,49.0,0.8071155423770151,2021-02-07,0
C01873,56.0,Female,West,Bachelor,Salaried,42356.65722206747,10226.90218349996,Personal,781.7641054971606,Good,41.0,0.7976475568125468,2017-01-03,0
C01874,37.0,Male,nan,Master,Salaried,106355.7629569988,36148.272099523834,Business,698.8201758039883,Fair,47.0,0.7432946611404181,2018-11-04,1
C01875,22.0,Male,South,High School,Salaried,73536.06556911007,19983.93165380798,Personal,720.0175556454195,Good,45.0,0.10461987961241273,2017-10-02,0
C01876,18.0,Male,South,Master,Salaried,49960.400511282205,8653.683317132432,Auto,553.657591244145,Good,31.0,0.46261335505376355,2022-11-22,0
C01877,47.0,Female,West,Bachelor,Salaried,78871.43983907526,19210.85457528331,Home,771.6369351159691,Good,53.0,0.24362635098662663,2015-03-23,1
C01878,66.0,Male,South,High School,Business,84647.9021725941,29850.879080828006,Personal,745.0520136178664,nan,48.0,0.16245445200116987,2016-09-23,0
C01879,20.0,Female,East,Bachelor,Salaried,107955.0407854669,8662.80835776073,Business,622.4663386275107,nan,39.0,0.7254997409989562,2015-03-01,0
C01880,62.0,Female,North,High School,Self-Employed,32108.880804487926,9638.630806240071,Personal,701.1245093965882,Good,52.0,0.7744578898617082,2017-02-20,0
C01881,31.0,Female,East,Bachelor,Self-Employed,61499.9225317132,38063.18593837564,Education,693.5801137586458,Good,37.0,0.7924241498010376,2017-02-22,1
C01882,73.0,Male,East,High School,Salaried,99430.24517872179,22964.273559915324,Auto,760.2660132912795,Good,54.0,0.8567641760586453,2019-11-06,0
C01883,47.0,nan,West,Bachelor,Self-Employed,83663.82129133948,15283.408651368702,Auto,638.6669170880087,Good,37.0,0.6015409623000453,2016-02-25,0
C01884,67.0,Male,West,nan,Self-Employed,77150.43767914563,18937.86816421875,Home,594.0325521724991,Poor,38.0,0.948410329834435,2017-03-03,0
C01885,21.0,Male,North,High School,Self-Employed,101962.19127871584,22855.23158319643,Home,613.2501222753992,Fair,43.0,0.5111642442650649,2022-03-02,0
C01886,35.0,Female,East,Bachelor,Salaried,60501.4836153964,18065.465676572156,Business,717.2596987522901,nan,41.0,0.8509741490486353,2016-08-12,1
C01887,54.0,Female,West,Bachelor,Self-Employed,15000.0,33498.300199126104,Personal,506.0097192393249,Poor,51.0,0.19599965016753423,2021-10-04,0
C01888,42.0,Male,South,PhD,Student,55837.30498062927,20989.3023127711,Education,425.2194920567373,Fair,34.0,0.22658497550611392,2020-12-20,1
C01889,65.0,Male,North,Bachelor,Salaried,115293.91114698215,26637.084935342773,Auto,717.0686755225984,Fair,46.0,0.6017970278880397,2022-11-09,0
C01890,18.0,Female,North,Bachelor,Salaried,72461.89892267229,20833.155841111464,Personal,670.6104098116475,Poor,58.0,0.20551455613347724,2020-01-03,0
C01891,70.0,Male,South,Bachelor,Self-Employed,43939.23736422191,19626.522810091392,Education,651.3847502227383,Fair,46.0,0.16400554244670681,2018-09-15,0
C01892,63.0,Female,South,High School,Salaried,98353.23670193026,28929.5593717394,Personal,552.0840029008658,Good,32.0,0.2666549373753402,2018-07-12,0
C01893,32.0,Female,East,High School,Self-Employed,86121.57259437974,29139.211343042956,Home,521.7582676553534,Fair,46.0,0.7694063351115827,2018-12-02,0
C01894,26.0,Male,North,Bachelor,Salaried,68675.29377165392,3664.287423711845,Auto,602.4103187376361,Good,43.0,0.8883393045447757,2017-12-29,0
C01895,32.0,Male,West,High School,Salaried,79628.30098159407,19807.21440771331,Education,677.1271324527261,nan,,0.3834472240744541,2019-03-11,0
C01896,66.0,Male,South,Bachelor,Self-Employed,39568.62749440688,40497.092516036864,Home,,Good,54.0,0.9285424644073428,2016-06-21,0
C01897,74.0,Female,North,Bachelor,Salaried,,15538.382372521142,Business,717.5075150181517,Good,41.0,0.788117896380401,2022-06-19,0
C01898,41.0,Female,South,Bachelor,Salaried,63376.71929321735,24540.68206073728,Business,578.4455493484782,Good,44.0,0.29219155913512584,2015-06-21,0
C01899,21.0,Male,South,High School,Salaried,92479.30743375792,32472.60852694475,Home,611.0491195130312,Poor,48.0,0.5981977491389378,2021-06-25,0
C01900,29.0,Female,North,PhD,Salaried,51281.33056599703,8918.570775267144,Education,702.7400791013278,nan,54.0,0.9345244024111433,2019-02-27,0
C01901,54.0,nan,South,Master,Business,64356.25740626054,16267.22674762828,Education,621.7313737636575,Fair,54.0,0.8214679409004265,2021-10-15,0
C01902,54.0,Male,North,High School,Unemployed,101024.78733745072,4281.145733608686,Auto,625.4487529758053,Good,41.0,0.4088552203711999,2015-06-23,0
C01903,60.0,Female,East,Bachelor,Salaried,128108.17418899175,21044.591854744067,Home,601.7383659763391,Good,47.0,0.36037449488786055,2021-07-27,0
C01904,23.0,Male,West,Bachelor,Self-Employed,43234.031824534744,23848.33002868354,Business,587.8294444397864,Good,44.0,0.7963660260116829,2019-11-30,1
C01905,56.0,Male,South,High School,Salaried,68498.93974261315,26434.533119000633,Home,676.5633015422158,nan,41.0,0.5667904172218351,2016-02-02,0
C01906,73.0,Male,East,Bachelor,Self-Employed,27301.177143046145,35737.75582338053,Personal,686.2779720983469,Poor,48.0,0.238926138031192,2017-02-03,0
C01907,63.0,Male,East,High School,Salaried,64637.47677970448,20635.093759669155,Education,667.0361328163463,Poor,32.0,0.37865767462623967,2022-08-02,0
C01908,41.0,Male,North,PhD,Salaried,57747.38874211852,8473.788379856182,Personal,603.786229583492,Fair,33.0,0.6625410307676897,2021-04-26,1
C01909,28.0,Male,nan,Master,Business,96275.82421139389,11190.619847253287,Business,634.888107506497,Poor,43.0,0.23018505151840812,2019-11-26,0
C01910,30.0,Female,West,Bachelor,Salaried,35677.35910645691,12377.226336362166,Education,769.6951087565882,Good,36.0,0.6939087762957379,2016-10-13,0
C01911,51.0,Female,North,Bachelor,Salaried,32250.42409610143,22076.911239013232,Business,543.4187467175325,Good,,0.7034394472474512,2016-01-09,1
C01912,42.0,Female,North,PhD,Business,103023.36821464304,43499.74486186724,Business,791.441846032148,Poor,40.0,0.3301344017171381,2019-11-22,0
C01913,24.0,Male,North,PhD,Self-Employed,49171.69475674,19279.579976435878,Business,657.478988458816,Good,41.0,0.43832598605701667,2020-04-26,1
C01914,69.0,Male,North,nan,Self-Employed,69935.7785392059,33740.55354326009,Auto,636.4905207517622,Fair,44.0,0.8951330648855763,2022-05-14,0
C01915,21.0,Male,East,High School,Self-Employed,72376.11418121624,18859.476188519846,Business,721.5033754101257,Fair,49.0,0.736799419642719,2017-10-23,0
C01916,25.0,Female,South,High School,Self-Employed,45317.10944421016,8384.411817016651,Business,494.9550448206224,Good,47.0,0.7696390572312889,2016-09-28,0
C01917,37.0,Female,West,Bachelor,Salaried,45343.72622036565,11836.164469608459,Personal,753.5239680934812,Good,45.0,0.5388254113065112,2015-10-25,0
C01918,46.0,Male,East,Bachelor,Salaried,93172.74211758048,12709.160526112822,Personal,789.3294371711286,Good,51.0,0.2811689412232182,2018-06-26,1
C01919,71.0,Male,East,High School,Self-Employed,81926.80222113326,18777.522884516435,Personal,731.5979650594325,Fair,45.0,0.6025675257243202,2021-11-16,0
C01920,70.0,Female,East,High School,Self-Employed,64607.81350603845,24055.4937982028,Education,492.32859733169624,Good,54.0,0.7562886466275018,2017-08-30,0
C01921,68.0,Male,North,Master,Self-Employed,61580.2043793939,13414.57151066892,Auto,707.3125848350362,Good,41.0,0.10330077460228142,2021-01-12,0
C01922,62.0,Male,South,Master,Business,72915.27212130734,27906.14877509264,Education,773.4498918514013,Fair,42.0,0.1967098152756832,2018-08-10,1
C01923,63.0,Female,East,Bachelor,Salaried,74554.98029800307,30472.143802120227,Auto,765.7061590801817,Good,50.0,0.5031499983943667,2015-04-27,0
C01924,27.0,Female,North,Master,Salaried,96528.63805543509,17366.47732803595,Auto,544.3933064580204,Good,45.0,0.47161672532677557,2019-03-08,0
C01925,60.0,Male,North,Bachelor,Salaried,64478.59721097141,29181.408900021273,Home,,Good,49.0,0.934940588925738,2020-11-27,0
C01926,51.0,Male,West,Master,Self-Employed,76074.5187050041,1000.0,Home,784.667780208436,Good,34.0,0.17832996550763958,2017-07-01,0
C01927,74.0,nan,East,Bachelor,Self-Employed,82954.46987946703,1000.0,Home,652.2099288984515,Fair,37.0,0.3751334081664647,2022-04-14,0
C01928,43.0,Male,South,High School,Unemployed,83394.37975095926,28327.888721228646,Auto,541.0474082907709,nan,34.0,0.7928438634142556,2016-12-16,1
C01929,58.0,Male,East,Bachelor,Self-Employed,101242.9896340307,15780.842596944512,Auto,712.14894445437,Good,45.0,0.6205634545909094,2015-02-23,0
C01930,66.0,Male,West,Bachelor,Unemployed,64685.280533802324,42036.56792889412,Education,729.0393476488813,Poor,36.0,0.5773722750481666,2022-01-31,1
C01931,20.0,Male,South,Bachelor,Business,50853.31920062961,19071.456828908948,Auto,639.5593876755573,Good,37.0,0.7300208827962524,2018-11-08,0
C01932,73.0,Male,North,High School,Student,56050.924419270406,9997.191174613836,Business,560.6957408102131,Fair,37.0,0.13398555897237527,2015-08-28,0
C01933,23.0,Female,West,nan,Self-Employed,81020.66710237428,36866.90733042391,Business,723.6404063027122,Poor,,0.9053679436121398,2021-04-22,1
C01934,22.0,Male,South,High School,Student,62297.4664484116,26557.856611533673,Auto,592.3393350783681,Good,41.0,0.2625743569702252,2018-03-25,0
C01935,22.0,Male,North,High School,Salaried,122169.94056234627,35487.75299304847,Business,679.8010044904153,Good,48.0,0.16956189778226033,2015-01-25,0
C01936,71.0,Female,South,Bachelor,Salaried,65314.72333113051,14134.705575904301,Auto,766.8624766259709,Good,44.0,0.38811054093655606,2021-04-20,0
C01937,64.0,Female,West,Bachelor,Self-Employed,41126.16722962443,23644.522964551597,Home,525.5901427285985,Fair,36.0,0.6970027977386155,2020-02-26,1
C01938,40.0,Female,North,Bachelor,Student,73067.54168282448,11244.105174349803,Auto,718.082299847694,Good,49.0,0.29676076390963724,2020-11-16,0
C01939,66.0,Female,South,Master,Salaried,103470.30531890082,2541.205887084001,Home,634.506347726015,Good,37.0,0.1423820515604734,2016-12-19,0
C01940,26.0,Male,North,Bachelor,Salaried,44606.00475688407,27424.36889301334,Personal,636.4510037011569,Good,46.0,0.14880091952577232,2022-06-29,1
C01941,52.0,Female,nan,Bachelor,Self-Employed,43884.463372474005,15431.590827677966,Business,688.573732589962,Good,33.0,0.3180904670859626,2023-03-11,0
C01942,37.0,Male,North,Master,Self-Employed,60329.61573837335,10042.004786004149,Personal,592.1461976439382,Fair,39.0,0.21498277721964232,2021-08-24,0
C01943,66.0,nan,East,High School,Salaried,48852.236029187,6118.651464799244,Business,561.8735647303517,Fair,41.0,0.41656814390938623,2023-03-10,0
C01944,59.0,Male,West,Bachelor,Business,31244.54757719783,21827.30798410945,Personal,516.1853920976992,Fair,39.0,0.24711212144203928,2016-07-27,0
C01945,52.0,nan,North,Master,Student,,20641.406050705278,Auto,742.3822032064411,Good,45.0,0.39266718703148196,2016-02-21,0
C01946,67.0,Female,nan,High School,Unemployed,70810.71509500657,15165.342360823252,Personal,622.1245861168277,Good,41.0,0.47781406118807257,2016-05-06,0
C01947,35.0,Male,West,Bachelor,Salaried,82876.07767536418,13258.057809952348,Business,692.7455309268024,Good,51.0,0.7311583270130447,2015-06-19,0
C01948,34.0,Female,West,PhD,Salaried,47470.89444590974,27660.807327253795,Education,613.6225943838758,Fair,48.0,0.2932895978413368,2016-08-21,1
C01949,41.0,nan,North,Bachelor,Salaried,63237.03267504207,1000.0,Business,562.8679622468783,Good,48.0,0.5038042078320866,2022-01-30,1
C01950,20.0,Female,East,Bachelor,Salaried,69624.04817713737,26309.70950029144,Education,698.9234457454355,nan,49.0,0.7930519136345473,2021-03-27,0
C01951,49.0,Male,West,nan,Salaried,37369.148290510595,24652.140813449736,Auto,674.5971930293616,Good,41.0,0.9384206111152982,2020-08-17,0
C01952,52.0,Female,nan,High School,Business,86471.51742536658,7696.167878877766,Business,632.2325634509431,nan,34.0,0.5737102445820533,2021-02-15,0
C01953,55.0,Male,North,High School,Salaried,70297.50838543921,1000.0,Personal,672.6422047581101,Fair,44.0,0.4674723121911849,2016-01-07,0
C01954,30.0,Male,West,Master,Unemployed,78111.91274126837,25885.59059079159,Auto,577.9636582816997,Fair,45.0,0.636803159801904,2023-03-01,0
C01955,73.0,Male,South,Master,Unemployed,81999.2166199458,8261.81960690206,Business,729.5449830916484,Good,36.0,0.5133513114714808,2023-01-09,0
C01956,64.0,Male,North,Bachelor,Salaried,125644.07495137295,35733.906299964045,Auto,746.9295978900856,Good,55.0,0.24004314616191308,2017-12-13,0
C01957,42.0,Female,South,Bachelor,Student,39385.04883760556,41180.67362558941,Education,706.947842850269,Fair,62.0,0.4905301047629492,2018-04-14,0
C01958,26.0,Male,West,Master,Business,42680.7939284552,24267.569903650958,Auto,622.1010680679748,Fair,43.0,0.9322352600319667,2021-11-05,0
C01959,21.0,Female,South,Master,Self-Employed,107073.12161399677,18985.861263585437,Personal,654.4510096012557,Good,37.0,0.6443643493759269,2021-01-02,0
C01960,31.0,Male,East,High School,Salaried,81305.70204024173,17809.746321516635,Business,767.6627336101072,Good,53.0,0.34091742006957304,2018-06-26,0
C01961,54.0,Male,nan,High School,Self-Employed,66725.68058726963,2940.5975028140056,Education,746.0874663208383,Fair,36.0,0.9050741054107954,2019-07-03,0
C01962,51.0,Male,South,Bachelor,Salaried,53047.83674506518,17142.763541247277,Auto,799.5401817881544,Poor,52.0,0.4302944051236426,2017-07-29,0
C01963,28.0,Male,East,Master,Self-Employed,59202.83986457471,15413.217452950936,Home,591.461086001512,Good,53.0,0.43160316996750825,2017-02-24,0
C01964,58.0,Male,South,Master,Salaried,59687.98412032528,13638.2600676545,Education,584.734078700965,Good,42.0,0.6241095682272577,2017-06-22,0
C01965,73.0,Male,South,nan,Self-Employed,27625.544030933925,23917.92410973734,Education,660.0777715686581,Poor,47.0,0.5836276589360188,2018-03-18,0
C01966,20.0,Female,East,Master,Salaried,89329.96742254557,21313.094153944585,Personal,680.5171817972225,Fair,45.0,0.34687108574886427,2019-02-19,0
C01967,45.0,Male,West,Bachelor,Salaried,15000.0,27861.884412820255,Personal,,Good,41.0,0.49701827596266457,2022-11-09,0
C01968,46.0,Male,East,Bachelor,Self-Employed,43773.467596843955,15564.35219383422,Auto,620.7736679123445,Good,40.0,0.38263607176889514,2019-06-15,0
C01969,26.0,Male,West,Master,Self-Employed,54205.64180167542,26026.21232880945,Home,745.0546387121847,Fair,31.0,0.7271133830864704,2019-05-02,0
C01970,20.0,Female,North,Master,Salaried,118587.1096963153,20079.520533740528,Education,643.1950932089645,Good,40.0,0.20412743647538417,2017-04-15,0
C01971,42.0,Female,North,Bachelor,Salaried,62480.07078370912,25964.001425270242,Auto,558.8591436561258,Good,38.0,0.7377134604598236,2023-03-11,1
C01972,51.0,Female,East,High School,Unemployed,72911.56247023215,19222.844529881982,Home,567.5233184798357,Fair,45.0,0.2369919715160449,2016-12-16,0
C01973,29.0,Male,North,PhD,Self-Employed,43062.76223162655,37780.377726452854,Auto,668.5298243850126,Good,47.0,0.36008469269756804,2018-01-08,0
C01974,59.0,Male,South,Bachelor,Salaried,86718.22532120497,1000.0,Education,850.0,Good,47.0,0.38333201926566196,2017-02-23,1
C01975,26.0,Female,East,Bachelor,Self-Employed,138797.03071239433,26256.174317358047,Auto,576.8042192191116,Good,43.0,0.9418503491413396,2016-05-23,0
C01976,32.0,Male,North,Bachelor,Self-Employed,,28564.606878314342,Personal,626.3844448495205,Fair,44.0,0.6013486870260399,2021-06-22,0
C01977,57.0,Male,South,Bachelor,Salaried,56612.38625473102,7332.410033013961,Personal,830.360358144953,Good,48.0,0.760921063473918,2021-02-05,0
C01978,42.0,Male,East,High School,Self-Employed,15000.0,38249.65372485486,Business,613.6789452621148,Good,56.0,0.5720712862550574,2016-07-07,0
C01979,22.0,Male,East,Master,Business,82342.30588144001,20223.455136421508,Home,684.1595630953553,Good,51.0,0.935684273657194,2023-01-05,0
C01980,28.0,Male,West,High School,Business,40351.3381759022,18753.086087679814,Education,790.6933041943423,Good,53.0,0.25077414855925445,2019-11-09,0
C01981,51.0,Female,East,High School,Salaried,46105.59992594928,23712.980045681434,Home,578.6390989322133,Fair,44.0,0.614143009931618,2020-04-04,0
C01982,41.0,Male,South,Bachelor,Unemployed,88292.76876026105,28875.039953976644,Personal,626.805483348383,nan,42.0,0.7777747571563168,2018-08-08,0
C01983,32.0,Female,West,Master,Salaried,53159.258137013756,21322.16692640649,Education,613.6725549774095,Fair,42.0,0.6342727213065055,2019-11-29,0
C01984,55.0,Male,West,nan,Unemployed,62646.43689481468,21006.79740760986,Business,536.1578477774606,Good,42.0,0.8623957567665931,2022-10-09,0
C01985,25.0,Male,North,Master,Salaried,83744.6586027123,28378.38283484493,Personal,767.702445926647,Good,48.0,0.610601784179119,2022-07-10,0
C01986,22.0,Female,North,PhD,Self-Employed,47348.403400420226,29688.45664166874,Personal,606.09467461476,Good,53.0,0.8024727666301178,2021-12-10,0
C01987,65.0,Male,East,High School,Self-Employed,32776.06163760199,23365.757954930607,Home,584.2815743133581,Good,45.0,0.2494275557144607,2019-09-19,0
C01988,43.0,Female,East,High School,Salaried,76607.58963706561,4523.894031203559,Auto,616.6674583947183,Good,48.0,0.3227543101977781,2021-10-26,0
C01989,35.0,Female,West,Bachelor,Business,83858.75832552573,9814.547055780668,Home,719.6623553865579,Good,51.0,0.47745829078115465,2021-02-27,0
C01990,23.0,Male,East,High School,Self-Employed,50560.87883927911,30846.677495090138,Personal,658.467015275591,Poor,37.0,0.8238750550595014,2018-01-01,0
C01991,54.0,Female,East,Master,Salaried,49321.72513679578,17219.397958670408,Home,590.6250270927227,Poor,44.0,0.46257548325834463,2021-03-18,0
C01992,65.0,Male,nan,Bachelor,Self-Employed,37497.61647579841,14013.82842274143,Auto,680.6862383686289,Fair,44.0,0.6333400970740544,2019-06-14,0
C01993,30.0,Female,East,nan,Self-Employed,82837.27387598781,24399.64691738555,Business,710.944602331143,Good,47.0,0.43643986163225,2022-05-03,0
C01994,45.0,Male,North,High School,Salaried,112972.45211383345,23159.590478445713,Education,648.2176559072932,Fair,48.0,0.7848623307495328,2017-04-07,0
C01995,22.0,Female,West,Bachelor,Student,88288.6271463313,17818.6466974059,Personal,632.3929303350756,Good,50.0,0.27024444831081135,2016-01-23,1
C01996,30.0,Male,South,Bachelor,Unemployed,,27435.51593075614,Home,726.1906953786665,Good,46.0,0.6047040563339622,2019-04-06,0
C01997,34.0,Female,West,High School,Salaried,82911.38448290092,7319.853698683175,Personal,636.5611065114919,Good,33.0,0.5912066600875269,2019-06-21,0
C01998,67.0,Female,nan,Bachelor,Self-Employed,44204.8051595962,2675.681157080111,Education,770.6143629717518,Good,53.0,0.4427555513995891,2017-09-17,0
C01999,57.0,Female,East,Bachelor,Salaried,74210.09062575821,35025.827508508344,Home,593.1773845932266,Good,46.0,0.6993588481166131,2020-03-03,0
C02000,62.0,Female,East,Bachelor,Business,37868.32354007432,8771.939941177765,Business,591.4314900679406,Good,48.0,0.12420511682086721,2021-09-01,1
C02001,49.0,Female,South,Bachelor,Unemployed,61945.36605578004,5244.532234543116,Education,582.2152414936741,Good,45.0,0.8152749902730523,2015-06-10,1
C02002,46.0,Female,South,High School,Salaried,91892.33570074648,16738.345919174215,Auto,632.0865157482513,Poor,45.0,0.3957704451364171,2022-05-25,0
C02003,68.0,Male,South,Bachelor,Business,85300.95180104212,19703.985188905717,Auto,650.1878046024739,Good,43.0,0.7740691841386251,2016-05-10,0
C02004,20.0,Male,East,Bachelor,Self-Employed,79211.88029373395,15216.248782501461,Personal,550.5773067820389,Good,41.0,0.3593005678475494,2023-01-31,0
C02005,73.0,Male,West,High School,Salaried,75406.92077380579,17715.604982685873,Auto,657.2567950935639,Good,51.0,0.2597204970317379,2022-11-19,0
C02006,57.0,Male,East,Bachelor,Unemployed,46596.94264024171,5786.251893648136,Home,692.4015640464467,Good,39.0,0.43106605212214155,2021-02-15,0
C02007,51.0,Male,North,High School,Self-Employed,68562.01682650221,27137.70916994765,Auto,540.0881333905228,Fair,49.0,0.7777619100418189,2015-03-30,1
C02008,57.0,Female,South,Bachelor,Self-Employed,84581.88882781345,4703.758180923463,Business,610.9121430214336,Good,53.0,0.6979903299926514,2018-03-04,0
C02009,44.0,Male,West,High School,Self-Employed,58921.138782126494,20225.073493510066,Home,692.5614296426735,Good,48.0,0.44087652158607615,2016-05-08,1
C02010,30.0,Female,South,Bachelor,Salaried,59885.45471823939,22339.1699233084,Personal,568.293555059306,Fair,36.0,0.8971884157493081,2015-09-18,0
C02011,62.0,Male,East,Bachelor,Salaried,53244.366672864795,26488.987989654353,Personal,626.3016108564902,Fair,34.0,0.4474597579732432,2017-05-27,1
C02012,50.0,Male,West,Bachelor,Unemployed,57876.27268258552,22273.458035253454,Auto,731.6137676700348,Good,39.0,0.3981398190493406,2015-09-07,0
C02013,23.0,Female,East,Master,Self-Employed,45666.916363957374,9116.98367820778,Auto,784.6387072344514,Good,53.0,0.22301107431100242,2019-03-07,0
C02014,41.0,Female,South,Bachelor,Business,65601.79299140358,15887.691901401926,Personal,682.9936408436845,nan,51.0,0.15973684888344447,2016-08-18,0
C02015,36.0,Female,West,Bachelor,Salaried,56993.10845421821,12960.220074897916,Home,637.3060035629289,Fair,39.0,0.3974170432737607,2015-04-01,0
C02016,33.0,Female,North,Master,Self-Employed,28143.858653788346,4269.755725235362,Education,612.3951484523204,nan,42.0,0.17820185827053292,2018-07-10,1
C02017,57.0,Male,nan,Bachelor,Student,130023.55818017945,24355.739828754282,Personal,718.3065574078661,Poor,44.0,0.49323971420544055,2022-06-14,0
C02018,45.0,Female,North,Master,Salaried,39064.296121431056,12433.397085649442,Business,,Fair,47.0,0.8310081121577754,2020-02-17,0
C02019,50.0,Male,North,Bachelor,Salaried,61632.6533212336,21487.27706964407,Home,563.2673152161764,Good,41.0,0.5046991547905182,2021-09-07,0
C02020,65.0,Male,West,Bachelor,Self-Employed,66529.19756543738,18888.913337225084,Education,,Fair,42.0,0.5084938315308479,2021-10-05,0
C02021,58.0,Male,North,Master,Salaried,51628.309572616316,8641.345876565265,Education,604.4715273705334,Fair,52.0,0.31542452782158026,2015-07-05,1
C02022,30.0,Male,East,High School,Salaried,62757.05428019363,7973.086169765651,Home,585.5333169535818,Good,41.0,0.24135123955613713,2020-05-17,0
C02023,60.0,Male,West,Bachelor,Unemployed,44536.380255204866,16649.317280723102,Personal,638.4766847337179,Fair,50.0,0.2889795297340746,2018-05-21,0
C02024,62.0,Female,West,High School,Student,83179.48289508895,6864.966067302432,Education,724.3709931921774,Fair,37.0,0.5827902076184857,2017-09-02,0
C02025,42.0,Female,nan,Bachelor,Self-Employed,64444.03615412265,29887.759285215092,Business,673.2053993629754,Good,52.0,0.603024147235234,2021-10-31,0
C02026,70.0,Male,South,High School,Business,,33449.4687644905,Home,671.1748748593112,Good,35.0,0.2871596237742756,2022-05-31,0
C02027,59.0,Male,East,Bachelor,Unemployed,101747.39179232309,27830.292925387224,Auto,676.4331240499761,Good,42.0,0.43908231809693,2020-07-23,0
C02028,53.0,Male,North,Master,Business,57969.281400697444,23490.704507698705,Personal,,Poor,50.0,0.5833802817285302,2015-02-09,0
C02029,44.0,Male,South,Master,Salaried,84336.22366591677,20612.780430886454,Home,641.4386586855152,Poor,54.0,0.7463927327334579,2021-01-08,0
C02030,55.0,Female,West,Bachelor,Salaried,103408.62868048422,9521.327927457502,Business,697.391657404399,Good,43.0,0.37180395603607097,2019-02-27,0
C02031,24.0,Male,South,nan,Salaried,61913.30730188827,28275.61034309873,Education,600.5238353018723,Good,41.0,0.33065338201295347,2019-06-09,0
C02032,22.0,Female,East,Bachelor,Salaried,82277.48125171679,33708.39583519286,Personal,698.8255738209147,Good,37.0,0.7208969494235085,2019-07-02,0
C02033,60.0,Male,East,Bachelor,Salaried,53367.955406229456,16605.711113329467,Personal,,Good,31.0,0.5367403451270258,2015-11-10,1
C02034,62.0,nan,East,Master,Salaried,94930.30087759694,19636.690603701925,Home,702.4352445925234,Good,49.0,0.8282346025152976,2019-12-28,0
C02035,74.0,Male,nan,Master,Salaried,52505.043134817606,11921.568980102362,Home,706.3271623770573,Good,42.0,0.2793525673292201,2016-09-21,0
C02036,68.0,Female,North,Master,Salaried,82576.58490526858,16687.628557421427,Business,684.8649230172608,Good,28.0,0.7553014446775623,2015-06-27,1
C02037,48.0,Male,East,High School,Self-Employed,89877.9474396659,7424.513975743079,Auto,738.0082186506961,Good,46.0,0.23772848130488303,2018-03-07,0
C02038,40.0,Female,West,Bachelor,Salaried,35525.57249473831,17107.42906106371,Home,479.62896620160035,Fair,34.0,0.5970555578222626,2022-09-30,0
C02039,59.0,Male,South,Master,Business,48332.25270646002,24326.909961624766,Home,714.0309468173871,nan,38.0,0.3410886520674834,2015-01-19,0
C02040,27.0,Male,North,Bachelor,Salaried,47320.48652350117,23251.59425693806,Home,798.1593145368407,Good,60.0,0.18592731395965045,2018-08-29,0
C02041,49.0,Female,East,Bachelor,Business,91998.32207502156,22506.885778725496,Business,603.3578393780856,Good,44.0,0.6242499138820712,2015-09-29,1
C02042,60.0,Female,South,Bachelor,Student,35616.30909621398,1000.0,Education,594.9702606228122,nan,45.0,0.5307791159116522,2020-08-31,0
C02043,70.0,Female,North,Master,Business,73142.23077278663,20480.08488483005,Auto,746.4739259730352,Poor,48.0,0.5130831602643058,2018-08-26,0
C02044,47.0,Female,West,High School,Business,83161.94288126612,26131.525036237013,Business,580.4945495390539,Good,47.0,0.6036415133357202,2018-01-12,0
C02045,56.0,Female,East,Bachelor,Unemployed,69234.72457913539,19912.32716360448,Home,599.9956765568411,Good,40.0,0.41657163483679827,2017-04-17,0
C02046,48.0,Male,West,High School,Salaried,96868.32519145178,31354.110854577557,Education,662.7461389773347,Good,34.0,0.6696424274893232,2022-04-22,0
C02047,35.0,Male,West,Bachelor,Student,16885.15303420079,19003.109043716395,Home,590.0786592385205,Good,49.0,0.21121717129773332,2017-07-27,0
C02048,53.0,Male,East,Master,Business,80197.88871432163,23971.604406467013,Business,715.6268376495169,Good,42.0,0.7077257610911619,2019-10-27,0
C02049,19.0,Female,North,High School,Business,60456.17066185527,9972.90145749601,Personal,590.6898408307115,Good,51.0,0.5928416571385934,2016-05-03,1
C02050,31.0,Male,South,Bachelor,Salaried,27371.803053923577,25862.22674855762,Home,677.047501078001,Fair,52.0,0.5135017440304226,2016-02-07,0
C02051,30.0,Male,North,Bachelor,Self-Employed,37972.55380157026,27867.72120833557,Education,671.3361847247379,Good,46.0,0.2085028399727361,2016-05-31,0
C02052,46.0,Female,West,High School,Self-Employed,104127.5360152148,12864.154078877922,Auto,774.7916054306353,Fair,37.0,0.3365248075721299,2022-03-15,0
C02053,29.0,Female,North,Bachelor,Self-Employed,80805.5342121375,5705.402996749313,Personal,737.3976399721796,Good,39.0,0.35100209182664477,2021-09-12,0
C02054,56.0,Male,South,High School,Business,85047.69792820334,15491.76588922868,Home,610.285434390976,Good,48.0,0.2987407558234446,2020-08-06,0
C02055,19.0,Male,East,Bachelor,Salaried,88974.11108200745,10018.396992601407,Home,555.1630695145816,Fair,59.0,0.911052767542342,2019-04-23,0
C02056,49.0,Male,South,Bachelor,Salaried,31079.396236169072,25988.933435717096,Education,712.8476631483077,Fair,40.0,0.8782953241716867,2016-09-21,0
C02057,30.0,Male,North,Master,Salaried,71143.20979549241,15111.157653072147,Personal,600.9956873935005,Good,51.0,0.5642132317633629,2019-02-14,0
C02058,63.0,Male,East,Master,Salaried,92460.46609677555,27184.08476426985,Personal,624.8242446572186,Good,37.0,0.2748216957541898,2016-03-13,1
C02059,44.0,Female,North,Bachelor,Salaried,54934.936324425864,4361.981449630597,Personal,570.5129232452273,Good,48.0,0.8744676103120408,2015-11-13,0
C02060,66.0,Female,North,High School,Salaried,99061.16059687898,11717.171321768008,Home,700.9258948090124,Good,50.0,0.7369955529277479,2020-12-12,0
C02061,58.0,Female,South,PhD,Salaried,49684.83649335541,12361.73431863064,Personal,601.5130162671869,Good,49.0,0.13295606311093155,2017-06-12,0
C02062,34.0,Male,East,Bachelor,Self-Employed,68119.02978346925,22756.32967883733,Home,647.3718733772909,Good,30.0,0.5171047934760196,2015-03-17,0
C02063,57.0,Female,East,High School,Salaried,74938.35071742642,1000.0,Home,648.537270058065,Good,41.0,0.6142029296415114,2018-07-30,0
C02064,48.0,Male,South,Master,Unemployed,83864.96059829983,17253.091925826702,Personal,663.7670464935433,Good,46.0,0.1565023594539135,2017-08-23,0
C02065,51.0,Male,East,High School,Business,57806.58848166023,16355.58996894474,Business,699.6228876289736,Fair,53.0,0.14235637648236593,2017-03-03,0
C02066,41.0,Female,South,Bachelor,Business,90302.80296791033,23615.62868556187,Auto,631.7884721079334,Good,39.0,0.49399536471240346,2015-12-13,0
C02067,62.0,Male,West,Bachelor,Salaried,75700.36189414749,20504.0757921208,Auto,594.3929313585093,Good,37.0,0.10165895633698352,2017-07-29,0
C02068,52.0,Male,North,Bachelor,Self-Employed,24030.159573004203,10454.941514822003,Business,510.5341524683415,Fair,39.0,0.13981022549946592,2020-12-17,0
C02069,65.0,Female,East,Master,Self-Employed,110914.3158507226,1000.0,Personal,657.6972222025753,Fair,37.0,0.24036701424014886,2016-10-23,0
C02070,23.0,Male,West,Bachelor,Student,41053.365114283,12293.375447155207,Home,638.2250719536479,Good,48.0,0.8734751579247453,2018-10-07,1
C02071,36.0,Female,West,High School,Business,112975.01388256704,7332.126202261228,Education,596.7145377409256,Good,52.0,0.7513409979608013,2018-03-14,0
C02072,47.0,Male,North,PhD,Self-Employed,61057.8639701947,7915.4910633543095,Business,654.6914346614402,Fair,38.0,0.4828621036016937,2022-07-11,1
C02073,24.0,Female,South,PhD,Unemployed,56402.28769547538,12651.833805535798,Auto,714.1987004461164,nan,52.0,0.5073248173526136,2017-10-12,1
C02074,27.0,Male,East,Bachelor,Salaried,74980.95440628726,28176.457260783907,Auto,733.3916063710385,Good,43.0,0.6831208667400447,2016-04-29,0
C02075,58.0,Male,North,Bachelor,Salaried,47534.668654715875,7308.0088726220365,Home,534.8646936181707,Fair,53.0,0.5032285558760908,2022-03-10,0
C02076,49.0,Female,West,High School,Self-Employed,17852.118175237963,1450.084851884414,Auto,622.9354024238498,Poor,30.0,0.15433634251986222,2018-06-21,0
C02077,51.0,Male,East,Master,Salaried,62267.28258548073,14205.097062458632,Auto,722.076890929882,Good,57.0,0.7279216688069581,2018-02-16,0
C02078,45.0,Male,East,High School,Salaried,74376.32025862751,17215.930117122272,Home,769.7030775892267,Good,51.0,0.1490873517976548,2016-10-27,0
C02079,32.0,Male,North,High School,Business,103444.2488471778,16547.61174267844,Personal,588.7052260131187,Fair,44.0,0.5131791625808247,2019-01-03,0
C02080,47.0,Male,East,Bachelor,Salaried,35215.99122709248,13404.235087445899,Auto,753.3742196924433,Good,41.0,0.832451383158008,2019-08-24,0
C02081,54.0,Male,East,High School,Self-Employed,79505.58124130974,17553.194185313616,Personal,548.7427788324036,Good,44.0,0.1997727450238284,2019-03-17,0
C02082,46.0,Male,West,High School,Unemployed,62402.49669074627,22155.073496476456,Education,736.1213422339958,Good,51.0,0.700633725601258,2022-02-12,0
C02083,39.0,Female,North,Bachelor,Salaried,65826.04347828632,11279.81129993923,Personal,628.8682750845994,Good,38.0,0.139378736718413,2018-04-09,0
C02084,21.0,Male,North,High School,Salaried,89301.12217756348,30021.609527919987,Home,767.2117449232812,Good,53.0,0.9441006757074765,2015-10-27,0
C02085,37.0,Male,South,High School,Salaried,52214.42903365843,18169.42272100848,Home,615.197658780853,Fair,48.0,0.6797734232738267,2018-04-28,0
C02086,49.0,Male,North,High School,Salaried,69188.14937905621,29794.157462536135,Home,626.7581954929746,nan,31.0,0.9236411760537261,2021-05-28,0
C02087,53.0,Male,East,High School,Salaried,92248.44470504513,22635.3593325652,Auto,639.9955528097114,Good,43.0,0.6679903699161536,2017-08-09,0
C02088,67.0,Female,West,Master,Salaried,90740.00965474694,7397.419542863156,Business,534.721238395783,Good,55.0,0.30594066921435603,2023-03-02,1
C02089,21.0,Male,South,Master,Salaried,34492.87039650956,1000.0,Auto,517.8145496931005,Fair,47.0,0.8874098365681619,2017-09-11,1
C02090,44.0,Female,West,Bachelor,Salaried,49676.54993163787,30649.885920318593,Personal,688.2615644780534,Good,46.0,0.632669657104814,2017-06-27,1
C02091,34.0,Male,North,Bachelor,Business,61406.840954798936,10875.61395917733,Education,724.1346760515017,Fair,51.0,0.5895464930166701,2020-01-05,0
C02092,29.0,Female,North,High School,Unemployed,85348.4643630956,19028.45795367441,Education,695.5683127130827,Fair,48.0,0.4647451090473884,2019-07-20,1
C02093,39.0,Female,North,High School,Business,58719.929678516026,13972.706512196246,Education,555.9518289366108,Poor,50.0,0.3419048229972559,2017-02-18,1
C02094,34.0,Female,South,High School,Self-Employed,67068.44805637197,33424.07414645924,Education,686.0141558804031,Good,44.0,0.5505591341999149,2016-06-16,0
C02095,27.0,Female,West,Bachelor,Salaried,96257.72972243787,19253.25289895955,Business,575.7347019722222,Good,50.0,0.41114905248953526,2020-11-04,0
C02096,71.0,Female,North,Master,Business,56533.52030526581,6197.182736209472,Education,680.5739531167749,Good,34.0,0.8259207437033504,2018-11-26,0
C02097,18.0,Male,East,Bachelor,Salaried,101828.96893286158,17361.8471700435,Auto,734.8474358901829,Good,42.0,0.12447876067259354,2017-02-19,0
C02098,39.0,Male,South,Bachelor,Salaried,24864.158341604118,31246.654557934045,Education,677.5600140001264,Poor,46.0,0.550577762145449,2016-07-11,0
C02099,43.0,Female,West,High School,Business,55181.214051161944,11299.478804910217,Home,760.1400426681449,Poor,46.0,0.811080155286821,2016-09-15,1
C02100,73.0,Male,North,Master,Salaried,30871.387441351173,4383.05493200505,Personal,638.7509396485441,Poor,51.0,0.12346541567553579,2018-04-23,0
C02101,35.0,Male,North,Bachelor,Salaried,67917.46408064508,27301.878551878013,Auto,633.7513009021726,Good,45.0,0.33995727482511884,2020-05-07,0
C02102,67.0,Female,North,Master,Unemployed,83774.79054445014,10210.599400631427,Business,655.0513473335585,Fair,42.0,0.14379417313922987,2019-03-04,0
C02103,31.0,Male,South,Bachelor,Unemployed,60969.584860189105,3000.178753265176,Auto,549.3019187150944,Good,37.0,0.6057532043398117,2018-04-28,0
C02104,64.0,Female,South,Master,Salaried,53139.23978375604,10547.606947176997,Home,619.7786693287162,Poor,51.0,0.36922566323297235,2019-05-11,0
C02105,46.0,Female,West,PhD,Salaried,31009.511318208344,22222.191133984517,Education,626.3650122694951,Good,59.0,0.9157705322285368,2018-02-26,0
C02106,29.0,Female,East,PhD,Self-Employed,107033.37277891474,23868.41819533468,Education,628.7000042534839,Good,46.0,0.6238495650453223,2021-10-24,1
C02107,53.0,Female,East,Bachelor,Business,64439.7034051531,23439.321087363136,Business,670.1218375372559,Fair,45.0,0.5775317039869328,2020-02-21,0
C02108,52.0,Male,East,Bachelor,Salaried,53696.424560235435,9214.961440851996,Personal,538.9753160132532,Fair,47.0,0.8796538005437289,2019-08-19,0
C02109,69.0,Male,North,High School,Self-Employed,104063.31033869524,28468.53693399184,Education,564.0789512104625,Fair,46.0,0.29003909516027887,2015-05-12,0
C02110,29.0,Male,South,PhD,Student,,26836.197510505335,Business,734.9052197478853,Good,46.0,0.5779059205943865,2019-02-17,0
C02111,24.0,Male,nan,Bachelor,Salaried,42240.9418141707,24326.156495595562,Education,499.4563831952143,Poor,43.0,0.5613652397145763,2018-01-03,0
C02112,46.0,Female,West,High School,Unemployed,47242.98611808478,8953.539831783388,Auto,696.2278301654633,Fair,43.0,0.1697970991642957,2018-05-12,0
C02113,28.0,Female,West,Bachelor,Student,43569.00111041084,13489.197275376737,Business,621.9830239401738,Fair,46.0,0.8922508184178626,2023-03-03,0
C02114,50.0,Male,West,High School,Salaried,38349.29583213723,22815.747161325988,Business,662.0091861247589,Good,44.0,0.6951995224226217,2015-02-22,0
C02115,23.0,Male,North,Bachelor,Business,47664.08643069977,25461.267413725745,Business,766.8574089000455,Fair,56.0,0.8548899722278975,2020-09-17,0
C02116,64.0,Female,North,Bachelor,Salaried,125373.76584280937,9543.621327946827,Education,640.1612910601008,Good,44.0,0.9351567788663802,2019-02-14,0
C02117,32.0,Male,North,Bachelor,Business,36254.425867313184,37175.29753138529,Business,696.9041004129327,Good,45.0,0.5077058679534103,2015-12-04,1
C02118,49.0,Male,South,High School,Business,27696.201067167203,18304.294849189373,Auto,654.3925225761436,Good,48.0,0.7831108657731822,2021-09-07,0
C02119,68.0,Male,North,PhD,Salaried,71950.73668947339,29171.89441135346,Personal,641.7967872685022,Fair,49.0,0.5909257752475457,2017-10-16,1
C02120,28.0,Female,South,Master,Business,63100.840523384,7268.152542254882,Personal,632.5118526619729,Good,50.0,0.9305545914825092,2020-09-29,0
C02121,40.0,Female,East,Master,Business,81501.02391427071,21753.95407171773,Home,702.579376137967,Good,39.0,0.31014004649153426,2023-01-12,1
C02122,43.0,Female,West,Bachelor,Salaried,51147.89199440139,7037.437319237635,Auto,595.1298600408994,Fair,42.0,0.11174459534180993,2018-04-30,0
C02123,51.0,Female,East,Master,Salaried,43287.1653173903,21211.158600306575,Auto,565.0982608586553,Good,45.0,0.25805543557714083,2022-07-29,0
C02124,63.0,Male,West,Bachelor,Salaried,106842.99418706617,24324.27280835588,Business,655.5856230073316,Good,49.0,0.208815964707443,2021-06-20,0
C02125,51.0,Male,North,High School,Self-Employed,24707.760386113237,24879.08089857875,Home,664.4588002691371,Poor,,0.47140946462927447,2020-12-02,0
C02126,46.0,Female,North,High School,Student,74014.97248157438,12322.722861868031,Auto,513.1881375950779,Good,38.0,0.16579867318698302,2019-11-30,0
C02127,21.0,Male,East,Bachelor,Business,82257.57320229837,1509.5981451589541,Auto,649.2134428542003,Good,47.0,0.2871680765688073,2022-12-02,0
C02128,34.0,Female,South,High School,Salaried,85542.55306287049,22924.992737177854,Auto,557.9842309089117,Good,39.0,0.18182599844609443,2022-11-20,1
C02129,52.0,Female,South,nan,Self-Employed,57415.46829656865,15714.224108039401,Education,697.0132330585865,Good,55.0,0.5137398615193327,2015-09-14,0
C02130,30.0,Female,South,High School,Salaried,33794.45275523956,15709.013070980836,Auto,514.7236358077525,Good,51.0,0.32676051127335637,2016-06-06,0
C02131,58.0,Female,South,Bachelor,Salaried,102487.85073481945,10478.762578519722,Education,794.3806872397317,Poor,33.0,0.5003562034518231,2022-03-11,0
C02132,56.0,Female,East,Bachelor,Self-Employed,53861.39366582387,19162.77564809178,Auto,624.6351187523129,Fair,49.0,0.17555488503780517,2018-05-13,1
C02133,32.0,Female,South,Bachelor,Self-Employed,103249.94952703164,19653.578107487785,Personal,585.1278538634516,Good,61.0,0.5393400661127815,2017-04-02,0
C02134,72.0,Male,East,Bachelor,Self-Employed,74201.84866427694,30250.168337050272,Education,628.7770654723855,Good,43.0,0.21055882157919853,2020-07-23,0
C02135,46.0,Male,East,High School,Student,52901.89970568554,1000.0,Education,691.7203143975419,Good,37.0,0.18444448370730576,2016-09-08,0
C02136,46.0,Male,South,Master,Self-Employed,74836.07618208496,6472.159601876472,Business,716.7852566926202,Good,42.0,0.363516618057389,2021-05-17,0
C02137,28.0,Female,South,Bachelor,Self-Employed,93770.048926448,24299.23846699797,Auto,629.4266517481373,Poor,47.0,0.8432548549932048,2015-09-13,0
C02138,69.0,Male,North,Bachelor,Salaried,67052.20626226359,1000.0,Home,542.0982188890857,Good,40.0,0.7702431924882593,2018-09-05,0
C02139,49.0,Female,South,Master,Student,46560.43893606372,12471.61951012498,Home,559.0777149783364,Fair,31.0,0.9152773319544482,2015-08-05,0
C02140,19.0,Male,East,Master,Business,20311.175146391884,43445.86820054367,Home,671.4790774055559,Fair,50.0,0.49116597472738577,2018-01-31,0
C02141,64.0,Female,West,Master,Unemployed,54393.57817756804,16922.724674035875,Home,724.049534713284,Fair,55.0,0.36557520957524536,2018-12-03,0
C02142,31.0,Male,East,Bachelor,Salaried,85191.01452213727,26694.10897444075,Personal,733.8106438688089,Good,,0.925270722078107,2016-03-25,0
C02143,37.0,Female,North,Bachelor,Self-Employed,39741.65374408904,2882.6053766413934,Home,662.6069431558086,Good,54.0,0.42450286652767355,2023-03-18,1
C02144,39.0,Female,East,Bachelor,Self-Employed,82029.05161490408,26700.930893557932,Business,722.5474674636067,Good,53.0,0.10773789528456128,2019-09-18,0
C02145,28.0,Male,East,Master,Salaried,65704.97689300589,15927.281938045755,Home,793.4261913194,Fair,36.0,0.7970923217399867,2018-07-03,0
C02146,44.0,Male,South,Master,Self-Employed,83637.3834394206,22593.309713468843,Business,739.2760784552219,Good,49.0,0.24382895982159522,2018-01-14,0
C02147,20.0,Female,East,High School,Unemployed,15000.0,25268.05541261995,Education,719.1528426053278,Good,53.0,0.7102255642822581,2020-04-04,1
C02148,34.0,Male,South,Bachelor,Salaried,29491.621680863165,14555.301267400773,Auto,589.5082112680786,Fair,46.0,0.1128536068845061,2016-10-19,0
C02149,61.0,Male,East,Master,Salaried,53435.041679010144,24567.383268018646,Home,722.1964715321002,Good,51.0,0.19434163949304623,2017-02-22,0
C02150,73.0,Female,East,Bachelor,Business,111656.8269067042,8493.041375361454,Business,684.5924358416561,Good,50.0,0.5110290203014436,2022-07-24,1
C02151,45.0,Female,North,Bachelor,Salaried,46143.29596771341,20238.537026633374,Business,698.7984221275354,Good,43.0,0.1577133225078523,2018-03-28,0
C02152,46.0,Female,East,Bachelor,Self-Employed,61830.417334033256,24900.28253317602,Auto,,Good,47.0,0.8553362613339383,2016-05-17,0
C02153,38.0,Male,North,Bachelor,Self-Employed,118768.26721240126,14305.60411213002,Education,676.8918386276143,nan,56.0,0.7373887020782793,2019-05-03,0
C02154,64.0,Male,North,nan,Salaried,75715.92756903148,10072.506990123242,Home,642.3090252003902,Good,41.0,0.3789575152171444,2020-02-12,0
C02155,33.0,Female,nan,Bachelor,Business,86490.75235907342,15137.948775624653,Business,569.760064425431,Good,48.0,0.6078923522371978,2016-11-04,0
C02156,54.0,Female,nan,High School,Self-Employed,48941.8820625143,30601.856663243234,Home,627.7612761766006,Poor,50.0,0.7081977249651369,2019-08-25,0
C02157,37.0,Female,North,High School,Unemployed,94474.66851586584,29068.387683699508,Personal,665.9639200372013,Good,30.0,0.742089310333725,2016-01-11,0
C02158,23.0,Male,South,High School,Business,98284.87338787646,27308.048299381706,Business,670.8214505136897,Good,41.0,0.4363245613146963,2015-03-01,1
C02159,36.0,Male,North,Bachelor,Unemployed,77539.95619306414,35078.313438037585,Education,668.2907224002743,Good,45.0,0.8639801876257639,2022-03-20,0
C02160,74.0,Male,South,Bachelor,Salaried,62850.57645938943,20062.97492454958,Auto,721.9632394820783,Poor,59.0,0.9005170205399283,2016-07-05,0
C02161,22.0,Male,West,High School,Salaried,78985.68136413957,21758.93751958647,Business,714.902352516284,Fair,33.0,0.26635796354211483,2016-10-18,0
C02162,20.0,Male,nan,Bachelor,Salaried,24357.853635033767,1000.0,Personal,645.3433818907552,Good,42.0,0.874552979778243,2017-04-03,1
C02163,18.0,Male,East,Master,Salaried,92215.84752478887,10899.813409488852,Auto,586.4553419408039,Good,34.0,0.7057784343519905,2019-04-25,0
C02164,55.0,Female,South,High School,Unemployed,43771.957419985585,25114.726327083677,Education,678.7518452583179,Poor,52.0,0.8549173545167748,2018-04-12,0
C02165,32.0,Male,East,Bachelor,Self-Employed,58035.045162160786,28682.21588532805,Home,818.4753160711591,Good,52.0,0.4610411280073051,2017-12-24,0
C02166,51.0,Female,South,nan,Business,97938.87176414685,7072.435801563515,Home,674.0932081459283,Good,55.0,0.6620179103347213,2017-11-21,0
C02167,52.0,Female,West,Bachelor,Salaried,92439.05626066677,19069.107212646115,Business,627.8057035720085,Fair,51.0,0.3000728115144092,2019-07-09,0
C02168,66.0,Female,West,Master,Salaried,24471.80705384379,41594.143713093115,Auto,690.187711435037,Fair,38.0,0.738436489537187,2023-02-06,0
C02169,42.0,Male,East,Bachelor,Unemployed,41316.78694215662,19122.834935415955,Personal,694.6802194070955,Poor,55.0,0.5944734776750275,2015-09-07,1
C02170,41.0,Female,South,Master,Salaried,81002.83376979531,34448.35512426712,Personal,693.8487950304332,Fair,41.0,0.5088033451059917,2018-03-06,0
C02171,29.0,Female,South,Master,Business,21514.813356347135,23472.88366771407,Education,752.9660146284275,Poor,38.0,0.6887793687319909,2015-03-15,0
C02172,35.0,Female,North,Bachelor,Salaried,100483.65580568783,25613.686341043267,Auto,678.9569717715103,Fair,47.0,0.5694934804575738,2018-11-04,0
C02173,32.0,Female,West,Master,Unemployed,67948.12692008296,10905.203860340294,Auto,749.4059176557761,Good,53.0,0.7505516413471217,2016-06-03,0
C02174,61.0,Female,South,PhD,Self-Employed,100322.93934479632,3910.4827067354563,Home,667.2675585303133,Good,41.0,0.8296706567929565,2017-02-22,0
C02175,33.0,Female,South,Bachelor,Business,46377.828531297506,27224.08006738269,Education,763.4373700631655,Poor,38.0,0.7805153587866679,2017-02-17,0
C02176,44.0,Male,South,High School,Salaried,48595.708810186574,23071.045764250517,Education,740.5051396804703,Good,,0.3613806367842839,2021-05-15,0
C02177,25.0,Female,West,Bachelor,Self-Employed,90853.82494304678,20605.683070467072,Education,719.1349558664675,Fair,38.0,0.9297013315290903,2017-08-09,0
C02178,63.0,Male,North,Master,Unemployed,57590.68310755983,6728.94144349516,Auto,709.1889301822175,Fair,34.0,0.6522800734756407,2022-11-11,0
C02179,42.0,Female,West,Bachelor,Unemployed,33976.96287957119,16432.370606514985,Home,822.6138257802813,Good,54.0,0.3749465046712872,2019-08-13,0
C02180,34.0,Male,West,High School,Salaried,79036.79944679391,13833.290885979633,Education,730.7463191499824,Good,39.0,0.13619374398511408,2018-11-26,0
C02181,46.0,Male,West,High School,Salaried,25190.68052845986,14812.494397047984,Home,586.3012246531616,Good,40.0,0.9398819482474011,2017-03-17,0
C02182,70.0,Female,South,Bachelor,Salaried,101053.35656771983,22284.770250918682,Education,668.4425413601241,Good,47.0,0.6091647844263566,2020-04-06,0
C02183,25.0,Female,North,High School,Salaried,69605.21106627856,27062.292305088333,Auto,,Fair,40.0,0.29340922313081697,2022-05-19,0
C02184,32.0,Male,South,Bachelor,Business,42758.587911346476,22860.7583562911,Home,804.8357237598462,Good,36.0,0.5174552309500278,2022-05-16,0
C02185,44.0,Male,South,Master,Salaried,93629.70142453912,21944.612158837634,Business,743.8578169696593,Poor,56.0,0.43790940823880886,2017-02-11,0
C02186,63.0,Female,North,Bachelor,Salaried,94069.63479547176,21135.186536025147,Education,802.3963268465814,Good,36.0,0.9086604537428571,2016-06-14,0
C02187,67.0,Male,East,High School,Self-Employed,65093.31023228431,18252.26869881409,Auto,593.0004103823914,Fair,29.0,0.5187618033981398,2020-06-23,0
C02188,69.0,Female,South,High School,Self-Employed,121885.21809232223,11693.340072734463,Home,732.6256008912472,Good,38.0,0.5119675156670122,2016-01-16,0
C02189,24.0,Male,West,High School,Business,121308.61989953562,20468.460723950455,Personal,547.6603262722975,Good,40.0,0.7754097515639418,2015-03-02,0
C02190,20.0,Female,North,High School,Student,73083.7164075837,27472.760838722075,Auto,530.5900749396513,Good,45.0,0.4322748299641078,2020-01-12,0
C02191,46.0,Female,East,Bachelor,Salaried,91635.15254485226,18847.031110694672,Auto,620.228290064443,Good,59.0,0.2670405961202389,2020-06-03,1
C02192,61.0,Male,West,Bachelor,Business,97720.13061125412,10796.366068833506,Personal,763.4281353121779,Fair,42.0,0.7531388966398739,2021-02-13,0
C02193,70.0,Male,West,High School,Salaried,36626.91369565656,8043.555690151759,Personal,575.5538719284566,Poor,51.0,0.8735923422579306,2021-08-30,0
C02194,41.0,Male,West,High School,Salaried,72167.90661390047,10462.176200791155,Business,648.7391114882568,Good,,0.13886731150516055,2021-12-25,0
C02195,20.0,Female,East,High School,Salaried,47954.10306108861,8562.664605035456,Business,739.1632151154415,Good,36.0,0.830915051776133,2015-06-27,0
C02196,37.0,Female,West,nan,Salaried,44427.46107439179,48912.118498389835,Business,713.4809870869477,Fair,41.0,0.47218371644485857,2020-08-07,1
C02197,63.0,Female,South,Bachelor,Salaried,68040.1703642366,11222.711511581887,Auto,816.2139934034644,Poor,41.0,0.34576345619753057,2017-08-16,0
C02198,32.0,Male,East,Master,Salaried,69918.53151131507,19615.694392384103,Auto,650.2528994157395,Good,39.0,0.13330328659065457,2018-09-12,1
C02199,42.0,Male,North,Master,Unemployed,24699.759910209992,19132.301906664878,Auto,616.8777841527,Good,44.0,0.2746943543789697,2015-04-24,0
C02200,47.0,Male,North,Bachelor,Business,73592.88185634291,34133.14833403484,Business,567.9139189190768,Good,33.0,0.3829393307806911,2015-07-27,0
C02201,31.0,Male,North,Master,Student,58726.305141466204,24293.740754062557,Home,622.400004491195,Good,57.0,0.16008160620314243,2020-07-31,0
C02202,24.0,Female,North,High School,Self-Employed,99947.97286479414,24244.945105469873,Auto,567.2300780610572,Good,31.0,0.2604715552106157,2016-03-30,0
C02203,34.0,Female,South,Bachelor,Salaried,94067.76484014916,21743.856655324347,Auto,515.266604006779,Good,35.0,0.7263143760418088,2022-01-21,0
C02204,61.0,Female,North,High School,Salaried,43599.78785134522,22750.93252999772,Auto,797.2544436006566,Good,52.0,0.6838316937980043,2023-01-02,0
C02205,37.0,Male,North,Master,Salaried,97818.20927846368,23222.551561713935,Business,653.6680099456545,Good,40.0,0.7543630796533657,2016-08-24,0
C02206,53.0,Female,West,High School,Salaried,78398.8835610869,13725.923616766424,Education,844.3600153421846,Good,54.0,0.2404691132749588,2019-10-23,0
C02207,26.0,Female,North,Master,Self-Employed,59542.97534629503,10826.404849131597,Business,587.0533672495637,Good,51.0,0.13657564154875107,2019-05-01,0
C02208,55.0,Female,East,High School,Self-Employed,52195.52536234178,20586.420531750402,Education,617.8393543471992,Good,36.0,0.4983013905532302,2018-01-31,0
C02209,65.0,Female,North,Master,Salaried,36308.84002836411,14630.770250802685,Business,591.8473241182171,Good,53.0,0.39136702484108066,2017-06-22,0
C02210,74.0,Male,West,Bachelor,Salaried,34550.05398609121,21843.666638091072,Home,601.9432951255427,Good,52.0,0.7602231179607171,2016-10-15,0
C02211,39.0,Male,West,Bachelor,Salaried,19321.776510646676,9207.345228941596,Home,715.5202808157082,Good,50.0,0.5580027453450481,2020-03-22,0
C02212,71.0,Female,East,Bachelor,Salaried,65522.04323803664,5262.41992181024,Auto,692.4742974698281,Fair,40.0,0.8915032634187606,2015-03-19,0
C02213,70.0,Male,East,Bachelor,Salaried,15000.0,7206.764301180539,Business,715.6557069063322,Good,36.0,0.15202543231754023,2022-04-04,0
C02214,70.0,Male,North,Bachelor,Business,43337.10222477782,19261.217486833953,Education,750.6703694113955,Fair,27.0,0.4091249104991609,2015-02-04,0
C02215,19.0,Female,nan,PhD,Salaried,81421.23810824132,3844.313167424578,Education,733.0516283125612,Good,41.0,0.4444545112200269,2022-04-17,0
C02216,41.0,Female,West,High School,Business,102331.62054718792,39496.59752351402,Home,574.363269166851,Good,64.0,0.2070060189510246,2020-05-24,0
C02217,25.0,Female,West,PhD,Salaried,36289.63313408679,39522.322197953275,Auto,610.713607724823,Fair,37.0,0.5955634992679876,2016-08-10,0
C02218,28.0,Male,East,Bachelor,Salaried,80240.19317878468,28854.932673920674,Education,659.1112107553728,Good,43.0,0.13417207801972053,2016-03-02,0
C02219,30.0,Male,South,Master,Business,57257.87709309291,16305.908776589305,Business,850.0,Good,52.0,0.7058163592691759,2020-06-27,0
C02220,34.0,Female,West,Bachelor,Self-Employed,52094.8467160884,15163.985280598114,Auto,707.9300106598531,Good,48.0,0.13182668665069436,2018-09-16,1
C02221,25.0,Female,South,Bachelor,Salaried,68866.67675186126,22965.35831958767,Business,658.0016606305093,Good,55.0,0.8424512475519813,2020-12-18,1
C02222,38.0,Female,East,Master,Unemployed,48628.84117613066,25966.205163817784,Business,700.4956041309314,Good,55.0,0.15527292584185354,2021-11-09,0
C02223,35.0,Female,North,Bachelor,Salaried,62895.61627983663,22962.57837357472,Home,604.7664459191859,Fair,40.0,0.48789700261829727,2019-01-02,1
C02224,47.0,Female,West,Bachelor,Salaried,66773.40095194464,6895.266058875233,Business,669.6819133251729,Good,40.0,0.23207758899858003,2020-05-15,0
C02225,35.0,Female,North,High School,Business,94014.52942261679,18100.912929286504,Personal,721.5996638607554,nan,52.0,0.21315390837786363,2021-05-15,0
C02226,63.0,Male,North,High School,Business,99437.39761172069,25332.657549792486,Auto,647.8253236593994,Good,44.0,0.7130333358182729,2021-04-26,0
C02227,64.0,Female,East,Bachelor,Salaried,50036.346202708744,1000.0,Personal,593.2585059464609,Good,29.0,0.7581133856511328,2016-08-30,0
C02228,48.0,Female,West,Master,Salaried,58251.49430947423,8946.8888548863,Business,644.1594460490231,Poor,,0.7283192240222067,2017-10-24,0
C02229,55.0,Female,East,Bachelor,Unemployed,85105.27579174112,25258.695135564638,Business,626.0317543552862,Good,46.0,0.4433930735750655,2021-03-15,0
C02230,49.0,Male,North,High School,Salaried,60475.911902227395,16878.60281893242,Home,548.2154435246828,nan,50.0,0.9421681315595738,2022-12-16,0
C02231,28.0,Female,North,Bachelor,Salaried,82858.24756214097,16888.765560200965,Home,607.1335879855544,Good,47.0,0.38897357994852977,2019-07-17,0
C02232,62.0,Male,West,Bachelor,Self-Employed,87554.99264510184,31084.416200825366,Home,545.5390410252166,Good,40.0,0.3084876269734743,2020-03-10,0
C02233,42.0,Female,nan,Bachelor,Unemployed,90479.62134654116,19461.89130994671,Home,557.2403832127982,Good,39.0,0.9470296083993228,2022-12-05,0
C02234,50.0,Male,West,Master,Salaried,67194.41878802997,15265.457434391716,Education,564.4291634100148,Good,56.0,0.9306852844881133,2015-10-13,0
C02235,55.0,Female,South,Master,Business,35913.02677932252,16914.264432802425,Home,721.5088473669397,Good,47.0,0.6030605783120273,2018-03-30,0
C02236,58.0,Male,West,High School,Self-Employed,60802.0985083058,17243.544130739552,Business,761.6873797519626,Good,40.0,0.27768330154352905,2018-05-16,1
C02237,25.0,Male,South,Master,Salaried,52317.895883341545,11654.598712960704,Business,534.794024222133,Good,51.0,0.3027240215817497,2018-12-11,0
C02238,28.0,Male,East,Bachelor,Business,84428.47369967346,17774.693471182138,Auto,768.5137749705867,Good,47.0,0.5427526283288601,2020-07-07,0
C02239,39.0,Female,South,Master,Student,103136.76054233112,8600.977862913138,Personal,565.505437027959,Good,36.0,0.7596877236261308,2020-09-26,0
C02240,68.0,Male,South,High School,Salaried,103840.84321580161,16666.76902707747,Education,706.0160070479269,Poor,40.0,0.16583602274258108,2019-04-12,0
C02241,41.0,Male,West,Bachelor,Salaried,87138.13010752432,14839.106992716355,Education,669.3918928074729,Good,45.0,0.684519840456754,2021-11-22,0
C02242,58.0,Female,East,High School,Unemployed,41630.45733281999,22313.53636549854,Auto,697.688865853464,Fair,49.0,0.18764422192583774,2018-03-24,0
C02243,34.0,Male,South,Bachelor,Self-Employed,100078.8712258617,35145.24244784984,Auto,562.5692710391778,Good,44.0,0.8174941327483566,2019-12-22,1
C02244,29.0,Female,South,High School,Salaried,75663.07245806078,22595.671505849612,Home,514.0732037995921,Good,34.0,0.552300488909367,2020-10-14,1
C02245,74.0,Female,North,High School,Self-Employed,44380.549340650134,21031.481782214265,Auto,589.7818692400572,Good,41.0,0.94123997689894,2015-08-18,0
C02246,63.0,Female,East,High School,Business,86548.18883991841,22338.35802855694,Education,682.0151487470492,Fair,43.0,0.7400348973939447,2022-09-04,0
C02247,49.0,Male,North,High School,Business,59473.782933295566,11371.847541273852,Personal,796.7678131614396,Poor,45.0,0.5226443587738796,2015-01-12,1
C02248,32.0,Female,North,High School,Unemployed,16261.641221566126,27019.563337598105,Personal,572.770730173544,Good,39.0,0.2200005770251035,2022-04-14,0
C02249,33.0,Male,East,Bachelor,Salaried,40492.81123155328,24064.01642036618,Education,642.5871885013768,Good,52.0,0.5610363048255518,2016-11-16,0
C02250,71.0,Male,East,High School,Salaried,63366.91194301471,19550.124164758116,Home,593.8190601117786,Good,44.0,0.1972780256953992,2018-06-06,1
C02251,39.0,Male,West,Bachelor,Self-Employed,62381.01127610125,23549.782036937504,Personal,648.7080362917742,Fair,41.0,0.8693880398997761,2015-08-30,0
C02252,45.0,Female,East,High School,Salaried,38376.160811699694,23276.460389529824,Personal,505.1910979227754,Good,42.0,0.29555758689704337,2015-08-01,0
C02253,37.0,Male,West,PhD,Self-Employed,83776.81798853641,23294.617478229848,Home,762.3532501542426,Fair,47.0,0.8355616781564981,2022-12-31,1
C02254,50.0,Female,West,PhD,Salaried,77994.1640497307,29942.661357839934,Personal,651.8027058714729,Fair,50.0,0.35831717316721046,2018-05-11,0
C02255,27.0,Female,West,High School,Salaried,29105.934502650605,12418.756642959637,Business,718.7874247989564,Poor,59.0,0.2886137821735746,2015-12-07,1
C02256,57.0,Male,East,Bachelor,Self-Employed,130834.74914320775,33112.12728758083,Education,632.5848482473169,Good,45.0,0.3586007179190862,2019-07-26,1
C02257,49.0,Male,South,High School,Self-Employed,34635.30041528997,3973.4172931623616,Personal,664.2971057095208,Fair,41.0,0.7014210336540232,2018-01-18,1
C02258,67.0,Female,nan,PhD,Business,53556.345075275676,26618.89603517041,Personal,734.665436948506,Good,52.0,0.5464332336450174,2019-10-14,0
C02259,50.0,Female,South,Bachelor,Self-Employed,74385.10244940293,21677.603184711774,Home,659.8787617320669,Good,45.0,0.1913516142756436,2021-10-28,0
C02260,19.0,Female,North,High School,Salaried,53636.20371465798,10370.895985680321,Personal,662.5779743086591,Good,37.0,0.21650016467044436,2021-07-02,0
C02261,50.0,Male,South,Bachelor,Salaried,101356.91078588669,30291.03052433046,Home,590.4544218030876,Fair,36.0,0.42175022174102594,2016-04-19,0
C02262,50.0,Male,North,High School,Business,60617.76772180866,1864.8571483034357,Education,609.9182328740675,Good,57.0,0.38776199056663097,2022-02-19,0
C02263,58.0,Male,nan,Bachelor,Salaried,41957.039098769485,36252.227452879815,Business,574.0388271619298,Fair,52.0,0.8239750996951117,2022-01-20,0
C02264,30.0,Male,East,Bachelor,Self-Employed,80363.00114188113,42568.144025252055,Auto,594.6486808640251,Fair,36.0,0.5864152119163497,2019-12-29,0
C02265,47.0,Male,East,Bachelor,Self-Employed,15000.0,18367.998424130306,Education,743.8421832848126,Fair,54.0,0.25870773817495246,2017-06-24,0
C02266,50.0,Female,East,Bachelor,Salaried,78345.47528157,9722.81643949901,Personal,785.6456982505354,Good,51.0,0.12409154927823272,2018-04-16,0
C02267,30.0,Male,South,High School,Business,97248.12127334083,14222.62865765796,Business,556.4543836527956,Poor,44.0,0.18700863974273912,2017-08-28,1
C02268,69.0,Male,North,High School,Salaried,15000.0,29751.145211207066,Auto,679.6378838777581,Good,41.0,0.695349930898467,2017-02-24,0
C02269,43.0,Female,East,High School,Self-Employed,54899.93348516867,16776.251510416245,Auto,626.1731457349667,Fair,40.0,0.8200326769736052,2016-12-06,0
C02270,39.0,Female,East,Master,Salaried,23845.548907070894,1000.0,Personal,754.7726425036822,Good,51.0,0.7651573024692206,2016-02-23,0
C02271,56.0,Male,South,High School,Salaried,65328.215454442565,23834.273686421468,Auto,660.1145163633439,Fair,48.0,0.7713941542388273,2022-01-06,0
C02272,19.0,Female,West,Bachelor,Self-Employed,121088.00932491296,28938.388109634026,Auto,649.4393221444349,Good,56.0,0.3218168041689077,2016-12-11,0
C02273,55.0,Male,North,Bachelor,Self-Employed,70731.8238531688,25143.11918251578,Education,594.1423015880198,Fair,51.0,0.9407231270710553,2022-03-21,0
C02274,56.0,Male,North,High School,Business,59535.086342061586,26733.22275530789,Education,535.116497068069,Good,42.0,0.17344725628899643,2016-09-05,0
C02275,43.0,Male,North,Bachelor,Business,15000.0,36045.229462218034,Auto,707.0703862062115,Fair,29.0,0.7979310363325851,2021-11-02,0
C02276,63.0,Female,South,Bachelor,Business,37346.93916016242,17885.39449977497,Home,676.4733931063583,Good,50.0,0.1822946828556789,2016-07-31,1
C02277,67.0,Male,West,Bachelor,Salaried,61674.527105641064,37183.2559014657,Personal,678.3083105390322,Fair,38.0,0.32740160899165816,2020-09-29,0
C02278,32.0,Male,West,Bachelor,Self-Employed,67328.95655868144,18456.279597946574,Home,605.0504673006052,Good,52.0,0.5211019239418689,2022-05-07,0
C02279,51.0,Male,South,Bachelor,Self-Employed,73577.88199265234,31266.51563038762,Home,639.0673665867472,Fair,37.0,0.145339655149397,2016-12-12,0
C02280,59.0,Female,East,Bachelor,Salaried,84202.36740457802,18575.896398406356,Auto,709.3303239585188,Good,48.0,0.43504564362674114,2018-01-01,0
C02281,72.0,Male,East,Bachelor,Self-Employed,42358.29160852458,40383.05825759681,Personal,723.6584472298334,Good,53.0,0.39759722486563764,2015-06-16,0
C02282,61.0,Male,North,Bachelor,Unemployed,66002.24655275555,26479.17588333574,Home,561.6146288061102,Fair,44.0,0.6500962694988812,2020-03-01,0
C02283,66.0,Male,North,High School,Salaried,52592.31306969189,19038.27842025701,Education,602.4988947123952,Fair,59.0,0.7103114156866613,2020-07-05,0
C02284,57.0,Male,nan,Bachelor,Unemployed,41541.40900168709,8004.172845735182,Education,545.7587433445893,Fair,,0.1769210053661582,2021-01-31,0
C02285,28.0,Female,East,High School,Salaried,43203.51949129816,22062.13226822116,Personal,665.0948309445024,Poor,52.0,0.13235820700910364,2018-08-08,1
C02286,20.0,Female,nan,High School,Salaried,78521.71113029789,11807.227750866854,Home,716.3253734077422,Good,44.0,0.7595076240103183,2020-08-31,0
C02287,23.0,Male,South,Bachelor,Salaried,15000.0,24409.99944705157,Business,629.0963362212935,Good,44.0,0.5487926790343488,2017-09-09,0
C02288,26.0,Male,East,Master,Self-Employed,18623.24793192358,26589.678730153733,Business,600.2857526750214,Good,52.0,0.5544412405031082,2022-12-02,0
C02289,23.0,Male,North,Master,Salaried,144179.75360033332,30403.609061715404,Personal,624.8523609646031,Good,46.0,0.9336091705271281,2019-10-29,0
C02290,26.0,Male,South,High School,Unemployed,48387.34658076173,25377.06650512417,Personal,822.9734986232365,Good,48.0,0.472080301987162,2021-04-11,0
C02291,56.0,Male,East,Bachelor,Business,101721.60851490515,20800.579625110724,Business,739.3946074942661,Fair,38.0,0.2667636432511835,2019-03-03,0
C02292,48.0,Female,South,Bachelor,Self-Employed,63383.523898520434,33245.69818193039,Home,704.8247879547246,Good,44.0,0.6785449684947924,2020-12-24,0
C02293,49.0,Female,North,High School,Self-Employed,50960.67109892616,34404.67739401277,Home,674.0050921687005,Good,50.0,0.7933263522011615,2021-06-09,1
C02294,58.0,Female,South,Master,Unemployed,81429.95707099306,9472.928272971605,Auto,649.0443901535714,Good,40.0,0.5270066614465693,2020-11-07,1
C02295,67.0,Female,North,Master,Business,67014.82214951579,37620.7780763397,Personal,582.0025876928465,Good,45.0,0.6880424014726305,2016-01-17,0
C02296,29.0,Female,East,PhD,Self-Employed,60523.15019181864,32290.46158974032,Home,570.3732181768976,Good,48.0,0.5368416943821449,2020-05-21,0
C02297,25.0,Female,South,High School,Business,63900.15814243669,11468.859965228212,Business,607.4066992615092,Good,47.0,0.44624941966135734,2015-06-16,1
C02298,25.0,Male,North,High School,Self-Employed,74850.83762418678,1208.6582566818943,Business,578.4665090148475,nan,54.0,0.1291362353464402,2018-12-01,0
C02299,67.0,Female,North,Master,Self-Employed,47794.8135042185,32044.7240990516,Education,604.4140278485116,Good,47.0,0.24768119470175567,2020-03-13,0
C02300,45.0,Male,North,Bachelor,Salaried,52953.487125321364,22062.45637627437,Home,642.3578280410317,Poor,41.0,0.5078023657142684,2017-05-11,0
C02301,37.0,Male,East,Master,Self-Employed,40561.60766256298,15446.55964755147,Auto,648.1023808577781,Good,45.0,0.4370492876948737,2015-04-05,0
C02302,64.0,Female,North,High School,Salaried,34813.607964079885,23139.26446629339,Auto,603.4714043461644,Good,34.0,0.8164512029394569,2019-10-13,0
C02303,24.0,Male,West,Bachelor,Salaried,111252.0836219309,31862.782712318927,Personal,687.1407165980154,Good,56.0,0.19217903701063763,2019-07-05,0
C02304,28.0,Male,North,Bachelor,Self-Employed,42343.69146291735,1000.0,Education,635.8245220888713,Fair,47.0,0.14260840440388656,2016-04-02,0
C02305,37.0,Female,North,High School,Student,89964.87773600852,21261.83157253597,Business,666.1023973383635,nan,45.0,0.17406667760159247,2016-06-13,0
C02306,33.0,Male,West,Bachelor,Student,56104.2730276738,20574.03977019311,Business,594.1557211299819,Good,40.0,0.6763787692075426,2022-04-22,0
C02307,21.0,Male,East,Bachelor,Self-Employed,78511.90490047839,34964.56059372569,Personal,701.9654415882505,Good,39.0,0.6053024560218575,2017-06-14,0
C02308,23.0,Female,North,High School,Self-Employed,64952.07614675077,28285.327771235156,Auto,609.8865424811312,Good,48.0,0.6373872788673798,2019-07-20,0
C02309,39.0,Female,West,High School,Salaried,20218.017326838642,28192.281477032568,Auto,770.6415677553993,Good,48.0,0.23338324024903578,2015-11-16,0
C02310,43.0,Female,South,Bachelor,Self-Employed,65723.68802448198,15561.43060503051,Business,633.1256484431625,Fair,49.0,0.538899852795712,2019-06-25,0
C02311,20.0,Male,West,Bachelor,Salaried,80143.12402104306,26695.784305050845,Personal,642.8986953879107,Good,53.0,0.7525195263720904,2016-11-22,0
C02312,58.0,Male,East,Master,Salaried,41125.453338902946,15148.557345718578,Home,694.519136475667,Good,45.0,0.6812949081394009,2021-05-28,0
C02313,59.0,Female,East,Bachelor,Self-Employed,123042.86880781094,18912.596369760635,Education,710.888764509124,Poor,41.0,0.4728846341267181,2022-07-12,1
C02314,31.0,Female,nan,High School,Salaried,85304.76869172159,25738.875295691603,Auto,718.9695260143499,Good,44.0,0.18797543634293537,2021-06-09,0
C02315,28.0,Female,North,nan,Salaried,85524.23609774403,20853.823104349907,Auto,,Fair,44.0,0.8400526818370805,2018-06-22,0
C02316,35.0,Male,East,PhD,Business,88179.29243003143,23162.37251021202,Auto,699.6414142553025,Fair,38.0,0.5472736905673866,2022-03-01,1
C02317,71.0,Male,South,High School,Salaried,15000.0,33130.443869905255,Home,644.9760133366464,Good,50.0,0.8562116458260614,2019-05-12,1
C02318,29.0,Female,North,Master,Salaried,82621.60692036008,16350.33918201851,Home,610.2765563448637,Good,38.0,0.47289509462880985,2015-09-01,0
C02319,40.0,Male,North,High School,Salaried,121901.97544569166,9624.003044421028,Education,639.9628787600242,Good,54.0,0.30146107119696464,2017-05-08,0
C02320,29.0,Female,North,High School,Salaried,83985.34435554539,10932.37937082875,Auto,761.3012367821663,nan,45.0,0.36130105870498663,2021-10-08,0
C02321,30.0,Male,East,High School,Salaried,58430.113076322436,8755.235300465747,Business,545.9775272733224,Fair,52.0,0.4554269282895317,2017-01-02,0
C02322,42.0,Female,East,High School,Business,37117.031731351235,36074.32550945298,Auto,,Good,43.0,0.6220896632115082,2020-11-05,0
C02323,62.0,Female,East,Master,Salaried,34703.64378203747,26542.40754783208,Education,633.5759942349829,Fair,49.0,0.753574340017587,2017-12-21,0
C02324,68.0,Female,North,Master,Business,31701.627064365726,30705.335735578865,Education,587.5763397839945,Fair,56.0,0.30624453707445226,2021-09-26,0
C02325,36.0,Male,South,nan,Salaried,54989.21995874006,28912.830354649166,Business,619.3421011368389,Good,52.0,0.25956363256286696,2022-02-11,0
C02326,72.0,Female,West,Master,Self-Employed,38296.644199895134,18015.970136154607,Home,785.4675903759883,Good,42.0,0.27225996215651627,2016-08-16,0
C02327,63.0,Female,South,Bachelor,Self-Employed,61200.65415364278,36298.87868592979,Business,627.6430220277531,Fair,51.0,0.8943248121597895,2015-01-10,0
C02328,53.0,Male,East,Bachelor,Self-Employed,70098.46723566389,13090.983046455935,Education,680.8736423872209,Good,51.0,0.23935652565017285,2020-07-23,0
C02329,62.0,Female,West,nan,Self-Employed,22003.92990380749,40123.71447206125,Business,525.6352362503198,Poor,45.0,0.39388177145879966,2017-12-15,0
C02330,25.0,Female,West,Master,Unemployed,45872.75529017597,21237.122516160118,Auto,567.3172048011153,Fair,37.0,0.5129874772401084,2019-09-10,1
C02331,46.0,Female,East,Master,Salaried,50523.756837971574,37886.896662497806,Education,719.9512707216501,Good,33.0,0.5727729627779891,2020-06-17,0
C02332,72.0,Female,West,PhD,Self-Employed,49818.4441156641,9508.9606271172,Home,775.1021328908666,Poor,34.0,0.8293723718935048,2015-09-25,0
C02333,70.0,Male,South,High School,Unemployed,65447.876945678196,15685.610210164436,Home,666.6057947966393,Good,43.0,0.1959512669232797,2016-01-21,0
C02334,72.0,Male,West,Master,Salaried,68119.5565848161,3971.0823473604196,Business,627.0487805457751,Poor,47.0,0.19181138418872218,2019-02-06,0
C02335,49.0,Male,North,Master,Salaried,54392.718009188546,30422.478330483995,Business,687.2121223166607,Good,46.0,0.3689482024014905,2022-03-17,0
C02336,68.0,Female,South,nan,Salaried,48188.5117203947,22532.190905531555,Business,455.19241128359374,Fair,28.0,0.45122123889500054,2020-09-13,0
C02337,61.0,Female,North,High School,Self-Employed,64484.66185190249,40166.12423460977,Auto,667.1841007638532,Fair,34.0,0.41770931267091516,2020-05-19,0
C02338,35.0,Female,West,Bachelor,Salaried,101057.41620424934,15160.166081367292,Home,571.5417049919374,Good,47.0,0.4331165350733356,2019-09-27,0
C02339,23.0,Male,South,Bachelor,Salaried,28613.60157871618,33370.831775567945,Education,709.5569736668032,Good,49.0,0.8237367509158879,2022-07-20,0
C02340,35.0,Male,North,High School,Self-Employed,93292.14575626809,20799.151045078805,Education,485.5775818864292,Good,48.0,0.8111680717415719,2022-10-21,0
C02341,36.0,Female,North,Bachelor,Self-Employed,24158.39263199179,19062.108116116513,Home,602.871801806804,Good,49.0,0.7846761097963026,2021-11-15,0
C02342,39.0,Male,West,High School,Salaried,74045.84775444432,17106.16865232926,Business,646.9268121419004,Good,40.0,0.7419885676173249,2015-07-19,0
C02343,54.0,Male,West,Bachelor,Salaried,91240.31987425443,11548.527472564938,Personal,592.8656612783035,nan,54.0,0.13433087516694225,2015-10-17,0
C02344,49.0,Female,East,Bachelor,Self-Employed,31912.391184143722,23742.479186332697,Business,621.8386699858893,Fair,45.0,0.22697954731702535,2020-08-19,0
C02345,73.0,Male,East,Bachelor,Unemployed,73769.00895275347,22113.9173633919,Home,717.8325763007381,Good,44.0,0.722363746923118,2018-09-23,0
C02346,58.0,Male,South,Bachelor,Self-Employed,38843.76175297456,4273.17230727149,Auto,648.1627989112056,Fair,33.0,0.6056173348296299,2023-01-12,0
C02347,20.0,Male,South,Bachelor,Business,94257.8931400379,1000.0,Business,580.2064396276569,Good,37.0,0.6728528912092449,2015-06-28,0
C02348,45.0,Male,West,High School,Salaried,24997.963224633873,16870.034178530455,Education,720.5300049505844,Poor,,0.7093916780312787,2018-01-17,0
C02349,27.0,nan,North,High School,Salaried,42688.17287090421,31619.952675814988,Auto,668.8235651803371,Good,45.0,0.874660003259748,2016-09-11,0
C02350,68.0,Male,South,High School,Self-Employed,,22220.71116667942,Home,671.9365609688748,Good,50.0,0.6398715035013288,2016-05-28,0
C02351,52.0,Male,South,High School,Business,82786.8446845745,6972.836932406943,Personal,583.0616731078921,Good,45.0,0.3342323143742263,2017-02-08,0
C02352,46.0,Male,South,Bachelor,Self-Employed,67317.92256097173,2261.5406626042422,Business,458.92949955034607,nan,49.0,0.17056354646827804,2015-05-13,1
C02353,71.0,Female,South,Master,Business,77378.51621169125,31547.963279335345,Auto,582.040157498272,Good,48.0,0.46727201972461196,2019-03-08,0
C02354,32.0,Male,East,High School,Student,51269.58398055109,3469.5778499607477,Auto,574.4098566473388,Good,44.0,0.7033721306283237,2023-02-24,0
C02355,50.0,Female,North,High School,Salaried,37722.335847578666,27593.40292802116,Education,604.0027282114459,Good,36.0,0.3396161906257802,2021-06-30,0
C02356,24.0,Male,East,Master,Salaried,101615.31709116051,25690.419584181276,Business,586.8608250505771,Good,,0.2020674183660131,2019-08-19,0
C02357,29.0,Male,North,Bachelor,Salaried,77469.12133724695,36346.61024246238,Personal,658.4523881785225,Good,55.0,0.9489310488977816,2019-08-05,0
C02358,66.0,Male,North,nan,Salaried,52806.62511067755,13708.507449720382,Auto,716.0658103284277,Fair,42.0,0.4560432104718909,2018-02-04,0
C02359,47.0,Female,North,Master,Salaried,23656.19162292962,29393.053306312893,Education,730.712107051466,Good,39.0,0.28386757275420704,2016-07-15,0
C02360,38.0,Female,West,Bachelor,Unemployed,95579.32794296865,33998.71878719101,Business,712.7908893772722,Good,47.0,0.23987254797165058,2019-10-04,0
C02361,48.0,Male,South,High School,Salaried,96608.85913757831,6628.7382089875755,Business,582.6781268141222,Good,53.0,0.8333650229145849,2015-06-18,0
C02362,41.0,Female,East,Bachelor,Salaried,59563.388674090864,21330.619653804944,Personal,654.4175594989879,Good,49.0,0.7966632965225416,2022-10-29,0
C02363,37.0,Female,East,High School,Salaried,48484.68021581402,19596.1336021964,Education,767.387438612754,Good,36.0,0.6213225007033388,2020-05-28,1
C02364,54.0,Male,East,High School,Unemployed,58517.5907818501,9362.20808549562,Personal,,Good,42.0,0.5651076844172085,2017-03-27,0
C02365,21.0,Female,South,High School,Self-Employed,59730.31188553573,22643.0980213019,Auto,751.1172533318849,Good,46.0,0.9087231540700902,2021-12-31,0
C02366,45.0,Male,South,Master,Unemployed,84238.42286236747,8310.086418312976,Home,575.2922497707741,Good,38.0,0.2940274798540751,2021-01-02,0
C02367,61.0,Female,South,Bachelor,Student,36553.50912248438,23821.626813608073,Home,672.0323965688062,Good,44.0,0.45308455657040436,2022-12-06,0
C02368,37.0,Female,East,High School,Self-Employed,50409.88592241205,41737.59407717909,Personal,680.9588837726772,Good,44.0,0.12096525154819479,2017-09-19,0
C02369,41.0,Female,South,Bachelor,Salaried,60408.28989611955,17957.66513935139,Personal,664.2434777427103,Good,43.0,0.45580130209134984,2021-09-22,0
C02370,67.0,Female,West,Bachelor,Salaried,71459.76527501168,19051.0869530891,Home,817.1354670651934,Fair,49.0,0.42658404219608836,2023-03-18,0
C02371,66.0,Male,West,Bachelor,Salaried,86659.4780868839,34165.082975506986,Auto,627.4376074646531,Fair,47.0,0.9070692534815918,2022-11-02,0
C02372,68.0,Female,North,High School,Business,72774.51419983503,32594.87925425993,Personal,527.0384093807269,Good,38.0,0.40449757020634824,2022-04-06,0
C02373,49.0,Male,North,Bachelor,Salaried,108802.61115463445,13823.546411221341,Auto,676.7335300645134,Good,39.0,0.8095708704450154,2020-10-15,0
C02374,58.0,Male,East,nan,Salaried,40211.33535476828,26882.155675004506,Auto,637.2470011456655,Good,,0.751604610587507,2016-12-11,0
C02375,53.0,Female,South,High School,Self-Employed,101540.89220535193,1000.0,Education,691.6100906164379,nan,41.0,0.2251812424855385,2017-08-17,0
C02376,70.0,Female,North,High School,Self-Employed,41153.12819419379,9958.816794875649,Auto,716.1571431405299,Good,,0.9183096394695016,2019-05-15,1
C02377,51.0,Female,West,High School,Self-Employed,55117.41461101702,30698.813046722214,Business,647.4732746221653,Good,42.0,0.6363208876466638,2020-03-03,1
C02378,53.0,Male,North,High School,Salaried,74680.57669795527,14897.750841005129,Home,682.7232822981723,Good,48.0,0.607067948203303,2017-07-27,1
C02379,19.0,Female,West,Bachelor,Business,94446.75207105173,17996.681233969863,Home,660.8178449177773,Good,47.0,0.10994962747870982,2021-10-04,0
C02380,32.0,Female,East,Master,Self-Employed,55158.63803970845,10756.795629892911,Personal,784.3915583056034,Good,43.0,0.6943291745969981,2018-03-29,0
C02381,51.0,Male,West,PhD,Salaried,74812.87295200065,9152.737627084502,Personal,622.2078685349251,Fair,46.0,0.14728453476712328,2015-12-07,0
C02382,53.0,Male,North,High School,Business,57109.4054248335,1000.0,Education,598.4697351492603,Good,40.0,0.257573690072632,2021-02-05,0
C02383,23.0,Male,North,Bachelor,Student,15000.0,16368.49526064432,Education,716.0548177333421,Good,46.0,0.1838278351991583,2018-07-01,1
C02384,56.0,Male,East,Bachelor,Salaried,64039.10456633188,24656.10344028402,Business,580.3115138492963,nan,48.0,0.42147503459114855,2017-10-16,0
C02385,59.0,nan,North,Bachelor,Salaried,33961.765640779544,22468.503026551334,Personal,679.411835418691,Good,44.0,0.7763547768129379,2017-04-19,0
C02386,68.0,Female,South,Bachelor,Self-Employed,96787.2266221032,11679.839253596208,Home,637.2808134748134,Good,45.0,0.7012743141225132,2021-08-30,0
C02387,68.0,Female,South,High School,Salaried,96960.15734810042,5710.082624872313,Business,642.400948659355,Good,54.0,0.19069087181162836,2021-04-09,0
C02388,71.0,Female,North,Bachelor,Unemployed,44100.05778896093,16261.233339567425,Personal,832.7978468007627,Good,47.0,0.7786920138662987,2019-04-01,0
C02389,29.0,Male,North,Bachelor,Salaried,40257.6190120587,6710.316435497978,Business,742.5565058691676,Fair,43.0,0.49172006943061075,2020-05-09,0
C02390,20.0,Female,West,Master,Business,49275.48976987963,12324.293521138588,Auto,726.6184649989574,Good,37.0,0.1277361612048409,2015-05-18,0
C02391,62.0,Male,North,Master,Self-Employed,78309.86805900613,21291.05740422287,Auto,689.792798035773,Fair,43.0,0.2902524912237534,2022-03-25,0
C02392,35.0,Female,North,High School,Self-Employed,78409.03006588387,11284.936409199592,Business,598.1364408919868,Fair,41.0,0.7674076987726307,2015-05-06,0
C02393,57.0,Male,East,High School,Salaried,150201.26764614985,32863.14869098167,Personal,669.611126505329,Good,35.0,0.7233047780846538,2015-09-15,0
C02394,38.0,Female,nan,PhD,Salaried,57283.01070248702,9541.836814165312,Auto,693.7493225621503,Good,52.0,0.2600984546740088,2018-02-25,0
C02395,32.0,Male,South,Bachelor,Salaried,67284.2416099179,13952.192139682284,Auto,664.9239072604527,Good,49.0,0.13229920514606575,2016-07-07,1
C02396,50.0,Male,North,Master,Salaried,113293.32511674403,28497.309956221186,Business,657.1062745507971,Poor,46.0,0.350921652388008,2018-05-31,0
C02397,52.0,Female,East,High School,Salaried,72158.52969283298,26904.24415642325,Auto,620.1913025907946,Good,40.0,0.7756878626167423,2016-08-29,0
C02398,43.0,Male,West,Bachelor,Business,37798.10818214083,25166.200467943912,Home,670.5093987260962,Good,59.0,0.8976319097202149,2022-06-05,0
C02399,25.0,Female,West,Bachelor,Salaried,73549.14949808197,13619.518306568192,Auto,610.5821486409855,Poor,50.0,0.5869527896892724,2019-07-23,1
C02400,53.0,Male,East,Master,Business,82620.38282229583,25841.28321459197,Business,702.7567384675446,Good,47.0,0.1774382767240637,2019-10-12,0
C02401,65.0,Female,South,High School,Salaried,56457.619695201094,27920.64549926108,Auto,498.81715991317725,Good,42.0,0.526773231903943,2021-01-26,0
C02402,47.0,Male,East,High School,Business,84881.99143289271,24416.910823860297,Auto,751.9057674837456,Good,53.0,0.9489726663608655,2022-06-17,0
C02403,40.0,Male,North,Bachelor,Student,82657.25140250551,19676.36890091631,Education,551.6250573599083,Good,37.0,0.8978686606175148,2021-08-05,0
C02404,59.0,Male,East,Master,Salaried,53538.8732794645,25770.939079373296,Business,569.9558731947832,Good,36.0,0.9442293533163221,2017-09-28,1
C02405,61.0,Male,East,PhD,Unemployed,103792.57482494425,19242.251059080394,Business,680.6640639216259,Fair,43.0,0.694502504110481,2016-07-02,0
C02406,31.0,Male,nan,nan,Self-Employed,45410.51736595955,24039.281692028977,Education,690.4956372765997,Good,50.0,0.462175279902724,2016-12-11,0
C02407,31.0,Male,South,nan,Business,75932.79445811802,20746.139730316736,Education,805.8708482303276,Good,47.0,0.8591601260802711,2020-12-21,0
C02408,19.0,Male,North,High School,Self-Employed,,4893.11249147158,Home,672.2213396981845,Good,44.0,0.8609033935879905,2019-01-25,0
C02409,72.0,Male,East,High School,Salaried,22677.30718888157,14162.743416660847,Auto,646.9658925505374,Fair,38.0,0.2227101080806772,2016-01-05,1
C02410,54.0,Female,East,High School,Salaried,73959.29945202157,40804.607714384685,Personal,664.3474533907118,Fair,47.0,0.7590779782898829,2017-05-12,0
C02411,22.0,Female,West,Bachelor,Salaried,113233.19965805745,1000.0,Personal,769.2865820965833,Good,44.0,0.8814130915352797,2015-06-23,0
C02412,55.0,Male,North,Master,Self-Employed,63653.97317345129,35522.36693914343,Education,831.8299992998285,Good,32.0,0.8637417253469736,2018-08-12,0
C02413,62.0,Female,South,Master,Student,27664.373502984185,26255.292437004566,Business,636.1399775818261,Fair,50.0,0.7008085748113656,2018-08-26,1
C02414,58.0,Female,East,High School,Business,70551.45146316958,20342.23319690266,Business,690.7079312129084,Good,47.0,0.556754585085322,2017-12-05,0
C02415,71.0,Male,South,Bachelor,Salaried,44532.92812096591,3195.87288368362,Home,644.4208111628355,Good,48.0,0.7602368746729647,2016-02-24,1
C02416,64.0,Female,West,PhD,Business,91344.80393342164,19988.50445660122,Personal,642.9300244059601,Good,50.0,0.5387324651846591,2015-10-24,0
C02417,31.0,Male,South,Bachelor,Business,59284.13958842778,12536.768590295367,Business,790.9287967898575,Good,40.0,0.373048959004025,2019-11-01,0
C02418,73.0,Female,West,High School,Salaried,20685.94144866534,31889.785216677366,Home,,Good,59.0,0.3200977196562208,2022-12-23,0
C02419,56.0,Male,East,Bachelor,Salaried,77713.09962323138,13333.010128565133,Home,474.92890933375037,Fair,38.0,0.5595586409621257,2022-11-22,0
C02420,42.0,Female,West,Bachelor,Salaried,70221.94106125852,17241.723020960708,Education,673.8083269284915,Good,52.0,0.4875616484368783,2020-04-01,1
C02421,37.0,Female,South,Bachelor,Unemployed,57503.0418095844,22461.802338383124,Personal,740.0754896571556,Good,43.0,0.5458209778287578,2017-03-01,0
C02422,19.0,Male,West,Bachelor,Business,39029.93384205351,13554.716893643184,Home,,Good,41.0,0.3215923722566447,2015-11-13,0
C02423,56.0,Male,South,High School,Salaried,109728.4349190295,29585.903186942276,Home,687.6652663406009,Good,52.0,0.601995653255164,2022-08-12,1
C02424,23.0,Female,East,nan,Salaried,53702.28670231995,17041.098784060083,Home,706.429503584517,Good,40.0,0.6627632567927915,2019-03-19,0
C02425,34.0,Male,North,Bachelor,Business,87427.45428490991,1191.6119901956408,Personal,658.3183305057204,Good,27.0,0.7858215596301023,2020-09-08,0
C02426,42.0,Female,South,Bachelor,Unemployed,53418.452670024635,21507.666641911812,Education,,Good,45.0,0.6014893092634932,2015-05-24,0
C02427,74.0,Female,South,nan,Business,82020.60522931884,28073.74143816311,Auto,690.4708923990245,Good,35.0,0.742660182011957,2019-11-09,0
C02428,45.0,Female,South,High School,Self-Employed,66336.30414401591,34380.308869204644,Business,503.10465520703843,Good,47.0,0.2439775270717231,2017-04-09,0
C02429,19.0,Female,nan,High School,Salaried,65700.36979892253,25526.68967022764,Personal,658.5400170297344,nan,41.0,0.20290329054813905,2022-03-04,1
C02430,52.0,Female,North,Master,Self-Employed,44338.15705148751,31531.34878679183,Personal,532.0412875280376,Good,57.0,0.2526949268428055,2022-04-28,0
C02431,54.0,Female,West,High School,Salaried,78203.6102056753,24907.053801601203,Personal,647.1371371169433,Fair,34.0,0.8193253535449952,2022-09-07,0
C02432,22.0,Male,nan,Master,Business,100128.0897018818,10405.832211128021,Auto,612.8539288370424,Good,50.0,0.5727274030466405,2023-02-17,0
C02433,18.0,Male,North,High School,Salaried,39140.51544592671,12187.657045447977,Business,727.5508440775872,Good,41.0,0.4870179468002185,2021-08-06,0
C02434,57.0,Male,East,High School,Business,44192.91433390984,1000.0,Business,668.3309569407498,Good,48.0,0.7478355102131046,2018-07-18,0
C02435,29.0,Female,South,Bachelor,Salaried,138614.49060133658,17831.453084089364,Home,685.4894634566172,Good,52.0,0.2054662281980939,2019-12-09,0
C02436,73.0,Female,North,High School,Business,39959.95398283021,26528.198911803374,Home,635.6411961528312,Good,48.0,0.10527676917039912,2016-06-14,0
C02437,53.0,Male,South,Master,Salaried,51135.574554553445,4221.827209604777,Education,728.9135946954772,Good,47.0,0.3643200883924509,2016-06-09,0
C02438,62.0,Female,West,Bachelor,Salaried,99592.50968073585,32939.73874505961,Personal,530.2005994607949,Good,41.0,0.3115601839425777,2018-03-12,0
C02439,40.0,Male,North,PhD,Self-Employed,100345.64977784472,18972.07500262638,Education,582.8373160908995,Good,51.0,0.36123120530297403,2020-10-11,0
C02440,64.0,Male,East,Master,Salaried,15000.0,11036.19548997762,Personal,746.4730341206603,Fair,46.0,0.9275339450575286,2022-10-29,0
C02441,48.0,Female,East,High School,Unemployed,84135.64784876781,4170.652887941003,Business,617.3263625650861,Good,48.0,0.5825838813766797,2015-07-14,1
C02442,28.0,Male,West,Master,Self-Employed,60124.88087747753,36610.539760345055,Education,489.0625996121836,Good,42.0,0.6007451189638402,2022-06-23,0
C02443,27.0,Female,North,Bachelor,Self-Employed,61266.12697423774,31820.970385500288,Business,758.9480957460414,Fair,46.0,0.6573188946268209,2019-07-23,0
C02444,20.0,Male,East,Bachelor,Business,,15965.922379304902,Home,730.7702053519848,Good,36.0,0.4380666456743435,2018-03-01,1
C02445,71.0,Female,East,Master,Unemployed,56295.6018056905,29290.090285976832,Business,703.3227054958049,Fair,46.0,0.9321295289568331,2017-05-02,1
C02446,31.0,Female,East,Bachelor,Self-Employed,52201.24089667533,17904.432023070425,Auto,657.0804505213777,Poor,52.0,0.9272722081439662,2020-02-19,0
C02447,33.0,Male,West,Bachelor,Unemployed,56961.68105139328,13955.67438841931,Education,774.5560263619022,Good,40.0,0.7538585158844052,2015-03-15,0
C02448,27.0,Female,West,Bachelor,Salaried,56272.43359400922,13467.547763033486,Personal,744.3963821796876,Good,,0.27993834276952734,2015-07-29,1
C02449,46.0,Female,North,High School,Salaried,73683.92533142198,17678.58146771884,Business,766.0892051594008,nan,48.0,0.8481673048447902,2015-08-13,0
C02450,27.0,Male,South,High School,Self-Employed,98083.24815860031,16014.447783487352,Education,702.1625360335423,Good,41.0,0.18578190103309875,2016-02-23,0
C02451,29.0,Male,South,Bachelor,Salaried,75688.79502773393,20614.663379218564,Personal,,Good,30.0,0.6354106016918816,2016-02-13,0
C02452,47.0,Female,South,High School,Self-Employed,64678.390450833715,36083.46105728614,Education,620.0626346738901,Good,44.0,0.4886328703267099,2015-05-11,0
C02453,58.0,Male,South,High School,Salaried,78659.7191077315,42783.36899957568,Education,554.8307118150597,Good,35.0,0.1333333221012843,2023-03-14,0
C02454,18.0,Male,South,High School,Salaried,84504.90327998862,7974.3686397237325,Auto,687.6534211599759,nan,39.0,0.8683209586995628,2021-02-03,0
C02455,22.0,Male,South,Bachelor,Business,79450.25887888142,24594.612998204095,Business,693.9018001096704,Good,64.0,0.9169289178434116,2021-05-27,0
C02456,37.0,Male,nan,Bachelor,Self-Employed,48317.37655307738,22096.300839182863,Auto,623.7664001069508,Good,38.0,0.8712853548907898,2023-03-18,0
C02457,25.0,Female,North,Master,Student,75615.11271114991,25304.674904525986,Home,696.0260771087475,Good,43.0,0.26359677860273617,2021-01-02,0
C02458,60.0,Male,West,Bachelor,Business,15000.0,15498.195772683004,Education,625.0866626300642,Good,51.0,0.3830346160822983,2023-03-14,0
C02459,29.0,Male,South,Bachelor,Salaried,103348.03611226709,25441.076535168715,Business,715.0570768510221,Good,35.0,0.9123730023278934,2017-11-19,0
C02460,18.0,Male,East,Bachelor,Salaried,103277.0306654305,6203.177408738258,Home,583.8419530142961,nan,39.0,0.19046035247402357,2020-09-18,0
C02461,74.0,Male,West,Bachelor,Salaried,87235.02574611091,53822.428762351636,Home,570.8666348743474,Poor,39.0,0.5958090319931869,2017-11-19,0
C02462,71.0,Female,South,Bachelor,Business,96148.3614577591,22906.091694614042,Auto,,Good,50.0,0.5126941127713068,2018-04-24,0
C02463,37.0,Male,South,nan,Salaried,63145.94967784786,27300.29531206208,Home,712.1589046626715,Good,34.0,0.22911383584268485,2018-09-29,0
C02464,45.0,nan,South,PhD,Salaried,46237.83562408594,8817.438553503978,Personal,563.0910901505732,Good,31.0,0.8535908688625461,2016-08-24,0
C02465,74.0,Male,South,Master,Unemployed,33652.43102189791,13048.518299729343,Personal,728.7265264256896,Good,45.0,0.2140312652871537,2022-11-20,0
C02466,60.0,Male,West,PhD,Self-Employed,90203.43998523921,5314.177835111121,Personal,526.805889921109,Good,48.0,0.6038009166966275,2018-10-08,1
C02467,54.0,Female,West,Bachelor,Salaried,46234.62689979559,34562.85288912995,Home,631.4940593304282,Fair,29.0,0.37045374999158465,2017-12-31,0
C02468,64.0,Male,North,Bachelor,Salaried,55655.94625080579,8903.01998151017,Education,544.019290467302,Good,43.0,0.4552839691504045,2017-11-01,0
C02469,54.0,Female,North,Master,Unemployed,70603.45253847586,18111.5554499663,Business,454.25754768625757,Fair,41.0,0.27965567209469244,2020-06-17,0
C02470,29.0,nan,South,Bachelor,Unemployed,64063.25276462424,18555.591639216196,Personal,677.483885358144,Good,31.0,0.6309687055889909,2020-10-26,0
C02471,54.0,Male,North,Master,Salaried,71619.31957475978,24732.027780727614,Personal,636.6641668526664,Poor,36.0,0.94037586218681,2018-07-21,0
C02472,66.0,Male,East,Master,Salaried,19797.066989498155,7075.796556377885,Personal,545.2175800377133,Good,65.0,0.8085116330231061,2018-02-01,0
C02473,66.0,Female,North,nan,Business,59162.591219330854,28596.129393798343,Auto,611.2539606511415,Fair,52.0,0.6807249780901092,2021-09-07,0
C02474,73.0,Male,East,Bachelor,Business,85604.08292123709,32449.811128143872,Auto,683.1368920196985,Fair,46.0,0.7429240885433216,2015-10-12,1
C02475,61.0,Male,North,Master,Business,54204.56725841016,13399.505094946282,Personal,622.3887749758123,nan,43.0,0.8133936765163509,2019-09-06,1
C02476,73.0,Male,South,Bachelor,Self-Employed,43445.914602399,19634.08574866216,Personal,635.0989163323701,Fair,47.0,0.501665030802494,2018-02-01,0
C02477,45.0,Male,East,Bachelor,Unemployed,88869.86999537535,26265.452686801465,Auto,620.1157572257712,Fair,51.0,0.5819875749097351,2016-12-28,0
C02478,64.0,Female,South,Bachelor,Salaried,54393.70713469786,22555.72805037201,Business,606.327340142753,Good,42.0,0.8611603420210816,2023-02-27,0
C02479,32.0,Male,nan,Master,Salaried,69612.22209004947,10002.80517790061,Education,605.3497043942692,Good,55.0,0.6915552339853891,2019-04-03,0
C02480,23.0,Male,West,PhD,Business,59738.9028890064,27012.639250384476,Business,,Good,47.0,0.21561972457967227,2022-03-23,0
C02481,61.0,Female,South,High School,Self-Employed,64989.15928953474,35126.942580929404,Education,593.5142842945195,Good,37.0,0.7626053964489844,2020-05-05,0
C02482,37.0,Male,North,Bachelor,Unemployed,103240.25735411477,35095.516743053915,Home,573.7029051731898,Fair,51.0,0.11930036935383712,2020-07-14,0
C02483,67.0,Male,West,Bachelor,Salaried,79298.39424002671,25752.749333622716,Home,621.5215761711628,Good,47.0,0.8203979442982423,2021-08-09,0
C02484,31.0,Female,West,nan,Business,34455.37471338317,27659.729081545614,Business,602.0054110753987,Good,37.0,0.7700544239417201,2019-04-05,0
C02485,19.0,Male,West,Bachelor,Salaried,55697.94480657808,16108.119188839722,Auto,569.622602711323,Good,38.0,0.806134087680002,2022-10-20,1
C02486,26.0,Female,North,High School,Self-Employed,54684.678936579236,10827.620841679107,Personal,707.4510991517715,Good,47.0,0.12005366412547051,2016-08-07,0
C02487,54.0,Female,nan,Bachelor,Salaried,70409.28715447911,19312.92433295438,Home,742.4476978937537,Good,55.0,0.9265815090039885,2018-10-09,0
C02488,37.0,Male,South,Bachelor,Self-Employed,87719.58324450332,42644.36147945888,Auto,649.992291904745,Good,39.0,0.6220122235731872,2015-06-12,0
C02489,43.0,Female,East,High School,Business,65795.9389771385,14690.031504413873,Auto,654.985474094813,Good,51.0,0.7800411342061477,2018-10-31,0
C02490,46.0,Male,West,Bachelor,Salaried,65061.54463657579,24344.131504341494,Education,598.0577025597802,Good,40.0,0.5815752378653847,2022-10-13,0
C02491,18.0,Male,North,PhD,Salaried,15000.0,23777.62580201149,Home,730.0273517593248,Good,44.0,0.38878691874855686,2019-11-05,0
C02492,72.0,Female,West,Master,Self-Employed,,16256.800807457812,Business,780.3635836307255,Poor,44.0,0.3517261122675014,2021-05-10,0
C02493,52.0,Female,South,High School,Business,60803.32345047218,34836.25743665334,Auto,,nan,45.0,0.1594438638884047,2020-04-24,0
C02494,23.0,Male,nan,nan,Salaried,71466.02923005818,35888.1041380745,Business,610.8915103705609,Good,60.0,0.5611377017796821,2022-05-29,0
C02495,54.0,Female,South,Bachelor,Salaried,71406.99068228596,46670.572308304545,Business,675.6106449466134,Good,44.0,0.22205078192820976,2016-10-28,1
C02496,70.0,Female,nan,High School,Salaried,45769.285038197864,12015.94342579043,Home,659.6698283028792,Good,38.0,0.5823897769180623,2017-01-04,1
C02497,22.0,Female,North,High School,Unemployed,58902.3064385275,24070.972295980122,Business,612.4883393407033,Poor,35.0,0.63117878865687,2020-05-01,1
C02498,50.0,Female,East,High School,Salaried,45572.67116327075,20885.588620767798,Business,685.3396874774263,Good,45.0,0.4757685932735457,2021-12-27,0
C02499,66.0,Male,East,Master,Salaried,99583.24371370881,13135.864103557185,Personal,720.3618205542423,Fair,52.0,0.23287611426713853,2018-03-12,0
C02500,68.0,Male,South,High School,Business,15000.0,13338.127157296134,Business,591.0636199006415,Poor,,0.4678012701945512,2021-08-19,1
C02501,31.0,Female,North,High School,Self-Employed,41166.913581586356,21668.255714642957,Personal,840.6525484786703,Poor,38.0,0.8468711781099154,2020-01-02,0
C02502,29.0,Male,East,Master,Salaried,56948.25437865887,15330.730740160783,Home,535.0293382176629,Fair,44.0,0.4893406238038104,2019-04-04,0
C02503,59.0,Female,North,Bachelor,Student,102437.39289783631,10203.441972810857,Business,586.1231955244324,Fair,48.0,0.39132003942216753,2020-03-05,0
C02504,37.0,Male,East,Master,Self-Employed,82695.40801595378,21235.835956091785,Auto,667.5476022726773,Poor,42.0,0.6352993645365428,2017-01-05,0
C02505,70.0,Male,South,Master,Self-Employed,24048.99282642782,8937.248733946013,Business,818.5154838782412,Poor,36.0,0.6260329259385989,2017-12-04,0
C02506,67.0,Male,nan,High School,Salaried,62112.26422187098,15336.444217143315,Personal,607.8056981239531,Good,50.0,0.1770240233934018,2018-01-31,0
C02507,41.0,nan,North,Master,Unemployed,83033.27520654377,23617.611077617177,Auto,570.069026555331,nan,34.0,0.3010169831544447,2017-10-14,0
C02508,60.0,Male,North,High School,Salaried,120672.57848119504,18649.054004166872,Home,691.1931108821559,Fair,41.0,0.5202439927155005,2021-04-18,0
C02509,51.0,Female,North,Bachelor,Salaried,56506.303445479774,17425.794223107256,Education,631.3554194211447,Good,34.0,0.4113814118728182,2020-02-11,0
C02510,42.0,Male,South,Bachelor,Salaried,35389.04830492282,38088.56531722807,Education,699.8941771215824,Good,34.0,0.37196337482628816,2018-03-26,1
C02511,67.0,Male,North,High School,Business,73059.20672573576,34026.22953327437,Personal,644.6914587574685,Fair,50.0,0.47885665041605374,2017-11-05,0
C02512,46.0,Male,South,nan,Self-Employed,63917.85987800976,20824.570298975847,Home,585.7125093402533,Good,41.0,0.34676697771082343,2018-03-19,0
C02513,74.0,Female,West,Bachelor,Self-Employed,76582.71677971535,9856.828190207883,Home,826.1656977810673,Fair,40.0,0.39535094853368724,2021-07-03,0
C02514,56.0,Male,East,High School,Salaried,82261.87337093333,28107.593597556704,Business,428.42070506894606,Good,53.0,0.7575853240500997,2022-05-27,1
C02515,48.0,Male,East,PhD,Self-Employed,72998.2923034458,45261.79449144864,Education,786.5179062762329,Poor,44.0,0.5336963415688234,2022-11-10,0
C02516,73.0,Male,North,Bachelor,Business,78204.91809168282,33649.92368350201,Business,719.9946428175446,Good,43.0,0.8419275102249805,2022-11-02,0
C02517,64.0,Male,East,Bachelor,Salaried,105892.12465904185,6998.791127099701,Home,594.080803135459,Good,53.0,0.9062762185499165,2019-03-12,1
C02518,60.0,Female,North,Bachelor,Business,57723.53924281501,18023.590110614452,Personal,790.4315078625324,Poor,41.0,0.8837657059545021,2015-03-14,1
C02519,67.0,Female,West,Master,Salaried,34389.22744478023,12670.166567406271,Personal,547.1435600566805,Good,43.0,0.315654428749667,2020-08-05,0
C02520,40.0,Male,South,High School,Business,72849.39376210351,10739.27972309522,Auto,725.6083221505644,Fair,43.0,0.5019530403443218,2022-04-24,0
C02521,61.0,Female,South,High School,Salaried,32966.67424535549,31350.443777750294,Personal,493.8016165214667,Good,38.0,0.5547943554778609,2018-01-27,0
C02522,55.0,Female,South,Bachelor,Self-Employed,36960.20618163044,31139.65821630916,Education,564.0591355272219,Poor,38.0,0.8243621414985394,2016-01-30,0
C02523,37.0,Male,West,High School,Student,,37754.419096780155,Auto,563.8728630764092,Good,33.0,0.5751675684379478,2018-05-19,0
C02524,40.0,Female,North,Master,Student,33731.48247812369,26783.490301314177,Education,593.7007504678401,Good,45.0,0.3148081669860661,2017-05-12,0
C02525,62.0,Female,East,Bachelor,Salaried,94214.12605022063,19552.207764451163,Business,650.8685836533994,Poor,42.0,0.5654082467467203,2021-10-20,0
C02526,69.0,Male,North,High School,Salaried,66222.77745043677,21878.917997411223,Business,588.0517726918881,Good,42.0,0.13764182010696377,2022-05-04,0
C02527,33.0,Male,East,High School,Salaried,82669.72092984892,10944.185035532555,Personal,497.2691786226659,Poor,42.0,0.8090167649061129,2017-05-08,0
C02528,67.0,Female,West,Master,Unemployed,77756.60962313312,33700.99486688002,Auto,684.7588076525509,Fair,56.0,0.5810994683005256,2015-07-18,0
C02529,59.0,Female,South,Master,Self-Employed,59751.23670544398,12587.94965361832,Education,653.6713192195609,Good,49.0,0.6539596280881453,2022-08-06,0
C02530,72.0,Male,South,Bachelor,Salaried,89012.59637691977,15913.91786115984,Education,680.6695505673634,Good,39.0,0.2707982604560778,2015-12-22,1
C02531,25.0,Male,West,Bachelor,Salaried,52935.79978222306,16963.06403893682,Home,662.8938431949483,Good,42.0,0.5744143053173099,2020-01-31,0
C02532,67.0,Male,East,High School,Unemployed,60800.931466838476,1000.0,Personal,721.5676461488874,Good,35.0,0.5510413567928553,2016-07-23,0
C02533,38.0,Female,South,Bachelor,Self-Employed,47303.970356118894,28675.62151679973,Business,644.3388235129172,Good,45.0,0.626686305168023,2019-12-24,0
C02534,18.0,Female,East,High School,Salaried,100007.64518435697,10522.63421632183,Home,725.9390476107733,Good,42.0,0.8203070435776791,2020-03-22,1
C02535,72.0,nan,East,Bachelor,Salaried,62321.619793006575,26894.901967413225,Business,591.8227513924079,nan,50.0,0.7498576914888059,2017-10-07,0
C02536,25.0,Male,North,Bachelor,Salaried,79950.69350826571,15514.399782586266,Business,596.099721549586,Good,45.0,0.5648432477063973,2021-11-21,0
C02537,46.0,Female,West,PhD,Self-Employed,50463.45892586099,15425.812154839776,Education,753.2029546548645,Good,53.0,0.8593926242379015,2021-07-03,0
C02538,49.0,Female,South,Bachelor,Unemployed,86175.4894286364,8894.287848261987,Business,751.6751493670466,Good,60.0,0.4046555959783179,2019-01-24,0
C02539,55.0,Male,North,Master,Unemployed,84320.07725245689,33884.38681155091,Auto,693.0306607085624,Good,40.0,0.5186681970626431,2019-04-18,1
C02540,22.0,Male,West,Bachelor,Self-Employed,24363.007909291315,36112.35757925508,Business,583.3169065355145,Fair,38.0,0.6520189031037567,2016-09-17,0
C02541,64.0,Female,South,PhD,Business,65103.12734290451,29998.887126522743,Auto,577.2775673528183,Good,43.0,0.47465168621787157,2018-05-02,0
C02542,39.0,Female,North,Bachelor,Salaried,67922.51333240773,22651.115008012457,Business,749.6047971770953,Poor,46.0,0.40720548165899095,2019-01-24,0
C02543,64.0,Female,East,Bachelor,Salaried,57506.965134724705,21357.184046929535,Home,745.4498695683619,Fair,49.0,0.19553511394164222,2018-07-29,0
C02544,51.0,Female,West,Master,Student,99617.75835701074,30865.92709372847,Education,645.2315481747406,Good,45.0,0.6405145560945212,2016-07-20,0
C02545,18.0,Male,West,High School,Salaried,34568.82193935721,18743.093797373815,Home,825.641369522739,Fair,40.0,0.26371541051284797,2021-08-11,0
C02546,72.0,Female,nan,High School,Salaried,53792.93283969564,33176.548508270345,Education,684.4175053959605,Fair,40.0,0.21751672984235942,2015-06-29,0
C02547,72.0,Female,West,High School,Student,43766.55379837062,10373.70372026687,Home,566.960046947666,Fair,44.0,0.254829958522658,2016-01-28,0
C02548,43.0,Female,North,Master,Salaried,90748.03692530416,29815.823325972546,Personal,629.3276675249082,Good,56.0,0.6852084223696236,2018-06-30,1
C02549,60.0,nan,South,High School,Business,39284.65198086581,32850.92823747467,Business,650.410293350403,Good,46.0,0.21760534840415865,2018-03-04,0
C02550,27.0,Female,West,Master,Unemployed,19185.443357555036,9018.86877789175,Business,656.4798977561835,Good,41.0,0.929800610039469,2018-08-29,0
C02551,47.0,Male,South,Bachelor,Self-Employed,75784.62796001307,11609.709640938749,Personal,743.750241338878,Good,42.0,0.7447601699384009,2015-07-04,0
C02552,67.0,Female,East,High School,Salaried,61520.705099522485,19555.28920209556,Personal,578.2783315501731,Good,50.0,0.4338245016983958,2015-04-29,0
C02553,35.0,Male,East,Bachelor,Salaried,91008.74051683095,24231.223673518205,Auto,550.1365775665837,Fair,38.0,0.6042903392654371,2021-07-04,0
C02554,34.0,Male,South,High School,Salaried,85308.58489301086,13824.050190468344,Home,695.1742762253822,Good,42.0,0.10648264663947739,2022-12-03,0
C02555,43.0,Male,West,Bachelor,Salaried,63937.921028279205,20921.969165877304,Business,611.976161830561,Good,45.0,0.8178521457946298,2017-07-14,1
C02556,25.0,Male,East,Bachelor,Business,28920.543271660717,1000.0,Auto,831.7629592600118,Good,48.0,0.33052983367539,2019-05-06,1
C02557,64.0,Female,South,Bachelor,Salaried,,27649.923456034085,Business,720.7415286106725,Good,43.0,0.16110114912953405,2017-05-29,0
C02558,57.0,Male,nan,High School,Salaried,20670.22719550594,28120.350668947103,Personal,610.595266074482,Good,53.0,0.744401065440977,2015-03-25,0
C02559,66.0,Female,South,Bachelor,Self-Employed,61543.46265123668,35209.99649139376,Auto,740.9640304088155,Fair,41.0,0.38014441324799175,2017-10-03,0
C02560,29.0,Female,North,Master,Self-Employed,48532.43235489016,25737.737724280196,Auto,704.7808096312255,nan,41.0,0.5824099844727146,2016-03-13,1
C02561,44.0,Male,East,Master,Unemployed,60482.01460985324,16299.313477602247,Auto,697.5272860597458,Good,45.0,0.8174268169066196,2016-10-24,0
C02562,25.0,Female,West,Master,Salaried,69339.1043876409,9856.721113577816,Home,640.831705130863,Good,41.0,0.7595416565605282,2019-01-26,0
C02563,42.0,Male,West,High School,Business,112457.51775905749,11868.610182564506,Auto,681.5338138728849,Fair,36.0,0.3863112735118055,2022-07-08,0
C02564,63.0,Male,West,Master,Self-Employed,79521.68398554399,19111.793505741305,Business,492.2781574555502,Good,48.0,0.8383920985501091,2018-08-28,0
C02565,21.0,Female,East,Bachelor,Salaried,66783.42787570965,11531.625212022615,Home,748.7817053166539,Good,,0.43052242731922596,2021-06-29,0
C02566,50.0,Male,South,High School,Salaried,25880.080478133183,12315.782462567564,Business,392.2953207748983,Good,36.0,0.5250202486057906,2017-09-11,0
C02567,18.0,Male,West,Master,Salaried,65655.28865753989,19622.264305654902,Auto,616.8407679480564,Good,46.0,0.6205898696265658,2015-07-09,0
C02568,36.0,Female,West,PhD,Self-Employed,87046.03729486662,3883.953555247668,Auto,530.3217085104475,Fair,56.0,0.1603336977950855,2019-07-09,0
C02569,48.0,Female,North,Bachelor,Salaried,74770.98270473517,10092.366270510438,Business,612.4361644076357,Poor,59.0,0.607589260843913,2017-09-05,0
C02570,33.0,Male,North,High School,Unemployed,38803.47485876533,22184.344950576848,Education,644.4412045690921,Good,42.0,0.5908046547024264,2016-07-25,0
C02571,31.0,Female,nan,High School,Self-Employed,55588.76134398043,22664.998672778074,Auto,,Good,52.0,0.8424703036816386,2016-02-25,0
C02572,70.0,Female,West,Bachelor,Unemployed,66834.32328336671,28648.830321968388,Auto,441.9142068020569,Good,45.0,0.4006142920387904,2022-10-20,1
C02573,65.0,Female,West,Master,Salaried,54797.178857776446,21549.48560826834,Home,665.5299293105794,Good,40.0,0.3058603763066265,2018-08-13,1
C02574,22.0,Male,West,High School,Salaried,49572.3517282207,20309.248206733977,Business,806.4829836520921,Poor,36.0,0.5050373473318901,2019-10-25,0
C02575,58.0,Female,East,Master,Salaried,15000.0,26370.310606037285,Auto,623.6539874862495,Good,37.0,0.6842319021053863,2018-12-22,0
C02576,43.0,Female,East,High School,Salaried,45795.46921659292,21903.017898683633,Business,721.949821716935,Good,52.0,0.5776101017131319,2017-03-13,0
C02577,45.0,Female,East,Master,Unemployed,71278.55883291754,10278.942939500312,Home,762.8288628167664,Good,52.0,0.21747567118555244,2018-03-24,0
C02578,19.0,Female,North,PhD,Salaried,86877.8989136122,12004.448020112533,Business,507.49715565906513,Good,49.0,0.39570788531202883,2022-06-01,0
C02579,67.0,Male,East,Bachelor,Salaried,66903.97525615625,36765.76566951645,Business,615.704363639126,Good,44.0,0.154217898917477,2018-05-08,0
C02580,23.0,Male,East,Bachelor,Salaried,91486.22098565042,52169.835867901886,Home,554.2710791233399,Good,50.0,0.7284273664806625,2021-05-15,0
C02581,26.0,Male,East,Master,Salaried,63035.766312780164,27361.005558409648,Auto,589.5292221516377,Fair,53.0,0.8505060744066851,2022-02-13,0
C02582,50.0,Male,East,Bachelor,Business,43056.81661692745,9915.8610994233,Business,777.6508775859971,Good,48.0,0.13882205414879642,2020-07-12,0
C02583,58.0,Female,South,Bachelor,Self-Employed,53149.768552419206,38989.65334691612,Education,666.7759614818144,Fair,45.0,0.5466133673946688,2015-09-12,1
C02584,42.0,Male,North,Bachelor,Business,77475.3423028281,15697.64664660749,Auto,709.161770078388,Poor,53.0,0.5810830283689039,2021-11-29,0
C02585,65.0,Female,South,High School,Salaried,58297.97227786255,24249.07632534393,Home,646.7075670527161,Poor,42.0,0.47300369885123195,2016-04-08,0
C02586,30.0,Female,North,Master,Unemployed,48937.56612851816,19795.978928739558,Personal,559.2085515698342,Good,39.0,0.5273236754026284,2016-05-19,0
C02587,26.0,Male,North,High School,Business,26061.527379592946,21859.81116494709,Education,700.858677291403,Fair,43.0,0.7038032234712053,2021-02-27,1
C02588,70.0,Male,nan,PhD,Salaried,42670.60547518595,15597.176166197867,Auto,743.9431528582116,Fair,44.0,0.5111667942731278,2021-11-17,0
C02589,30.0,Female,North,High School,Salaried,55073.01399476291,32978.84453957307,Home,673.8030662126492,Good,44.0,0.8817043138588276,2016-06-17,0
C02590,48.0,Female,South,Master,Unemployed,50467.339951157184,18155.503266468993,Education,686.6843271319951,Fair,43.0,0.5597427280288579,2017-11-29,0
C02591,58.0,Male,East,High School,Self-Employed,40635.017361149075,26126.97717024086,Auto,557.3898960224911,Good,49.0,0.16102716063225395,2018-02-27,0
C02592,28.0,Male,East,Bachelor,Business,103934.4249691061,25910.76235420115,Personal,703.014772486192,Fair,45.0,0.9103259615365058,2020-01-08,0
C02593,21.0,Female,North,Bachelor,Salaried,80010.02373227764,18895.704792642355,Auto,,Good,45.0,0.2247890964376796,2021-01-28,0
C02594,51.0,Female,West,Master,Salaried,119803.3927563047,4952.867269736056,Personal,680.343910570359,Fair,57.0,0.7667909150131564,2015-08-19,0
C02595,55.0,Male,West,Bachelor,Business,24869.822053073425,11725.847859141833,Personal,515.2412565592331,Good,35.0,0.5478698335010316,2021-04-03,1
C02596,63.0,Female,North,Master,Self-Employed,72828.59313844221,27119.749404149305,Business,772.6722125581462,Good,36.0,0.7297585861287953,2016-08-17,0
C02597,21.0,Male,South,Bachelor,Self-Employed,54134.77727364183,23074.16529182253,Home,579.1382079767177,Good,,0.5364154015541593,2015-01-10,1
C02598,55.0,Male,West,Bachelor,Self-Employed,65491.32504621352,11849.687358558256,Business,679.0840120167434,Good,45.0,0.15012467028271653,2020-11-01,0
C02599,36.0,Male,West,Master,Salaried,111269.34115030039,20437.031926948057,Personal,721.4732201420688,nan,40.0,0.418687040236115,2019-01-10,0
C02600,23.0,Male,East,High School,Business,21512.678338710386,22096.542658287053,Home,730.9713741538246,Good,44.0,0.6275830847344471,2023-02-15,0
C02601,51.0,Male,North,Bachelor,Unemployed,50682.14591086999,25827.623495047126,Home,514.9957391165116,Good,54.0,0.6345498857527759,2020-04-09,1
C02602,35.0,Female,South,Bachelor,Unemployed,46296.7780348386,38202.66331029392,Home,658.7912942054703,Fair,44.0,0.9270877758562224,2016-01-14,0
C02603,30.0,Male,East,Bachelor,Salaried,50748.90018957476,1000.0,Education,653.8266208161957,Good,41.0,0.6153759936175199,2022-05-08,1
C02604,58.0,Male,North,Bachelor,Salaried,15000.0,32106.968400430538,Auto,,Good,57.0,0.3434732616865726,2019-08-09,0
C02605,40.0,Male,South,Bachelor,Business,97134.25402594314,22171.87307280484,Personal,684.4042656807973,Good,54.0,0.13691166656955195,2019-08-07,0
C02606,36.0,Female,East,High School,Self-Employed,98127.4014026205,9697.320428181389,Home,758.608824578372,Fair,45.0,0.7701529209467851,2021-12-24,0
C02607,62.0,Male,South,Master,Self-Employed,79547.03248940101,21648.859668036064,Education,690.4938199913865,Poor,,0.8558968879948445,2020-03-09,0
C02608,28.0,Male,West,PhD,Unemployed,31540.586629105797,34464.1298775778,Education,644.4375346579087,Fair,48.0,0.6215923343162737,2016-09-07,0
C02609,18.0,Female,West,Bachelor,Self-Employed,71941.03318836058,37456.95524291668,Personal,664.5394566153619,nan,32.0,0.5100203956175225,2020-09-18,0
C02610,41.0,nan,South,Bachelor,Self-Employed,86649.6333240549,9788.402443664654,Business,764.2697687826847,Good,49.0,0.8318385400612985,2019-06-28,0
C02611,71.0,Male,West,High School,Salaried,74709.55442262987,11513.989325694733,Education,552.7301123374064,nan,39.0,0.3043026671809228,2020-02-14,0
C02612,24.0,Female,North,Master,Salaried,63765.98333225388,7070.0348661414955,Personal,717.9465882590399,Good,47.0,0.43892227108080606,2016-12-10,0
C02613,42.0,Female,West,High School,Salaried,100264.5099693306,22330.20161835592,Education,602.928800658441,Good,49.0,0.5315080710870773,2021-04-06,0
C02614,38.0,Female,North,Bachelor,Unemployed,47271.50308414262,22823.537032681088,Personal,586.8140686813473,Good,42.0,0.14196672434875302,2020-06-10,1
C02615,32.0,Male,North,nan,Salaried,60779.195045511995,29874.94431511881,Home,726.756977496213,Good,52.0,0.6852921458802474,2019-02-12,1
C02616,18.0,Female,East,Bachelor,Self-Employed,80640.00823894936,24413.133697044563,Business,583.7684558741755,Fair,50.0,0.2602758862536314,2016-07-15,1
C02617,29.0,Male,South,Master,Business,72946.0239381226,28934.96763223529,Education,678.2806037693994,Good,39.0,0.38318020723913515,2021-01-13,1
C02618,24.0,Female,West,Bachelor,Self-Employed,78999.10600689542,6130.533786645654,Education,613.3293933380177,Fair,32.0,0.45231889181749707,2019-07-29,0
C02619,32.0,Female,South,High School,Self-Employed,78338.41598250109,37527.658861736694,Education,473.2297478077645,Good,39.0,0.6427337801722803,2022-09-21,0
C02620,38.0,Male,South,Master,Salaried,78121.66526321668,32972.32670068962,Auto,685.8286985078262,Good,40.0,0.15566143222135465,2018-04-06,0
C02621,36.0,Female,East,High School,Business,55879.539858024196,14708.02340928552,Auto,659.4740954717593,Good,40.0,0.3897324762405825,2022-01-07,1
C02622,46.0,Male,South,Master,Salaried,47562.36155889286,12127.778703595926,Home,506.7439614188886,Good,48.0,0.3332074760015634,2016-06-02,0
C02623,42.0,Female,South,High School,Salaried,68428.46965943967,27462.27162291231,Education,597.6057843845854,nan,52.0,0.10129150879433527,2017-09-02,0
C02624,50.0,Male,East,Master,Salaried,102779.717677536,4383.781267661216,Business,514.4755912465771,Fair,39.0,0.6879054250356545,2019-07-07,0
C02625,66.0,Male,West,High School,Salaried,64378.48244307096,12647.924441444804,Auto,704.876741547231,Good,51.0,0.3005446955006573,2016-08-09,0
C02626,49.0,Male,West,Bachelor,Salaried,79984.96027315546,9722.397490576002,Personal,754.0994902032572,Good,,0.24147260849811447,2021-02-12,0
C02627,66.0,Female,nan,Bachelor,Self-Employed,67810.93315280449,19031.702530350707,Personal,713.7117953784639,Good,36.0,0.7782704733243094,2019-05-05,0
C02628,52.0,Male,South,Bachelor,Salaried,115843.12970540731,15560.28349470325,Personal,724.1847617600068,Good,46.0,0.13331856098374203,2022-11-24,0
C02629,61.0,Male,East,Bachelor,Self-Employed,61552.09897351239,12145.843720663588,Home,611.162719574989,Fair,54.0,0.865203955550525,2023-01-13,0
C02630,55.0,Male,South,Bachelor,Salaried,80070.92464861271,11163.326244011318,Education,,Good,37.0,0.6838664129582847,2022-04-02,0
C02631,43.0,Female,East,Bachelor,Salaried,47027.77534471301,13609.47947689575,Education,649.319852739338,Good,41.0,0.24598439530804736,2015-01-30,0
C02632,28.0,Female,South,Bachelor,Self-Employed,36989.00074688168,8099.016449129391,Auto,663.8985887066615,Fair,49.0,0.3975875726048146,2021-09-17,0
C02633,52.0,Male,nan,Bachelor,Unemployed,64827.45681002116,25426.73076391099,Personal,721.8073595340892,Good,52.0,0.9074856621848292,2017-09-16,0
C02634,25.0,Male,East,Bachelor,Unemployed,94527.44818012696,31261.580396444813,Home,738.1615565485426,Fair,52.0,0.6260178948903737,2017-12-26,1
C02635,63.0,Male,nan,High School,Student,80839.7235281887,24015.373279092735,Business,620.7682707771113,Fair,36.0,0.6174099913551145,2016-07-26,1
C02636,31.0,Male,West,nan,Self-Employed,15000.0,33828.0648261209,Education,544.4266391483714,Good,35.0,0.6551104282957539,2018-08-16,1
C02637,27.0,Male,West,Bachelor,Self-Employed,83321.48206367096,11594.393309391147,Education,635.9446598980358,Fair,50.0,0.49332709219896453,2019-05-11,0
C02638,19.0,Female,West,High School,Self-Employed,26716.23992967992,12513.39378852084,Home,633.5545036014587,Fair,52.0,0.24220790121046654,2015-03-20,0
C02639,63.0,Male,South,Bachelor,Self-Employed,85999.80415925964,24422.68522359608,Auto,671.3448410010617,Good,55.0,0.22825744488987393,2017-08-13,0
C02640,26.0,Male,South,Master,Salaried,78610.24327144034,25722.3536669228,Home,712.4746938848092,Good,45.0,0.6842140477220332,2017-04-25,0
C02641,20.0,Male,South,High School,Self-Employed,61254.86385395404,20152.919952958073,Auto,506.4063525886957,Good,56.0,0.8513501207209467,2020-01-06,0
C02642,38.0,Female,North,Bachelor,Salaried,83181.31515980171,19751.803777538717,Education,599.6814836606393,Poor,49.0,0.35517925365384373,2022-11-05,0
C02643,43.0,Female,East,Bachelor,Salaried,58396.67506222825,9338.625978691562,Auto,577.708385801192,Good,36.0,0.5278930343946361,2020-08-24,0
C02644,25.0,Female,East,High School,Self-Employed,68734.09240378322,1000.0,Auto,743.8170341518843,Good,43.0,0.9434021670339825,2019-06-17,0
C02645,65.0,Male,East,Master,Salaried,29044.239671571326,25575.874056746812,Auto,634.3721829985709,Good,51.0,0.3185870168943852,2019-09-13,1
C02646,19.0,Male,nan,Bachelor,Salaried,58595.017991720066,29818.23772883392,Auto,611.5337322828659,Good,44.0,0.431681839272008,2019-02-14,0
C02647,23.0,Male,West,High School,Salaried,88096.56427897823,15638.631063381927,Personal,690.3726269334934,Good,44.0,0.4089933566497418,2020-07-11,0
C02648,45.0,Male,North,Master,Student,31721.01703768399,14478.799184114116,Personal,605.5245236812983,Good,39.0,0.12769796073565348,2020-06-15,0
C02649,70.0,Female,South,Bachelor,Salaried,85465.59208726209,13412.223075977618,Personal,,Good,30.0,0.5330894278864828,2022-07-31,0
C02650,46.0,Female,South,Master,Salaried,15000.0,16248.149378546716,Personal,786.055340008402,Fair,44.0,0.2773762035264101,2022-10-24,0
C02651,43.0,Female,South,Bachelor,Unemployed,35260.10405424725,30062.395567583793,Home,783.9717742914983,Poor,45.0,0.20930795749560227,2017-09-29,0
C02652,42.0,Female,West,Master,Self-Employed,57130.328667860136,10652.58794758198,Business,619.4461757702886,Good,57.0,0.7038535994747472,2023-01-19,0
C02653,29.0,Male,East,Master,Salaried,68839.62500086572,26454.695249490043,Auto,636.3228648380317,Poor,37.0,0.7508963772372963,2017-05-09,0
C02654,22.0,Female,East,High School,Salaried,50682.18300421743,15022.732409653716,Home,603.5728624451896,Good,39.0,0.8555578047588743,2018-08-02,0
C02655,51.0,Male,West,Master,Salaried,,1000.0,Personal,505.5601043719872,Fair,46.0,0.8940125339341626,2017-01-16,0
C02656,65.0,Male,West,Bachelor,Salaried,92679.00948589157,16567.135008489164,Auto,727.7142008822539,Good,37.0,0.8387060661128534,2016-10-10,0
C02657,54.0,Female,North,High School,Salaried,94717.25437656371,36394.23941704616,Business,831.6006587503823,Good,45.0,0.20412047008829348,2022-10-02,0
C02658,32.0,Male,East,Bachelor,Salaried,54390.119204762224,13146.248678825079,Auto,616.741292176192,Good,49.0,0.29008450893911175,2015-08-02,0
C02659,61.0,Male,South,High School,Business,55147.19062377164,17627.866226339873,Education,588.7404704533046,Good,40.0,0.2041040005042839,2017-02-26,0
C02660,53.0,Male,South,Master,Self-Employed,57823.64247205206,20080.845978463676,Education,629.5364902744996,Fair,44.0,0.40049585130290477,2020-10-10,0
C02661,32.0,Female,North,Bachelor,Self-Employed,120443.633913712,21973.595851589234,Home,656.3784535871439,Good,55.0,0.20546106877561698,2020-09-30,0
C02662,60.0,Female,South,nan,Salaried,65424.053738874965,35423.45182867849,Business,564.8352417344839,Good,43.0,0.6552857021222326,2015-10-26,1
C02663,65.0,Male,South,High School,Salaried,104275.41641120991,12070.625862450912,Home,615.6141154261901,Poor,50.0,0.709208168515322,2016-08-30,0
C02664,40.0,Female,South,Bachelor,Business,83300.43162242605,20106.279830625353,Auto,726.1172940453514,Fair,47.0,0.2356546389632612,2016-10-11,0
C02665,23.0,Male,East,High School,Salaried,62378.369223474365,27586.471755938273,Business,659.5535475850454,Good,49.0,0.6283396428238411,2015-11-18,0
C02666,63.0,Male,West,Bachelor,Unemployed,48815.30857283541,12858.862333359184,Home,745.2789521096735,Good,48.0,0.11954099561523487,2021-07-02,1
C02667,67.0,Female,North,Master,Self-Employed,84479.74303527264,20730.92034963881,Auto,677.3575889646127,Poor,48.0,0.4692147290415557,2020-06-07,0
C02668,61.0,Female,North,Master,Business,45346.73409543482,29821.17875346927,Personal,568.3312048420311,Good,43.0,0.3425381959702931,2016-09-04,1
C02669,60.0,nan,West,Master,Salaried,55337.173869652164,14802.227317464412,Auto,606.798951746018,Fair,49.0,0.9487206454226158,2015-01-15,0
C02670,62.0,Male,North,Master,Salaried,81471.04960928706,18267.75156736774,Home,668.6309047665861,Fair,49.0,0.8843669261356293,2021-07-06,1
C02671,38.0,Female,West,High School,Business,58985.38453848183,8484.208222025349,Business,565.805804302917,Good,43.0,0.2254306376988266,2022-03-28,0
C02672,40.0,Female,East,Bachelor,Business,55126.181298435724,29469.184737353105,Business,556.0760200317045,Poor,43.0,0.8797651726888991,2018-08-22,0
C02673,60.0,Female,South,Bachelor,Salaried,57301.39859187395,21585.53217282111,Personal,560.5849584975706,Good,38.0,0.4559713617843454,2015-03-01,0
C02674,72.0,Male,North,Bachelor,Student,47832.42487525391,15745.958904507097,Home,688.6853290860362,Fair,54.0,0.590150908444494,2021-05-25,0
C02675,33.0,Female,North,High School,Salaried,76236.616299362,16916.697800493013,Personal,622.5319988433097,Good,43.0,0.5536997621508317,2022-11-07,0
C02676,64.0,Female,North,Bachelor,Salaried,65906.14318308151,19909.781194266252,Education,738.683122331971,Fair,31.0,0.7172330689923959,2019-08-29,0
C02677,70.0,Male,North,Bachelor,Self-Employed,31095.69847012581,23341.86932298905,Auto,582.7684712790023,nan,42.0,0.3847132746428652,2016-04-12,0
C02678,32.0,Male,East,Bachelor,Business,52813.32936352539,13472.748868723824,Education,465.6949799034614,Good,45.0,0.1592301982932578,2021-08-22,0
C02679,42.0,Male,North,Master,Student,55823.96509793862,14259.09340408574,Education,640.1971160897589,Fair,60.0,0.45498289882634224,2015-07-11,0
C02680,53.0,Female,East,Bachelor,Salaried,55648.89689013343,17366.715473973552,Personal,,Good,,0.562829717951563,2021-09-07,0
C02681,28.0,Female,East,High School,Salaried,79977.29417787386,21510.198863243106,Personal,652.5927062711454,Fair,48.0,0.5716768641987021,2021-07-27,0
C02682,68.0,Female,South,High School,Self-Employed,47445.16262773485,36059.34138728761,Auto,547.0930067650348,Fair,45.0,0.7737079859603889,2016-09-03,0
C02683,32.0,Female,North,Master,Salaried,132596.87981473064,11972.62631793146,Personal,528.179255284494,nan,45.0,0.1375919720169958,2015-11-11,0
C02684,21.0,Female,North,nan,Salaried,99638.88955542435,3470.23106048748,Personal,739.8426435442618,Poor,50.0,0.9398802076906925,2022-03-02,1
C02685,38.0,Male,North,Bachelor,Self-Employed,99518.41031597744,33999.2212702094,Personal,589.4422421418567,Good,52.0,0.9419802524580104,2015-08-05,0
C02686,30.0,Male,East,Bachelor,Salaried,39157.52967981751,11220.869163897372,Personal,765.6346495742398,Good,56.0,0.18416429878996066,2015-01-09,0
C02687,39.0,Female,South,PhD,Self-Employed,15000.0,34675.45127679205,Personal,699.0570086638463,Poor,51.0,0.3924148625596343,2017-08-02,0
C02688,36.0,Male,West,Bachelor,Salaried,56523.2651346182,32435.817205347903,Education,592.2823464196487,Fair,42.0,0.601764074339093,2019-01-08,0
C02689,51.0,Male,South,Master,Business,72338.14681529139,25443.006148308523,Education,737.5352633233731,Good,49.0,0.41732695519395757,2020-10-29,0
C02690,31.0,Female,South,Master,Self-Employed,60951.030217249434,32154.926684870858,Auto,580.7077135052548,Good,46.0,0.5144809846347472,2019-10-08,0
C02691,21.0,Male,East,Bachelor,Salaried,51754.42461185485,1684.2640360826626,Business,541.4497165666252,Good,50.0,0.37703910321396517,2021-11-24,0
C02692,65.0,Male,East,Bachelor,Salaried,21475.30260991225,6476.22925250819,Auto,584.9940954991666,Fair,51.0,0.7053133250789989,2022-09-11,0
C02693,70.0,Male,South,High School,Salaried,48196.4681652554,22841.13295350185,Home,707.6552488692664,Fair,52.0,0.4094146578426159,2022-02-23,1
C02694,69.0,Male,North,High School,Salaried,58922.995775568146,16132.248027017149,Auto,735.3475241751003,Good,47.0,0.4654034556520438,2016-03-04,0
C02695,63.0,Female,East,Master,Self-Employed,52615.82055588252,12149.492585087304,Auto,620.2979552849066,Good,48.0,0.5895215755676848,2016-01-05,0
C02696,44.0,Female,South,Master,Student,52473.527987672605,28079.70265915459,Personal,509.87665166456406,Fair,55.0,0.9238210733228718,2015-12-27,0
C02697,46.0,Female,South,Master,Self-Employed,45042.82082035661,22575.050119094867,Personal,533.2425154153958,Poor,46.0,0.6455337981345617,2019-04-03,0
C02698,64.0,Male,East,Bachelor,Self-Employed,106371.46087469577,30493.14514625835,Personal,569.9265821105478,Good,44.0,0.18238297697346303,2021-02-03,1
C02699,45.0,Female,South,High School,Salaried,82711.18262371625,16280.999397296544,Business,552.9502340562407,Poor,48.0,0.3710655276415784,2016-10-15,1
C02700,52.0,Female,East,High School,Salaried,88900.24844074022,19835.724272690244,Personal,669.9072782048424,Good,53.0,0.45675736262493527,2016-10-11,0
C02701,25.0,Female,East,Bachelor,Unemployed,71819.30352511349,35396.34667781238,Home,795.3586883543338,Poor,41.0,0.7291477471602128,2021-09-03,0
C02702,33.0,Male,East,Bachelor,Student,31622.553844556154,7166.080230416654,Education,,Fair,,0.4798442190077271,2017-02-09,0
C02703,59.0,Female,East,Bachelor,Self-Employed,83460.78011720182,19138.223432164606,Home,565.3826866256945,nan,51.0,0.660238586923558,2019-07-07,0
C02704,53.0,Female,East,High School,Salaried,98705.56417642496,11255.944369355233,Business,597.9218175750084,Fair,39.0,0.8135705428845783,2016-01-21,1
C02705,47.0,Female,East,nan,Business,102351.47291618475,36954.875051353214,Personal,612.5531990525894,Good,44.0,0.18868694615937476,2022-12-01,0
C02706,35.0,Female,West,Bachelor,Salaried,80590.96055085023,44057.54273662147,Auto,679.1910625244815,Poor,42.0,0.7508786429521551,2023-03-15,1
C02707,19.0,Male,South,Master,Business,65024.6914789753,22098.69217105292,Education,767.8441051889007,Fair,43.0,0.7337428281597507,2018-01-29,0
C02708,66.0,Female,South,Bachelor,Business,64952.71088510456,24926.479695246926,Business,614.944971541186,Good,43.0,0.7967555224877286,2015-05-21,0
C02709,30.0,Male,West,High School,Salaried,77969.61613946108,18962.870810077595,Home,765.4082968301142,Good,46.0,0.9126564992191251,2016-06-27,0
C02710,21.0,Female,East,Master,Student,23974.795095051944,18576.574358533853,Personal,807.7933218816671,Good,53.0,0.3631582791003216,2017-07-09,0
C02711,43.0,Male,North,Master,Student,80964.48897917719,20835.53585244016,Business,623.7569850283455,Fair,57.0,0.46466741880642126,2021-12-21,0
C02712,42.0,Male,West,Bachelor,Unemployed,52857.86390782246,6510.451956573677,Business,621.826653420402,Fair,45.0,0.323279699214679,2018-12-16,0
C02713,47.0,Male,North,Bachelor,Self-Employed,120236.66974507386,26602.944476793567,Auto,622.9535474456662,Good,36.0,0.37803978297131613,2020-03-07,0
C02714,28.0,Female,East,High School,Salaried,57487.56526611484,10146.326559119292,Auto,654.6867489265915,Good,52.0,0.3803520651570649,2017-07-02,1
C02715,24.0,Male,West,Bachelor,Self-Employed,69863.426452486,16461.498064382235,Auto,623.136567741363,Good,37.0,0.8393087660104928,2015-05-18,0
C02716,48.0,Female,nan,PhD,Salaried,68617.98936696147,20331.810412103965,Home,716.3133096041979,Good,50.0,0.1534635700292749,2019-10-13,0
C02717,61.0,Female,North,High School,Salaried,47696.563809137915,12378.508924932037,Auto,533.8376539705414,Good,,0.27229381499360156,2020-05-05,0
C02718,27.0,Male,East,High School,Salaried,76432.5524903313,25977.672982624947,Business,609.9033428527916,nan,35.0,0.6189744821595577,2016-10-12,0
C02719,56.0,Male,South,PhD,Self-Employed,73552.25615677462,15245.755402119936,Business,674.6881004804177,Poor,30.0,0.7504155647599928,2016-08-20,1
C02720,30.0,Male,South,High School,Salaried,90570.12086470603,30655.637839313105,Business,715.2563380370384,Good,58.0,0.6927704958860502,2021-01-14,0
C02721,48.0,Female,North,Bachelor,Salaried,83011.1860813972,11287.906366893818,Education,814.6463797760556,Good,48.0,0.13958932432959303,2019-03-17,0
C02722,24.0,Female,East,Bachelor,Salaried,69678.68549295084,18331.140931503185,Education,553.3231079276794,Good,,0.4857252240985116,2020-08-15,0
C02723,73.0,Male,South,Bachelor,Business,44530.498348141235,9281.210091706285,Home,601.0968189359558,Good,46.0,0.25680254993395024,2022-03-22,0
C02724,66.0,Male,North,Bachelor,Self-Employed,45257.11044743776,29824.78426772014,Auto,480.01950700794976,nan,42.0,0.9399208756228865,2020-10-06,0
C02725,59.0,Female,East,High School,Salaried,106425.26834813578,16890.847806337446,Business,566.7598244485351,Good,40.0,0.9490581687185973,2017-09-25,0
C02726,59.0,Female,East,High School,Student,67178.66484394841,14428.760023201376,Auto,517.3306027299468,Good,41.0,0.1432637614799597,2018-05-15,0
C02727,73.0,Female,West,Master,Salaried,116913.97955737327,18100.456760431643,Business,610.9026953701754,Fair,40.0,0.6675655091707761,2019-06-19,0
C02728,53.0,Female,West,Master,Self-Employed,44543.533033096915,18904.81564032364,Education,632.8725805518777,Good,49.0,0.7911051994033556,2018-07-03,1
C02729,37.0,Male,South,Bachelor,Business,119845.2740985493,24053.14636204498,Business,685.2090679878171,Good,53.0,0.3760628886167199,2017-06-10,0
C02730,21.0,Male,nan,Bachelor,Business,41412.16578390112,25391.201720708985,Home,627.6050352260058,Good,41.0,0.6895909708085958,2021-01-03,1
C02731,71.0,Male,West,High School,Salaried,,18484.159122357072,Personal,685.2452810309115,Good,40.0,0.25951825459317635,2017-08-14,0
C02732,24.0,Male,South,High School,Unemployed,76053.59198022418,19608.959638077606,Business,658.5555625320458,Good,60.0,0.2087652802818977,2017-04-09,0
C02733,71.0,Male,North,Master,Unemployed,89938.46482415809,1000.0,Home,572.5007595687363,Poor,44.0,0.8865065442671545,2017-09-08,1
C02734,18.0,Male,South,Bachelor,Self-Employed,81951.99848462746,15479.92326941956,Education,523.5294720619341,Fair,45.0,0.646155365809862,2018-05-27,0
C02735,61.0,Male,South,Bachelor,Self-Employed,17172.226525483362,34306.85316519251,Education,693.776149992205,Poor,40.0,0.7944051541891055,2023-02-26,1
C02736,73.0,Female,East,High School,Salaried,50689.90886171677,24486.952002185553,Personal,773.487723876088,Fair,38.0,0.5528061974694476,2019-03-21,0
C02737,62.0,Female,East,High School,Self-Employed,36361.91951240506,9268.645733268735,Auto,840.1538758761512,Fair,53.0,0.23151655333950358,2018-02-25,0
C02738,59.0,Female,East,Bachelor,Salaried,30467.17914013499,16124.822170914484,Auto,720.1591025925966,Good,46.0,0.4201569072242729,2017-03-13,0
C02739,64.0,Female,East,Master,Business,64594.193062979655,14033.000241608555,Business,759.3136408958046,Fair,48.0,0.8494084100071697,2021-07-31,0
C02740,30.0,Male,North,PhD,Salaried,15000.0,30701.088429898737,Education,684.6094778029201,Good,,0.11326559095786505,2019-07-18,0
C02741,72.0,Female,West,Master,Self-Employed,89997.67667912647,29686.16510063169,Home,672.6507039192659,Good,39.0,0.27610098723834847,2016-12-27,0
C02742,39.0,Male,South,PhD,Salaried,83619.73280585102,12189.923939239789,Personal,658.3250767843646,Fair,45.0,0.3152936083630143,2019-12-01,0
C02743,71.0,Female,nan,PhD,Salaried,105485.2445973464,20098.76062640021,Auto,642.0642766984352,Fair,35.0,0.32354640908839394,2019-01-08,0
C02744,38.0,Male,North,Bachelor,Salaried,38333.86637272572,8662.231434741834,Business,695.5307416571851,Good,43.0,0.18379869065053261,2018-07-05,0
C02745,39.0,nan,nan,High School,Salaried,40793.89924246089,13733.846909270575,Business,610.9552188976458,Good,39.0,0.8209867394499375,2015-04-11,0
C02746,45.0,Male,North,Master,Self-Employed,91304.0920320352,14102.445202021847,Education,638.9418161309607,Good,30.0,0.23558683200366234,2015-06-12,0
C02747,26.0,Male,North,High School,Business,93194.83642959474,12977.377421923582,Home,561.6525287776708,Fair,42.0,0.8052232279375259,2022-02-18,0
C02748,43.0,Female,North,High School,Self-Employed,98716.44093982445,23662.045382369724,Home,685.6195001798682,nan,51.0,0.40180251101550923,2017-10-24,0
C02749,26.0,Male,East,High School,Self-Employed,93854.06951053643,33491.44474247618,Auto,578.0676844140124,Fair,43.0,0.4887203779004571,2022-09-11,1
C02750,32.0,Female,West,Bachelor,Self-Employed,70478.63346643369,19397.26728222057,Business,,Fair,48.0,0.4934232136642175,2019-01-07,0
C02751,27.0,Female,South,Bachelor,Salaried,53498.39026336109,9450.543564293828,Education,687.5368320231785,Good,41.0,0.7061764988872524,2019-05-03,0
C02752,41.0,Female,West,High School,Salaried,83374.97496916128,22081.067459051104,Home,693.941857352736,Good,45.0,0.7216048589757538,2018-10-31,0
C02753,74.0,Female,East,Bachelor,Salaried,53953.72276247559,22094.73897843027,Business,707.8631403361576,Fair,43.0,0.6445848238314726,2019-03-20,0
C02754,59.0,Female,East,Master,Business,67632.08868604092,18112.521674866275,Home,634.0031356138958,Good,56.0,0.7577032110184927,2019-09-30,0
C02755,25.0,Male,West,Bachelor,Salaried,55455.49418394584,38591.14804641165,Personal,686.4547834542266,Good,44.0,0.10705770217669179,2018-07-07,0
C02756,41.0,Female,South,Master,Salaried,71665.81531156875,22441.270208860813,Home,613.5031052665847,Fair,49.0,0.5290888665192374,2021-07-17,1
C02757,33.0,Female,South,High School,Self-Employed,96051.67147412086,25738.218468920535,Home,502.18447152423323,Poor,38.0,0.5454215424166738,2022-07-07,0
C02758,66.0,Female,West,High School,Unemployed,56263.76917156731,1000.0,Business,689.7731955306169,Good,49.0,0.3034388647572217,2017-09-07,1
C02759,43.0,Male,West,Bachelor,Self-Employed,52465.407265171045,10371.086403757918,Home,672.3866080148107,nan,49.0,0.5729152718839005,2020-06-18,0
C02760,44.0,Female,nan,Bachelor,Business,62346.59854068964,25139.0906501423,Home,725.9992627174352,Good,43.0,0.497083764256794,2022-05-18,0
C02761,54.0,nan,West,Bachelor,Self-Employed,35525.50140473848,22838.154354316866,Personal,648.1033465346298,Good,54.0,0.5012954623946198,2023-03-11,0
C02762,21.0,Female,North,Master,Self-Employed,81603.01208669746,16215.060743886219,Home,529.7627475711942,Good,44.0,0.20068295137093842,2022-12-17,0
C02763,67.0,Male,West,Master,Business,67912.97258926998,24535.650790171276,Home,643.1276911726833,Poor,45.0,0.4699731575554891,2015-08-26,0
C02764,41.0,Male,South,PhD,Business,64115.2801472363,29273.001922371353,Business,716.4935423554796,Good,41.0,0.7514661192690734,2017-04-24,1
C02765,36.0,Male,nan,Bachelor,Salaried,73216.31531019547,15271.735791567085,Education,685.702610659732,Fair,46.0,0.4484914925370376,2020-07-19,0
C02766,53.0,Female,South,High School,Salaried,28151.201874535516,13769.98684106976,Personal,638.9941570328873,Good,45.0,0.5143736600148038,2019-02-23,0
C02767,56.0,Female,East,Bachelor,Salaried,100016.31122034232,17440.160754243494,Home,525.2330579065112,Good,47.0,0.9223923499493483,2018-03-30,0
C02768,27.0,Male,East,High School,Self-Employed,52008.789871786386,24981.371902796658,Education,573.0487283822058,Good,53.0,0.8410166416119335,2017-04-24,0
C02769,42.0,Male,South,High School,Unemployed,55631.07577583891,14274.047635921139,Business,685.7929146388526,Good,40.0,0.8893951337489528,2018-02-25,0
C02770,35.0,Male,North,High School,Salaried,86625.931799665,28529.183421236263,Personal,525.113213594429,Good,54.0,0.16602506811496737,2016-03-15,0
C02771,36.0,Male,West,Bachelor,Salaried,80280.8354576329,15179.874013693596,Business,626.1316313932374,Good,42.0,0.6257935751345067,2018-07-28,0
C02772,53.0,Female,West,High School,Unemployed,114971.56983377345,14404.365339303149,Education,652.8816634232317,Fair,46.0,0.2899000934105245,2017-10-07,0
C02773,27.0,Female,North,High School,Self-Employed,40870.67237987957,43464.49356864714,Personal,736.2452866880046,Fair,51.0,0.44360710500681,2021-01-19,1
C02774,50.0,Male,West,Bachelor,Self-Employed,41558.781441680556,7654.158806368765,Home,696.0867913347906,Good,38.0,0.6777876463892375,2018-09-14,0
C02775,72.0,Female,East,Bachelor,Unemployed,35103.26563442353,27817.180386174146,Education,722.2108424617973,Good,46.0,0.59207766402847,2019-06-18,1
C02776,67.0,Male,South,Master,Self-Employed,68338.06270638404,1935.6032976447896,Business,672.6389993024457,Good,47.0,0.529872467508573,2021-10-06,1
C02777,22.0,Female,South,Bachelor,Self-Employed,58235.51427601213,26581.776985091146,Personal,586.5941763341381,Good,53.0,0.792281171000602,2020-09-01,0
C02778,64.0,Male,West,High School,Salaried,47617.538567187206,46917.94673814491,Education,603.975464906859,Fair,41.0,0.6802088349813094,2016-01-30,0
C02779,66.0,Male,East,High School,Salaried,63358.17689009124,30570.42261196059,Education,580.0505270569041,Good,47.0,0.7978883404435442,2020-05-20,0
C02780,52.0,Male,East,High School,Salaried,39196.44750107888,33380.689892965485,Business,694.3085631444654,Poor,49.0,0.8921424095973463,2021-04-09,0
C02781,61.0,Female,East,Master,Self-Employed,103648.86080182312,19039.176135413123,Business,597.9558335808082,Poor,46.0,0.7051751816638785,2018-12-13,0
C02782,51.0,Female,North,Master,Student,47519.20060655588,29422.68438674511,Home,620.4499765228637,Good,41.0,0.4360861023110626,2018-08-06,0
C02783,50.0,Female,South,High School,Student,50721.383157313976,22486.57922762082,Home,651.6868428640137,Fair,50.0,0.28086159702683094,2020-12-16,0
C02784,72.0,Male,North,Bachelor,Unemployed,15000.0,40259.63602549069,Education,773.098433493596,Good,48.0,0.3302780227768143,2018-06-26,0
C02785,38.0,Male,North,nan,Salaried,23862.149184636117,8933.646874521526,Business,699.2850430957424,Good,31.0,0.4371355637914033,2018-03-29,0
C02786,34.0,Male,East,Bachelor,Student,50298.96884626874,31874.843124607665,Education,592.0359931549168,nan,33.0,0.7290774382047932,2020-04-07,0
C02787,39.0,Female,West,Master,Self-Employed,57362.61714333393,24277.027352585763,Auto,661.388574292467,Fair,47.0,0.13413147205367904,2021-12-31,0
C02788,65.0,Male,South,High School,Salaried,82984.5259593265,10871.935287623346,Business,773.8483820371879,Good,46.0,0.7921392538160958,2018-09-17,1
C02789,54.0,Female,North,High School,Business,27609.895551482055,17255.402596089487,Auto,696.1384496321706,Fair,51.0,0.7444146918437178,2023-02-13,0
C02790,32.0,Female,East,Master,Salaried,76304.26868228448,3990.495088790867,Auto,530.1310730375704,Fair,48.0,0.5245041551198251,2018-06-18,1
C02791,52.0,Female,West,Bachelor,Salaried,80604.66464510218,1000.0,Business,581.3570428521676,Poor,38.0,0.43971680274963876,2017-07-19,0
C02792,45.0,Male,East,Bachelor,Business,81923.65310964003,8004.458956925695,Home,575.604837312266,Good,51.0,0.1957924943289786,2019-02-01,1
C02793,24.0,Male,West,Bachelor,Self-Employed,90891.49451566732,16119.573821504066,Education,758.0547369019977,Fair,42.0,0.3462463395278933,2016-02-17,0
C02794,49.0,Male,East,Bachelor,Salaried,35951.99761153624,20811.874711655128,Personal,744.2210926897742,Poor,47.0,0.19318386235238294,2015-04-23,1
C02795,28.0,Female,West,Master,Self-Employed,78530.77885027003,6902.167343214638,Personal,603.1222266660789,Good,46.0,0.7960518379774495,2023-02-08,0
C02796,27.0,Female,North,High School,Unemployed,109129.02253098444,16833.970116787572,Business,601.5064835144503,Good,48.0,0.5329371835994092,2021-01-12,0
C02797,26.0,Male,South,Bachelor,Self-Employed,100006.74538782812,22364.129820967803,Home,653.3518836996712,Good,47.0,0.30976876293910116,2016-02-29,0
C02798,31.0,Male,South,Master,Salaried,112298.89279506591,14235.94350997454,Home,655.6001784570095,Good,34.0,0.115375946242821,2020-08-26,0
C02799,30.0,Female,East,Bachelor,Salaried,71025.07910814486,9191.424374439084,Home,577.8255553007752,Good,41.0,0.5453328233718306,2022-01-07,1
C02800,74.0,Female,West,Bachelor,Salaried,50203.68282754614,12686.537767916041,Personal,631.3151993826093,Poor,,0.739274031751411,2016-10-07,0
C02801,42.0,Male,West,Master,Student,15000.0,33365.826377007834,Auto,540.9797547610093,Fair,37.0,0.7515197177823566,2020-05-17,0
C02802,19.0,Female,North,nan,Salaried,33931.55291976271,2732.9369155453824,Personal,745.4240528683276,Good,40.0,0.28226227357022937,2018-03-21,0
C02803,52.0,Male,North,Bachelor,Self-Employed,51864.975631556284,31543.525208548588,Home,517.9752115376241,Fair,38.0,0.945802709949163,2017-12-13,1
C02804,24.0,Male,South,Bachelor,Self-Employed,56372.121476761116,33653.527245967474,Personal,517.1420433580439,Fair,43.0,0.5834629288185262,2022-07-22,0
C02805,38.0,Female,South,Master,Unemployed,45206.17107073576,16437.536216164415,Personal,682.6279590883947,Good,36.0,0.38220598120134597,2017-05-22,0
C02806,35.0,Female,East,Master,Self-Employed,73489.27317006794,24601.438857666984,Education,557.2342821624459,Good,41.0,0.4338865850107587,2021-07-22,0
C02807,20.0,Female,West,Master,Self-Employed,69870.2474494406,12190.848529019377,Business,612.4276281399095,Good,35.0,0.20577132185220454,2022-05-10,0
C02808,59.0,Male,nan,Bachelor,Salaried,66023.82274190546,22677.13709827774,Auto,654.7379645826962,Good,46.0,0.5193524710944455,2018-07-12,0
C02809,71.0,Female,East,Bachelor,Salaried,84632.3401758762,42264.41337337686,Education,700.6475622400128,Good,42.0,0.740301122136197,2017-03-31,0
C02810,56.0,Male,West,Bachelor,Unemployed,53259.11279327502,32711.50616486803,Business,633.4188411538345,Good,52.0,0.4479985828672882,2016-09-27,0
C02811,58.0,Male,East,Master,Unemployed,92399.73640613414,14964.778127000503,Home,783.4378847959846,Fair,43.0,0.836824758889478,2015-01-02,0
C02812,66.0,Female,North,Master,Unemployed,34905.366845109515,6807.779053789842,Education,649.9670758505068,Good,46.0,0.5052395213170808,2016-02-08,0
C02813,28.0,Male,East,High School,Unemployed,57410.50120159013,17063.268572797882,Business,739.3096031194057,Good,53.0,0.8655183507397567,2017-06-06,0
C02814,56.0,Female,East,Bachelor,Business,72963.56909159891,22732.941936800296,Education,670.891683527487,nan,32.0,0.6977232002452727,2017-05-23,0
C02815,41.0,Female,East,Bachelor,Self-Employed,17033.095861931462,27216.11926218173,Personal,809.8407318505499,Fair,54.0,0.14675824635095613,2022-11-17,0
C02816,63.0,Male,North,nan,Business,52403.11399492575,18907.84615186732,Personal,729.3772627943141,Fair,52.0,0.15696484500093716,2018-07-16,0
C02817,36.0,Male,South,Bachelor,Self-Employed,82793.71599938023,37860.36319099272,Education,653.260233160446,Good,52.0,0.7800904406373963,2018-03-17,0
C02818,21.0,Male,South,Bachelor,Salaried,54316.45969540536,20325.970466363324,Education,,Fair,44.0,0.4033001555883656,2018-03-03,0
C02819,43.0,Male,nan,High School,Salaried,19434.682419109937,15246.288489198347,Auto,630.4388108351801,Good,38.0,0.26085831270517146,2022-05-26,0
C02820,55.0,Female,South,Bachelor,Student,42816.437307165485,25245.41674581635,Home,629.6825121233662,Fair,49.0,0.835522408844834,2015-07-19,0
C02821,59.0,Female,West,High School,Salaried,31372.016722248663,27000.549035541546,Personal,552.2441878973311,Good,55.0,0.9358106662933283,2022-03-08,0
C02822,49.0,Male,West,Master,Unemployed,77405.09747576859,12371.619349745053,Education,589.3803798149654,Good,55.0,0.7874359999550731,2022-01-01,1
C02823,56.0,Male,South,Master,Salaried,67932.18103087948,10613.889225274346,Business,804.5728538866791,nan,50.0,0.7163600866864067,2019-06-18,0
C02824,62.0,Female,East,Bachelor,Salaried,25963.493069657277,3580.4465204531552,Home,559.6976471541066,Good,43.0,0.10081477581007714,2020-05-09,0
C02825,63.0,Female,West,Bachelor,Salaried,24050.794366668546,17110.5449838425,Business,600.8380465412271,Good,51.0,0.19007783729777053,2018-04-02,0
C02826,53.0,Male,South,Master,Salaried,46878.583107654136,32167.58238361086,Home,642.9710992280673,Good,50.0,0.6703022230753936,2020-12-18,1
C02827,57.0,Male,West,High School,Salaried,65782.2870902694,26661.16837635053,Business,645.4693028935573,Good,43.0,0.44812982856807737,2015-12-13,0
C02828,54.0,Female,North,High School,Salaried,48203.31845017812,31238.664956919267,Personal,678.779436479822,Good,,0.11655402567168924,2015-08-10,0
C02829,50.0,Male,North,PhD,Business,73755.66357636997,13456.298480256251,Education,614.8159468914453,Fair,39.0,0.7297392165522456,2021-11-16,0
C02830,53.0,Male,West,Master,Salaried,72889.30997151043,18366.149819496753,Education,683.4032275247253,Good,37.0,0.4559503145666729,2020-09-18,0
C02831,20.0,Female,West,Master,Salaried,78307.59442095963,1000.0,Auto,735.6789080860044,Good,45.0,0.6600012742555048,2016-02-26,0
C02832,26.0,Female,nan,High School,Salaried,29666.650839931674,30078.683541915205,Education,744.9974257986125,Fair,44.0,0.498085383392013,2017-09-06,0
C02833,25.0,Female,East,High School,Self-Employed,58104.50420104667,33427.415562735936,Personal,629.936614952237,Fair,54.0,0.12252305723415832,2020-09-23,0
C02834,50.0,Female,West,High School,Self-Employed,91885.81793255942,9334.28444200489,Home,695.8507571677223,nan,45.0,0.6405358828556009,2015-07-09,1
C02835,23.0,Female,West,High School,Self-Employed,48203.38730951001,36257.49424928305,Home,564.0399783394108,Good,57.0,0.7698730862958771,2019-10-15,1
C02836,58.0,Male,West,Master,Salaried,44661.21731726664,17655.107687966905,Education,595.8712966045753,Good,41.0,0.23258027053627106,2018-05-18,0
C02837,56.0,Male,East,High School,Salaried,52791.80807999309,9167.238524108288,Business,561.9699950982093,Good,46.0,0.857419833380351,2022-04-18,0
C02838,21.0,Male,South,Master,Business,52164.72688858899,16840.591491541843,Education,646.5691483430262,Poor,56.0,0.2543274986498063,2023-01-14,1
C02839,30.0,Male,West,High School,Business,68036.82780430651,26284.23150244046,Home,585.5585542730041,Good,38.0,0.45941113965955505,2022-04-08,0
C02840,66.0,Female,South,Bachelor,Salaried,50461.943032032395,19461.431588154832,Auto,535.9479830896404,Poor,54.0,0.5481089698976737,2019-05-21,0
C02841,19.0,Female,East,nan,Self-Employed,15000.0,14219.643250254183,Home,621.0496083064137,nan,53.0,0.3667858942066855,2020-09-02,0
C02842,22.0,Female,South,High School,Salaried,94632.86691496846,25923.247282052154,Business,520.3562168164286,Good,53.0,0.5253886191112211,2018-09-22,0
C02843,61.0,Female,East,Bachelor,Salaried,77660.5236194507,26844.737091697552,Business,749.5394827734607,Good,44.0,0.7106029308934587,2022-12-15,0
C02844,44.0,Male,South,Bachelor,Business,68727.04604462287,18260.791874014838,Auto,608.1857704067545,Good,39.0,0.7072869205332473,2020-07-23,0
C02845,49.0,Male,North,High School,Self-Employed,62645.686511113716,16432.417608157382,Business,723.8987055228597,Good,42.0,0.8839403180360207,2021-12-22,0
C02846,38.0,Female,West,Bachelor,Salaried,56932.35250328909,14543.84908850845,Education,613.0949382473771,Fair,50.0,0.8327772913129957,2021-12-07,0
C02847,25.0,Female,South,Bachelor,Salaried,45000.83383128974,24785.68565826214,Education,560.3796630537049,Good,56.0,0.9373397444568561,2016-10-03,1
C02848,55.0,Female,East,Bachelor,Student,18060.41586755227,3957.6830504806785,Home,738.164297851694,Good,43.0,0.6060727986557263,2016-06-21,0
C02849,25.0,Female,North,Master,Business,105685.97423069904,12373.643936234888,Personal,656.6527687330804,Good,46.0,0.4404374646648911,2017-09-23,1
C02850,67.0,Female,North,Bachelor,Unemployed,65522.34017873914,18379.595409377016,Education,791.5181964434222,Good,46.0,0.3040833972235618,2022-05-13,0
C02851,20.0,Female,North,High School,Self-Employed,24722.30606599929,12117.702629767153,Education,615.0107805325089,Good,49.0,0.3073739648216055,2017-02-17,0
C02852,71.0,Male,East,Bachelor,Self-Employed,39346.16207699248,22539.76158856161,Auto,616.6302275325176,Good,45.0,0.22828539885637852,2016-02-18,0
C02853,61.0,Female,North,High School,Salaried,72612.01272559263,21633.741348114876,Education,725.3593131664331,Good,37.0,0.7176669279429417,2022-11-16,0
C02854,20.0,Female,West,Bachelor,Salaried,72113.2916585322,44806.65557862277,Home,725.8814487874283,Fair,54.0,0.6561059526668367,2015-12-13,0
C02855,39.0,Male,North,Bachelor,Salaried,46312.32343839538,12387.407588675072,Auto,661.5072789885988,Fair,43.0,0.3484500666905697,2020-11-24,1
C02856,23.0,Female,North,High School,Self-Employed,38053.29767659223,19888.56072394249,Education,850.0,nan,34.0,0.8583168612062001,2018-05-07,0
C02857,19.0,Male,North,Master,Salaried,50694.47104314263,10430.634553029255,Home,628.9579405759737,Poor,45.0,0.569443393510862,2017-12-23,1
C02858,40.0,Female,North,PhD,Business,16764.586849750165,39398.02489868099,Auto,554.7902572273237,Good,45.0,0.15866617486704296,2016-08-28,0
C02859,61.0,Male,West,Master,Salaried,53108.49773553801,37012.201455433125,Personal,574.8083719564463,Fair,55.0,0.1522332861928248,2016-01-22,0
C02860,19.0,Female,West,Bachelor,Salaried,53374.402872435494,4320.801854768206,Home,629.394538298058,Good,42.0,0.22170890756891268,2021-08-27,1
C02861,55.0,Male,East,Bachelor,Salaried,103166.1741198246,18355.288207803682,Education,763.9081254118738,Good,40.0,0.27957386285352115,2015-06-07,1
C02862,34.0,Female,North,PhD,Salaried,53732.8762216728,20360.328730952024,Auto,636.024210338999,Good,33.0,0.8543217402140236,2020-11-18,0
C02863,52.0,Male,South,Bachelor,Salaried,71321.20628077313,16598.12796274006,Personal,767.4539073774604,Good,45.0,0.7616811223060895,2016-04-21,0
C02864,51.0,Male,South,Master,Salaried,104957.18901210095,15161.207992926373,Home,682.5818836533593,Fair,59.0,0.2714655181646244,2022-05-05,0
C02865,40.0,Female,nan,High School,Salaried,38317.78966493234,27709.023889625445,Personal,731.2526972270388,Good,48.0,0.311218499413059,2019-08-13,0
C02866,47.0,Female,North,High School,Self-Employed,49382.73419473074,37878.69904551495,Home,679.0376469970104,Good,48.0,0.6412698194754528,2018-06-28,0
C02867,69.0,Male,East,Master,Self-Employed,51514.897139023815,28070.551347990528,Education,678.4436004966453,Good,40.0,0.8407946119800517,2015-08-17,0
C02868,25.0,Male,South,Master,Salaried,23135.499204238622,28641.486658962167,Home,706.4532950829556,Poor,38.0,0.3692197550372266,2016-08-16,0
C02869,39.0,Female,South,Master,Self-Employed,58462.524459064894,16451.66851644417,Education,607.4968638435691,Good,48.0,0.5466720874934496,2019-02-20,0
C02870,61.0,Female,South,PhD,Self-Employed,94084.78906812289,30173.38541971477,Home,608.3214841589385,Good,49.0,0.8568209164529719,2022-02-26,1
C02871,53.0,Female,North,High School,Salaried,86138.8590364055,30140.47790945037,Auto,676.2160239623446,Poor,47.0,0.7550370021255599,2019-02-14,0
C02872,22.0,Male,West,High School,Business,94556.81126648848,15253.615306565938,Home,795.5833606629517,Good,55.0,0.8577830395446407,2019-09-20,0
C02873,30.0,Female,North,PhD,Self-Employed,49154.96509634922,17669.111579820044,Home,534.4435081049764,Poor,32.0,0.3363627730499209,2016-07-03,0
C02874,46.0,Male,East,High School,Salaried,36770.45160298612,4247.77396793343,Business,497.811078541998,Poor,39.0,0.6872940257843644,2021-08-30,0
C02875,48.0,Male,North,Bachelor,Unemployed,121401.27176692439,6474.188044569968,Business,630.2192122828541,Good,44.0,0.1969107047806143,2015-01-20,0
C02876,64.0,Female,nan,Bachelor,Business,70369.31796229622,15662.670326886637,Home,727.3135310370309,Fair,43.0,0.6237766792747197,2021-11-16,0
C02877,74.0,Female,North,High School,Student,24690.632399226226,9302.256031292238,Business,653.8532064260136,nan,37.0,0.35842170603899404,2022-07-27,1
C02878,72.0,Female,West,High School,Self-Employed,129009.88711748947,28044.124855023867,Education,562.3002614888717,Good,38.0,0.6962582672761162,2015-07-25,1
C02879,33.0,Male,West,Bachelor,Salaried,62750.500966533684,18410.296238756975,Business,655.9320122649791,Good,34.0,0.22059338703479242,2019-03-25,0
C02880,59.0,Male,nan,Master,Salaried,15000.0,25325.755005973842,Home,520.0270090337631,Poor,28.0,0.6657432286942643,2016-02-02,0
C02881,47.0,Male,South,Master,Self-Employed,101363.22172443467,7792.200678243289,Personal,697.1687795655631,Good,43.0,0.7022412649747556,2019-12-08,0
C02882,74.0,nan,East,Bachelor,Student,15000.0,32987.62482264652,Personal,626.8168987660181,Good,41.0,0.828582868168445,2016-05-20,0
C02883,72.0,Male,South,Bachelor,Self-Employed,72210.41178446988,24895.673685482936,Home,643.8475625340927,Poor,37.0,0.6840151023772016,2015-09-23,0
C02884,33.0,Male,North,High School,Unemployed,86061.11752077627,24044.643628843245,Home,682.0389102883357,Good,43.0,0.5444346395088197,2020-07-06,0
C02885,29.0,Male,South,High School,Salaried,82034.8445027528,29468.607730140204,Personal,665.4266688032081,Fair,46.0,0.7665357045020188,2018-05-07,0
C02886,34.0,Female,North,Bachelor,Salaried,103902.23717027754,23187.70031148127,Auto,609.4055319701666,Good,57.0,0.3417682003839995,2018-08-29,0
C02887,33.0,Male,nan,High School,Unemployed,90428.16980262763,9865.927407263072,Business,727.5209628234853,Fair,44.0,0.6758465126347372,2017-10-26,0
C02888,29.0,Female,North,High School,Business,111415.90141587591,26268.928194842974,Auto,709.769942347929,Good,43.0,0.7158485674856442,2018-07-16,1
C02889,25.0,Male,East,Bachelor,Student,62675.31792439369,12125.852171011451,Education,516.9286855831801,Good,52.0,0.433660020922619,2022-03-03,0
C02890,37.0,Female,East,Bachelor,Business,54659.612361760795,22108.8989994715,Personal,632.7317996395551,Good,38.0,0.9406215400903101,2022-11-02,0
C02891,20.0,Male,East,High School,Salaried,56333.68565220737,12271.742471278805,Personal,568.9784904727792,Good,49.0,0.40267625740698954,2018-11-04,0
C02892,33.0,Female,East,Bachelor,Self-Employed,99341.18929252324,36622.16427534441,Auto,554.8956425603433,Good,46.0,0.17181749398566887,2018-02-17,1
C02893,47.0,Female,North,Bachelor,Unemployed,49015.5304129416,26696.549532395544,Education,690.1350217633715,Good,50.0,0.3579532225954075,2022-09-20,0
C02894,62.0,Male,East,High School,Self-Employed,86185.10521231347,30074.425212393457,Auto,618.555403950107,nan,52.0,0.1845215673934213,2016-06-21,0
C02895,40.0,Female,South,PhD,Salaried,43502.376670563,12407.637056384392,Education,639.2921263290192,Good,52.0,0.3884085338626253,2022-02-04,0
C02896,45.0,Male,West,High School,Salaried,43954.4549202444,22989.086772907114,Home,599.7736299667205,Good,52.0,0.20869195076329056,2017-08-09,0
C02897,68.0,Female,West,Master,Self-Employed,94607.11492581406,21902.0210032479,Home,,Good,45.0,0.47360463428032773,2016-03-26,0
C02898,57.0,Female,nan,High School,Salaried,75916.64625406246,21103.216471477546,Personal,700.8760163989274,nan,51.0,0.7612791499493679,2018-11-19,0
C02899,71.0,Male,North,Master,Business,15000.0,1000.0,Home,812.7691147232243,Fair,34.0,0.1573265951354271,2023-01-12,0
C02900,22.0,Male,South,High School,Salaried,,39642.82122370966,Auto,636.4269301626387,Fair,43.0,0.578641736648534,2020-06-26,0
C02901,37.0,Male,North,Master,Salaried,15000.0,19615.3560949669,Education,541.3686893918366,Good,48.0,0.13725344631705316,2021-10-25,0
C02902,57.0,Male,North,Bachelor,Business,55611.79350494859,25018.095249542996,Personal,612.2079732176362,Good,53.0,0.8519177938357806,2018-06-12,1
C02903,73.0,Male,North,Master,Self-Employed,58164.35450968391,6852.55642921441,Home,713.5294941036242,Good,34.0,0.8831752491695194,2021-08-13,0
C02904,61.0,Male,East,Bachelor,Business,53148.9714890569,34637.51803042681,Personal,592.0516107402269,Fair,47.0,0.518504167059161,2016-02-09,0
C02905,18.0,Male,North,High School,Salaried,95162.31546178124,33793.94121245136,Personal,538.8404300408764,Good,55.0,0.7538464890433655,2022-07-27,0
C02906,74.0,Female,East,Master,Student,75326.35079465345,28543.77341471164,Education,593.6136735283948,Fair,42.0,0.603974294982968,2018-01-24,0
C02907,47.0,Male,West,High School,Salaried,126646.2794708464,22728.483427128347,Auto,609.9975561688015,Good,56.0,0.38956344629288775,2019-03-03,0
C02908,38.0,Male,East,PhD,Salaried,78352.97029846393,43355.20893756594,Auto,568.7997839026508,Good,43.0,0.3083696780110967,2023-01-25,0
C02909,37.0,Female,South,High School,Unemployed,78813.08082166154,29830.98489810972,Business,666.3107385587329,Good,40.0,0.7448064439780927,2019-04-27,0
C02910,23.0,Male,South,Bachelor,Business,71799.853113534,6338.777899861543,Auto,644.073328909496,Good,36.0,0.4654831850033174,2019-09-08,1
C02911,39.0,Male,South,Master,Salaried,58274.6667787948,22244.86758940263,Home,709.2278930614098,Good,44.0,0.8822026894561091,2018-02-13,0
C02912,35.0,Male,North,Bachelor,Student,48758.77835051002,25837.501436630097,Business,616.5605123805808,Good,39.0,0.929338154506864,2015-12-17,0
C02913,25.0,Female,East,High School,Self-Employed,59125.41294889843,21050.507822657855,Business,691.8548576426376,Good,53.0,0.2788337700291447,2016-11-01,0
C02914,56.0,Female,South,Master,Student,60273.044803378216,25731.049161808107,Business,613.079690448225,Fair,58.0,0.5769038092968143,2019-07-20,1
C02915,49.0,Male,West,Master,Self-Employed,62644.78541276264,34412.333854125434,Business,565.2790728643448,Good,41.0,0.5563941048870358,2016-01-20,0
C02916,50.0,Female,West,PhD,Self-Employed,80899.67853413646,18113.45430491846,Auto,609.273564856555,Good,41.0,0.8378840324324975,2021-07-23,1
C02917,70.0,Female,East,Bachelor,Salaried,72501.83761668237,16200.970876744428,Business,528.6299608212277,Good,47.0,0.6873372158568507,2019-06-11,1
C02918,33.0,Female,South,Bachelor,Salaried,52076.79347844579,9144.86977325267,Home,784.1161729987234,Good,43.0,0.6162708805121739,2019-07-10,0
C02919,29.0,Female,North,Bachelor,Self-Employed,46546.398279023095,1340.6377474401816,Home,660.6874810839502,Good,49.0,0.6771711411240978,2021-12-25,0
C02920,55.0,Female,West,High School,Self-Employed,70606.95702726774,16877.56202203889,Personal,590.3444832252153,Good,43.0,0.43103889166509257,2022-01-04,1
C02921,69.0,Male,South,Master,Salaried,41831.52405499107,13227.133032469075,Home,621.6766878288455,Good,52.0,0.9162477699458785,2017-04-27,0
C02922,51.0,Male,North,Bachelor,Salaried,54327.985808232406,17933.69011197487,Personal,466.21520125699476,Good,40.0,0.1489817936625125,2015-07-22,0
C02923,31.0,Male,North,Bachelor,Salaried,51716.362740376055,14147.748176586392,Home,757.5764918803864,Fair,46.0,0.12475963792282448,2015-02-05,0
C02924,53.0,Female,North,Bachelor,Unemployed,125651.16959954858,9255.678714124986,Business,750.2411033160676,Good,46.0,0.4532512758220495,2016-11-29,0
C02925,50.0,Female,West,Master,Self-Employed,33145.52460542499,14495.127360081642,Education,658.0656428120072,Good,46.0,0.23138955527194885,2016-07-26,0
C02926,40.0,Female,North,PhD,Business,45184.081401317526,25130.1593078462,Business,673.9596722047555,Good,41.0,0.5630802743223331,2021-07-07,0
C02927,67.0,nan,East,Bachelor,Student,51110.58082804487,14647.492713887841,Auto,554.9242417305754,Good,47.0,0.1076584182558838,2019-10-24,1
C02928,62.0,Male,South,Bachelor,Self-Employed,53700.80379516812,18113.314656197006,Personal,560.3772578554613,Good,39.0,0.49073052855112953,2022-08-27,0
C02929,19.0,Female,East,Master,Student,89995.22459072762,40946.51453106152,Education,522.7027888109201,Good,44.0,0.35068587888032154,2015-04-29,0
C02930,58.0,Female,West,Bachelor,Salaried,58640.30232242511,30751.707322839844,Home,637.9198935669807,Good,41.0,0.27200629458914966,2018-08-21,1
C02931,38.0,Female,West,High School,Salaried,31895.073481471205,22278.55960512026,Business,729.5776553649449,Fair,41.0,0.47795210714090197,2020-01-07,0
C02932,19.0,nan,South,High School,Salaried,100772.85202494312,22609.869303203184,Personal,621.2589028473241,Good,57.0,0.8263666175436772,2018-04-26,1
C02933,44.0,Female,North,High School,Self-Employed,71590.97502102822,12896.892518737066,Personal,676.0771872633213,Fair,,0.6570854815995358,2018-05-08,0
C02934,74.0,Male,South,Bachelor,Unemployed,75513.08903209053,15800.856776847599,Home,723.4125421170174,Fair,47.0,0.23595040238055037,2018-05-08,0
C02935,26.0,Female,East,Master,Self-Employed,81270.92092214707,17227.124152463475,Personal,528.1924491516471,Fair,38.0,0.5240420998476125,2020-03-27,0
C02936,18.0,Male,East,Bachelor,Salaried,34198.96833097921,21050.072148921354,Home,788.4174069034457,Poor,42.0,0.8919204509937654,2022-10-07,0
C02937,28.0,Female,East,Bachelor,Business,64827.97667498667,19558.839923282085,Home,736.799029057345,Good,47.0,0.4733410992436887,2015-02-09,0
C02938,20.0,Female,North,PhD,Self-Employed,85531.19485691818,8715.547440951303,Business,688.5419538320319,Good,31.0,0.49996429708501733,2022-12-18,0
C02939,69.0,Male,East,Master,Salaried,48993.25736658789,25960.4215712279,Personal,719.3070897902054,Fair,46.0,0.900154010802992,2022-12-04,0
C02940,40.0,Female,North,Bachelor,Self-Employed,72666.51600297473,14265.068437271406,Auto,722.8307227456303,Good,52.0,0.2154369555363383,2019-06-02,0
C02941,43.0,Male,West,High School,Unemployed,78587.96373410056,39223.458376666444,Auto,671.9479914942359,nan,46.0,0.7247852626092824,2019-06-26,0
C02942,21.0,Male,South,High School,Business,28501.097883807255,32496.303141701446,Business,757.1208464669427,Good,39.0,0.35428719006010323,2019-01-21,0
C02943,35.0,Male,East,High School,Self-Employed,39188.8352555973,3384.473915580438,Business,,Good,45.0,0.8360079099741051,2015-09-02,0
C02944,72.0,Female,North,High School,Salaried,15000.0,17467.9015179344,Home,684.6358403896548,Good,39.0,0.14620811231693975,2015-06-19,0
C02945,23.0,Female,South,High School,Salaried,70668.34504628007,36082.83158597084,Auto,,Good,59.0,0.9418413329331419,2020-03-10,0
C02946,52.0,Female,East,Bachelor,Self-Employed,112124.24281038292,26627.012713306347,Personal,448.1600182955592,Good,52.0,0.7533174969309973,2018-06-27,0
C02947,39.0,Male,North,High School,Business,47695.42248709215,20890.733782797328,Auto,682.8472509480619,Poor,45.0,0.34168303515850684,2023-01-20,0
C02948,60.0,Female,West,High School,Salaried,60182.813644638736,1000.0,Business,704.3453733832516,Good,63.0,0.7467275096306506,2016-04-27,0
C02949,32.0,Female,East,High School,Salaried,90333.08637299294,17824.32750199276,Business,521.8668975586668,Good,45.0,0.884524300116828,2016-02-24,0
C02950,39.0,Male,East,Bachelor,Unemployed,71646.8911382892,22103.622847489143,Home,,Good,43.0,0.1959797824986355,2016-10-12,0
C02951,54.0,Male,South,Bachelor,Business,40657.74551395395,1000.0,Personal,590.4720514730271,Good,49.0,0.8765416120244982,2020-10-25,0
C02952,69.0,Male,South,Bachelor,Self-Employed,103157.68967251238,26133.76806032884,Business,679.7604711193427,Good,40.0,0.4061482596984157,2015-02-04,0
C02953,59.0,Female,East,High School,Salaried,69933.1060558466,12981.554726284448,Personal,642.8750527691936,Good,54.0,0.10549040963351962,2019-03-05,1
C02954,29.0,Female,South,Bachelor,Salaried,59194.609183881475,23012.97078306563,Auto,579.0253873122281,Good,42.0,0.1955578249008424,2020-02-20,1
C02955,64.0,Female,East,High School,Salaried,61263.93555647917,21318.26175481114,Home,733.2247747701089,nan,47.0,0.8520748401503693,2015-10-20,0
C02956,66.0,Male,South,High School,Self-Employed,79771.72226194691,17445.723470181347,Auto,618.6226232007871,Fair,43.0,0.9352664979335168,2015-05-20,0
C02957,59.0,Female,North,Master,Salaried,49665.33739466188,27915.68868277843,Business,670.2472845516187,Fair,47.0,0.8610662114688122,2018-12-28,0
C02958,55.0,Male,North,nan,Business,104290.51976220516,22812.873442405198,Business,748.5535717613074,Good,44.0,0.47530613706428526,2017-04-10,0
C02959,35.0,Male,North,Bachelor,Student,96465.83351257935,47158.97453045435,Personal,581.2479129212614,Good,40.0,0.9171985880247587,2021-08-19,0
C02960,62.0,Female,South,PhD,Salaried,65211.99443591205,37779.13930456119,Business,650.6036935979621,Fair,45.0,0.44582268631013466,2016-05-18,0
C02961,52.0,Male,East,Bachelor,Self-Employed,66540.23465943275,9875.530020135515,Personal,612.8504641217495,Fair,29.0,0.1966416588736894,2021-11-18,0
C02962,47.0,Female,West,High School,Business,43848.9570067649,31868.160234220508,Education,629.5865266596707,Good,,0.38980027192322564,2015-04-13,0
C02963,41.0,Male,North,nan,Unemployed,49066.51496557046,12633.677978002917,Business,811.7063905929842,Good,37.0,0.9486579890508718,2019-03-19,0
C02964,59.0,Female,nan,High School,Unemployed,36615.09147934448,8256.881635046746,Auto,684.258191305271,Good,33.0,0.6320537589598539,2016-12-09,0
C02965,47.0,Male,East,Bachelor,Salaried,59898.13668027855,5238.773950873094,Auto,673.5194507466655,Good,53.0,0.3889989040314781,2020-01-21,0
C02966,31.0,Female,West,High School,Salaried,66558.58799890045,16418.440740275888,Personal,689.3065500448595,Fair,51.0,0.6305522325941886,2020-04-15,0
C02967,23.0,Male,East,Bachelor,Business,25248.056496889796,30058.71968741621,Education,682.269472068685,Good,41.0,0.4647654551174575,2020-06-20,1
C02968,20.0,Male,East,Bachelor,Self-Employed,82222.79554492497,21583.60152234175,Business,513.0639845761112,Good,48.0,0.14211630323549543,2015-10-28,0
C02969,33.0,Female,North,Bachelor,Salaried,43227.931978325134,25084.588361483868,Home,822.2570615391655,Fair,46.0,0.2709584857656825,2019-04-18,0
C02970,24.0,Male,North,High School,Self-Employed,75295.29309319949,1000.0,Home,540.1722856146016,Good,44.0,0.116350037341533,2022-11-25,0
C02971,69.0,Female,North,Bachelor,Business,85181.25505350297,17709.831725617794,Auto,779.9445699519711,Fair,45.0,0.3165733894057323,2016-04-22,0
C02972,31.0,nan,East,Bachelor,Salaried,97676.34769508554,9475.125448830497,Business,696.3511523766689,Poor,43.0,0.7286302777520361,2019-03-22,0
C02973,26.0,Male,South,nan,Unemployed,92426.33556187694,4200.190760056208,Home,663.5584263600854,Good,36.0,0.2643208052360525,2016-04-23,0
C02974,32.0,Male,West,Master,Salaried,106416.0601609157,7961.415786071957,Personal,627.0886267942519,Good,64.0,0.5488479220913617,2020-09-26,0
C02975,38.0,Female,South,Bachelor,Business,85387.23330749192,20709.250307028196,Business,845.3870413319974,Good,29.0,0.6963631609773947,2020-01-23,1
C02976,52.0,Female,West,High School,Self-Employed,69193.10124094896,26577.609085446664,Auto,695.336717013082,Good,30.0,0.5663800547891298,2017-12-28,0
C02977,19.0,Female,North,Master,Salaried,53183.15255150174,10896.023163808037,Education,651.3266048688799,Fair,53.0,0.11306495750161447,2018-04-12,1
C02978,44.0,Female,North,High School,Business,62014.0529340733,25890.86074974598,Personal,609.8552971617245,Fair,42.0,0.40884067525712764,2022-02-13,0
C02979,19.0,Female,South,High School,Business,105736.54621662687,28164.12397657115,Personal,600.8638798439686,Fair,48.0,0.4753859257221791,2015-04-17,0
C02980,52.0,Male,South,Bachelor,Unemployed,60053.96815578353,23296.182343981414,Business,653.795813537916,Fair,,0.391340348085196,2018-04-18,0
C02981,35.0,Female,South,Master,Salaried,64871.386806544324,11417.41877536772,Education,580.2047726254068,Good,41.0,0.5643242092164571,2022-09-28,1
C02982,31.0,Female,West,High School,Self-Employed,,15026.590923975631,Personal,700.9738285958559,Fair,50.0,0.5361806290825998,2021-05-07,0
C02983,37.0,Male,North,High School,Self-Employed,59166.94684908758,23277.75169905727,Education,601.5768224572747,Fair,45.0,0.2593327048290863,2015-08-01,0
C02984,35.0,Male,South,Bachelor,Self-Employed,45129.86636285027,12843.129585714567,Auto,725.3716635834368,Good,47.0,0.7391779285009531,2015-12-23,1
C02985,27.0,Male,West,High School,Unemployed,93329.6353518127,26466.41656733081,Personal,723.6940535983465,nan,48.0,0.2369891570337408,2020-04-28,1
C02986,42.0,Male,North,Bachelor,Salaried,44312.28318689192,8920.05245309618,Home,645.8423240656856,Good,40.0,0.4901205647029062,2016-12-21,0
C02987,19.0,Female,West,Bachelor,Salaried,75095.43484619686,23809.508892120746,Auto,693.5226672391233,Fair,48.0,0.7428568704422183,2017-08-25,0
C02988,42.0,Male,nan,Bachelor,Self-Employed,70720.73397947423,29069.3931969979,Auto,697.2772932145099,Fair,47.0,0.6926729434633593,2020-07-31,0
C02989,71.0,Male,North,High School,Salaried,72893.48908926985,21914.64102228069,Personal,540.32512931414,Good,59.0,0.46735800200549227,2017-07-14,0
C02990,50.0,Male,South,High School,Unemployed,15000.0,10095.142007523438,Home,779.8769741490219,Good,36.0,0.7705823479422766,2019-12-30,0
C02991,53.0,nan,South,Master,Self-Employed,84511.66971617003,3695.6587367256325,Education,630.8192214284634,Good,41.0,0.7066942114414932,2019-12-30,0
C02992,48.0,Female,West,Master,Self-Employed,63512.625837988206,8927.25145035405,Home,702.1680135061775,Good,37.0,0.42685552968651197,2019-11-15,0
C02993,31.0,Male,East,High School,Business,80407.07280818016,24873.908533951333,Auto,704.2717633289618,Good,43.0,0.8611863728054721,2018-03-25,1
C02994,18.0,Male,East,High School,Self-Employed,77519.83378067598,17940.39437510834,Personal,463.28471813484435,Good,32.0,0.22066559336000013,2017-03-19,0
C02995,63.0,nan,West,High School,Self-Employed,72898.2751957331,13994.77266019522,Home,600.7303103937898,Good,48.0,0.4047098032981289,2020-04-04,0
C02996,33.0,Female,North,Bachelor,Salaried,55070.50306413681,23977.3524366567,Home,713.0276615319542,Good,52.0,0.6931382205549635,2017-12-22,1
C02997,71.0,Male,West,Master,Salaried,55346.44940653666,1000.0,Auto,654.6689344576403,Good,47.0,0.8420308332648428,2021-12-13,0
C02998,63.0,Male,East,Bachelor,Salaried,63642.657061952385,17378.53460279419,Education,701.6727002253552,Good,44.0,0.3741927701690506,2015-05-28,0
C02999,69.0,Male,East,Bachelor,Self-Employed,69286.82976119072,8932.727418269102,Home,656.9274921083888,Fair,49.0,0.5770560396072745,2020-02-12,0
C03000,20.0,Male,West,Master,Self-Employed,54399.98774329483,6494.670033577355,Home,742.2036345352359,Fair,48.0,0.11006378735623062,2021-12-01,0
C03001,52.0,Female,East,PhD,Salaried,88573.41019393146,14854.195401594417,Business,658.5525416333307,Good,43.0,0.41521637639908004,2021-01-22,0
C03002,58.0,Female,North,High School,Self-Employed,56803.92397375067,44721.714513625324,Auto,756.8066822585357,Good,42.0,0.38129475567278337,2020-09-01,0
C03003,23.0,Female,South,High School,Salaried,40503.71903083548,26321.447084375784,Business,576.4978567090967,nan,46.0,0.8161002704518835,2017-06-26,0
C03004,42.0,Female,South,High School,Unemployed,79880.8886495771,8694.014367795833,Auto,640.4269947890791,Good,56.0,0.16288018698417728,2022-08-07,0
C03005,30.0,Male,North,Master,Salaried,112029.08768342795,32109.180473150038,Auto,605.4950323563471,Fair,,0.15279738629401352,2018-01-26,0
C03006,70.0,Female,nan,Master,Unemployed,35811.19761957541,6933.307690235395,Business,679.1477048046698,Good,46.0,0.4762967324651236,2019-02-13,0
C03007,51.0,Female,North,Bachelor,Self-Employed,61867.10271386605,35173.039782557185,Education,629.0999041338067,Good,55.0,0.4462806534863778,2016-06-02,0
C03008,25.0,Male,East,High School,Self-Employed,91597.50683323815,11184.726912478212,Education,632.7864359679772,Fair,49.0,0.2373259409618368,2020-01-17,1
C03009,38.0,Male,East,High School,Salaried,79245.9593911241,21095.3631496535,Auto,597.1425227562315,nan,38.0,0.32384256575777304,2021-05-06,1
C03010,51.0,Female,North,High School,Student,80531.00980330854,40856.28588735579,Business,615.4448362303592,Poor,49.0,0.9280653136316626,2019-10-30,0
C03011,21.0,Male,West,Bachelor,Salaried,65762.12011685727,16496.283943692317,Home,649.2292202062492,Fair,,0.5362051797035244,2015-01-16,0
C03012,42.0,Male,West,High School,Self-Employed,,38377.436153003924,Auto,498.39911366126205,Good,44.0,0.1746751159789095,2015-08-09,0
C03013,32.0,Female,East,High School,Student,71446.3095729561,19278.641238237535,Auto,,Good,54.0,0.14228479904131677,2020-04-10,0
C03014,21.0,nan,North,Master,Unemployed,74337.06625742833,19128.9479464147,Personal,654.4359456730612,Good,45.0,0.13564718926238392,2019-05-23,0
C03015,62.0,Male,North,High School,Self-Employed,93145.98254323076,11139.233180423176,Education,442.31175760748437,Good,37.0,0.4306661846754358,2022-02-05,0
C03016,29.0,Female,South,Bachelor,Student,46225.80755491923,34124.14531218332,Business,635.5143292393947,Poor,46.0,0.8357747670867159,2022-02-23,1
C03017,49.0,Male,South,High School,Business,107070.489310609,15043.93092666937,Home,621.712717910659,Good,41.0,0.8079791043366077,2020-06-30,1
C03018,49.0,Female,East,Master,Salaried,57238.85336897582,39051.5706017608,Home,690.6528402395655,Good,41.0,0.41270343698967416,2017-03-28,0
C03019,45.0,Female,nan,Bachelor,Salaried,52934.06572163996,13722.242988663795,Auto,599.5986215711054,Good,38.0,0.7582600471405554,2016-07-28,0
C03020,30.0,Female,East,PhD,Salaried,46980.84383628801,15446.995899700001,Home,767.7136076968975,Good,43.0,0.7394111884634885,2020-04-24,1
C03021,48.0,Male,West,Bachelor,Salaried,91158.21539240688,30039.54683390948,Home,713.6122154922825,Good,51.0,0.5105461275083698,2020-12-09,1
C03022,31.0,Female,East,PhD,Business,37600.18913955493,18915.226815723872,Auto,536.5779476261364,Good,40.0,0.44372951262647786,2022-01-30,0
C03023,37.0,Female,South,Master,Self-Employed,80798.16030737899,22884.264351973157,Education,628.6740231894244,Good,43.0,0.25346632786275913,2017-10-09,0
C03024,35.0,Male,West,Bachelor,Salaried,44810.85463182167,6909.986112628798,Personal,764.5388858137907,Fair,56.0,0.33695533931139343,2015-06-03,0
C03025,46.0,Male,South,PhD,Unemployed,63896.0476302183,21102.036493463027,Education,597.677607095035,Good,38.0,0.38789112070517107,2018-07-22,1
C03026,23.0,Male,West,Bachelor,Salaried,26883.64858771806,23710.673316695433,Education,646.0330756230942,Good,52.0,0.7908101637749697,2015-02-27,1
C03027,49.0,Male,South,Bachelor,Student,84634.41773450587,37242.95447433459,Personal,755.3095681891083,Fair,47.0,0.5700100244348298,2017-02-01,0
C03028,46.0,Female,North,High School,Student,61248.993189754285,15215.736001052996,Auto,609.4553287952916,Fair,51.0,0.27077734787440166,2021-04-06,0
C03029,60.0,Male,West,Bachelor,Unemployed,78935.75718678135,23374.99013269029,Education,734.2234955062169,Good,46.0,0.18145346923381456,2019-03-04,0
C03030,19.0,Male,East,Master,Business,60527.02510532766,32102.21031517156,Business,581.7500298039786,Good,37.0,0.5221642534432863,2018-07-10,1
C03031,40.0,Female,West,Master,Salaried,78193.69773478736,20426.244044222727,Business,433.4289612390411,Fair,57.0,0.6663691112495176,2018-06-08,0
C03032,36.0,Male,West,High School,Self-Employed,,30861.70107311254,Personal,742.139698733047,Good,51.0,0.7960510709319628,2021-09-12,0
C03033,48.0,Female,North,Bachelor,Salaried,83515.97622146281,44982.73379289094,Business,682.9051280043107,Good,37.0,0.7777174687811134,2016-03-25,0
C03034,68.0,Male,East,High School,Salaried,78344.65352300102,20295.854267290724,Auto,687.842320650085,Good,50.0,0.8005323607656838,2021-12-04,1
C03035,22.0,Female,South,Bachelor,Self-Employed,69906.05947346239,33236.3016855493,Home,568.0277906521044,Fair,51.0,0.4806702474444168,2021-10-14,0
C03036,36.0,Female,East,High School,Salaried,42496.340470152616,25148.421928734493,Auto,573.9985537627352,Fair,55.0,0.8358088816669516,2020-09-24,0
C03037,51.0,Female,West,PhD,Student,54065.227778706016,28574.463881765507,Personal,736.2827389802105,Poor,39.0,0.47791701332815184,2020-07-24,0
C03038,27.0,Male,South,High School,Unemployed,45694.68561653605,27050.12571246638,Home,668.2405480553198,Good,52.0,0.2429030969970393,2019-10-05,0
C03039,42.0,Female,East,High School,Salaried,100717.3654118302,30664.99314709608,Business,641.190795699668,Good,48.0,0.43777176719339794,2022-05-20,0
C03040,19.0,Male,East,Master,Self-Employed,84508.97122990247,30002.910705202972,Education,666.5694996585623,Fair,52.0,0.3890213158651834,2017-12-30,0
C03041,28.0,Male,North,Bachelor,Self-Employed,65943.70647997007,19297.309658233295,Business,763.1379147509225,Good,47.0,0.4333503085339525,2019-12-08,0
C03042,67.0,Male,West,High School,Unemployed,50946.25677251742,14440.228737836096,Auto,704.2766170289427,Good,47.0,0.6598263735960925,2019-07-09,0
C03043,48.0,Female,East,Bachelor,Self-Employed,45255.71863962525,24253.75581256509,Auto,614.4016101961131,Good,38.0,0.6583790393216081,2016-07-21,1
C03044,73.0,Male,West,High School,Salaried,68061.8790262101,5469.053954381343,Personal,544.7384104159961,Good,43.0,0.29116629147496076,2020-12-19,0
C03045,32.0,Female,South,nan,Salaried,111080.23967656748,26186.221740984296,Education,694.1040321370839,Fair,48.0,0.3685409835813218,2021-08-25,0
C03046,26.0,Male,North,Bachelor,Salaried,65148.262452446135,27458.785015464382,Education,580.7023992024328,Good,49.0,0.606051662394368,2021-05-29,1
C03047,40.0,Male,East,High School,Student,95048.00632497031,18211.418960590618,Home,561.3217296785925,Good,48.0,0.171509191456032,2017-05-07,0
C03048,36.0,Female,North,Bachelor,Salaried,71891.58641836296,20441.804936493634,Home,748.6811890155551,Good,51.0,0.6853645667843166,2017-06-03,0
C03049,26.0,Male,nan,High School,Salaried,79064.3542591213,29118.591448567255,Auto,715.430431006861,Fair,35.0,0.25205845948811345,2019-06-29,0
C03050,52.0,Female,North,Master,Unemployed,53102.067333495506,27471.47124842969,Personal,678.9264445010373,Poor,36.0,0.8231044668723214,2017-12-06,1
C03051,38.0,Male,West,PhD,Unemployed,60073.31243473841,29267.89155018808,Auto,557.1202204297063,Poor,39.0,0.4413495088186973,2020-09-08,0
C03052,26.0,Female,East,Master,Unemployed,44229.85237878168,27770.0296251728,Education,784.1949545575312,Good,44.0,0.2876849865024744,2022-12-05,0
C03053,45.0,Female,South,Bachelor,Self-Employed,72614.5918270039,21063.034496734057,Education,727.1651236036887,Poor,49.0,0.6676473473101092,2019-05-25,0
C03054,63.0,Male,North,Bachelor,Self-Employed,58914.431186151276,19851.261705090303,Auto,627.2160799203205,Good,54.0,0.5709261848209051,2019-04-18,1
C03055,68.0,Male,East,High School,Self-Employed,73997.13916415171,24223.27800023018,Education,611.3539956379351,Good,39.0,0.24614528382906606,2022-10-06,0
C03056,24.0,Female,East,Bachelor,Salaried,40369.753034480964,34534.9307042572,Home,655.8867305981701,Good,38.0,0.8030868844082578,2020-08-06,0
C03057,33.0,Female,South,Bachelor,Self-Employed,76393.19036240118,22642.742314819094,Education,614.1186000096012,Good,52.0,0.4852957134697249,2023-01-21,0
C03058,33.0,Male,West,Bachelor,Salaried,69222.57231072785,33051.58570998731,Home,815.8890467588831,Fair,44.0,0.22940813505441854,2015-03-29,1
C03059,50.0,Male,South,PhD,Salaried,68421.74044854463,1000.0,Business,621.0853718971351,Fair,42.0,0.7767546610929469,2017-11-29,0
C03060,21.0,Female,South,High School,Unemployed,74734.3949968715,23216.11968498048,Personal,569.908784634483,Fair,45.0,0.2134193094692201,2022-02-04,0
C03061,21.0,Female,East,High School,Salaried,59059.97793990935,20826.44539865669,Personal,769.1311893749809,Poor,59.0,0.9228327265276824,2021-12-11,0
C03062,56.0,Male,North,High School,Unemployed,160167.93415298982,3341.926040588114,Education,607.320362503467,Good,48.0,0.47553833706979753,2015-04-07,0
C03063,57.0,Male,West,High School,Salaried,76711.14332197014,4847.9613102639905,Personal,708.9822581087546,Good,50.0,0.7189889268941638,2022-04-25,0
C03064,34.0,Male,South,High School,Salaried,67627.79942800931,24613.206248871888,Business,700.6540704564553,Fair,50.0,0.48417257025052307,2017-01-19,0
C03065,54.0,Female,North,Bachelor,Self-Employed,83549.35507079643,21071.297853062515,Education,645.6078462091209,Poor,44.0,0.2594282678185099,2016-06-07,0
C03066,56.0,Male,South,Bachelor,Business,51968.50768375524,27904.6658316451,Home,577.0252426607977,nan,,0.7443969268879165,2021-05-07,0
C03067,69.0,nan,East,High School,Self-Employed,51140.7333454323,1000.0,Business,646.3862804766208,Good,35.0,0.34595346810098704,2018-04-25,0
C03068,46.0,Male,East,Master,Unemployed,85009.21700730809,30694.13764731721,Business,562.2604170250836,Fair,53.0,0.6800551580145662,2016-11-30,1
C03069,69.0,Male,East,High School,Salaried,87228.57568918426,30767.94491965652,Personal,648.2211678097323,Fair,53.0,0.3187668106370063,2016-08-06,0
C03070,53.0,Female,North,Bachelor,Unemployed,94793.77813894996,6167.4051447692,Home,707.9586099844744,Good,42.0,0.304942036234006,2015-01-27,0
C03071,55.0,Female,South,Bachelor,Salaried,29370.773465539445,34079.95525444814,Auto,778.8335049643998,Fair,46.0,0.48882877491063736,2016-11-23,0
C03072,56.0,Female,West,Bachelor,Unemployed,61840.273659588216,37904.089735170084,Business,568.4113163041784,Good,51.0,0.7938034616389011,2017-08-31,0
C03073,67.0,Male,North,PhD,Salaried,73240.77070488225,6663.536433978006,Personal,631.2156047003054,Good,38.0,0.6215880942031746,2016-07-04,0
C03074,54.0,Female,West,High School,Business,83007.86062936077,21076.436671361946,Business,610.6391686831039,Poor,46.0,0.15496853057302223,2021-05-11,0
C03075,69.0,Female,North,Bachelor,Self-Employed,78164.57447907538,21981.88594284399,Home,670.5304533130616,Fair,51.0,0.7237849919042308,2016-09-20,0
C03076,52.0,Female,West,Master,Salaried,43723.059558104505,2023.6019276324514,Home,535.8643717766885,Good,35.0,0.5928053510702865,2015-01-14,0
C03077,24.0,Male,South,Bachelor,Unemployed,77868.92244409563,16699.60216986712,Education,580.3502992156275,Fair,49.0,0.6300307004039962,2020-04-09,0
C03078,44.0,Male,East,High School,Salaried,73030.88689736057,34041.03435205102,Auto,523.0987581448524,Good,49.0,0.4005414366313149,2020-05-07,1
C03079,45.0,Male,North,Bachelor,Salaried,72962.88221951695,11400.255844456722,Auto,542.1271594501172,Good,48.0,0.5727374033860413,2022-08-07,0
C03080,39.0,Female,North,Bachelor,Business,37588.95890147469,38286.62128029406,Personal,600.4671654565936,Good,51.0,0.41610539378932987,2019-07-19,0
C03081,31.0,Male,North,Master,Salaried,41638.35825411884,23685.48105751298,Auto,775.3161959619416,Fair,37.0,0.16927982048711948,2017-03-03,0
C03082,24.0,Female,North,High School,Salaried,110305.76655530906,12086.243079859873,Home,676.0700357699475,Poor,46.0,0.8177657384203917,2018-12-19,0
C03083,54.0,Female,South,High School,Self-Employed,89652.81353591158,20451.219673835276,Auto,654.8746905199855,Good,59.0,0.6763227143522887,2019-06-13,0
C03084,39.0,Female,East,Bachelor,Business,,5365.403418194401,Personal,751.0164503021364,nan,41.0,0.6698731603110494,2015-04-21,0
C03085,22.0,Female,East,High School,Salaried,63852.796231433684,24282.349480163517,Business,678.7698410887564,Fair,31.0,0.2646269499137892,2019-09-02,0
C03086,72.0,Male,West,High School,Self-Employed,120570.79787128334,18077.391877741637,Auto,685.8182083547756,Good,46.0,0.6640570804556585,2015-11-19,0
C03087,19.0,Male,East,High School,Business,66133.33794154663,15737.91099740929,Auto,614.5231651115149,Fair,53.0,0.297226030268549,2017-05-17,0
C03088,44.0,Male,East,High School,Unemployed,62080.2477191755,5538.972719814414,Home,602.2003733293188,Fair,54.0,0.6844044840387427,2019-08-19,0
C03089,38.0,Female,South,High School,Unemployed,45164.78372417955,19190.74439041404,Home,551.6654787701435,Good,47.0,0.38350091192777436,2017-05-20,0
C03090,71.0,Male,South,PhD,Business,59158.39505486569,22051.293007354034,Business,604.9182825468956,Good,47.0,0.233886718725222,2015-08-05,0
C03091,55.0,Female,South,High School,Self-Employed,22928.907620398808,6296.625359996946,Education,628.9607439425711,Good,40.0,0.8703246974149944,2016-05-27,0
C03092,32.0,Male,West,High School,Salaried,78019.8249612509,30811.274741199504,Auto,675.853921063769,Poor,48.0,0.1889527758088123,2020-05-17,0
C03093,38.0,Male,North,High School,Salaried,96481.47492107627,22779.16795918983,Home,647.2431188716472,Poor,53.0,0.7475196441232369,2021-09-20,1
C03094,27.0,Male,North,PhD,Business,96759.9537659291,11516.871036893155,Education,622.6197900599234,Good,36.0,0.18650931857787986,2019-07-06,0
C03095,40.0,Female,East,Master,Student,47438.536691902846,19045.745924083203,Auto,581.6242436077438,Poor,37.0,0.6820116966050924,2016-09-02,0
C03096,73.0,Female,North,Master,Business,15000.0,28369.28435213345,Auto,679.9345105966407,Good,36.0,0.19382775545974035,2018-01-03,0
C03097,56.0,Male,West,High School,Salaried,73481.86778761259,33696.410053828695,Education,612.667543472462,Good,54.0,0.5325008000274876,2019-08-06,1
C03098,22.0,Female,West,Master,Self-Employed,97967.65874287425,35869.521108796755,Home,676.5347380993992,Fair,48.0,0.259796338073615,2021-11-05,0
C03099,18.0,Male,North,Bachelor,Self-Employed,24896.526444809228,38002.28538130292,Business,506.5045917804848,Good,39.0,0.8365943453087243,2017-01-11,0
C03100,30.0,nan,North,High School,Self-Employed,55659.88405226079,6696.047669120355,Auto,675.2315872227421,Good,39.0,0.4412618839150726,2017-06-18,0
C03101,38.0,Female,South,Bachelor,Business,73935.36550731026,12899.757532957594,Personal,706.0180177097179,Good,54.0,0.11311239707511145,2023-03-07,0
C03102,43.0,Male,East,Master,Self-Employed,43973.453649931515,5988.269941610943,Personal,696.4648144522811,Good,41.0,0.6339370643615431,2022-03-18,0
C03103,67.0,Female,South,Master,Salaried,21796.06700993613,30909.790530148704,Personal,,Fair,47.0,0.47836826807262567,2018-04-26,0
C03104,62.0,Male,East,Master,Unemployed,46407.17505533491,18271.224772807123,Business,718.6488736568283,Good,43.0,0.8307784025304584,2019-06-30,0
C03105,38.0,Female,East,PhD,Self-Employed,50772.86673799141,32627.27694202554,Auto,554.5280837783115,Fair,58.0,0.46817255111454503,2017-10-14,0
C03106,70.0,Male,South,High School,Salaried,17845.96643074052,5828.145822052233,Home,,Fair,47.0,0.44946940810603997,2017-03-05,1
C03107,35.0,Female,North,Bachelor,Salaried,91788.5992542658,13108.165086237364,Home,635.4953149129476,Good,35.0,0.4859792329311623,2020-03-13,0
C03108,54.0,Male,West,High School,Unemployed,103847.88538638766,12017.252246968155,Business,727.7299766780815,Fair,44.0,0.8308759154914093,2020-09-06,0
C03109,62.0,Female,North,Master,Unemployed,65738.92151882568,32384.263227107625,Auto,498.4630122106589,nan,47.0,0.598799177297559,2021-10-13,1
C03110,49.0,Female,West,High School,Salaried,83237.17889766736,27007.67326137413,Education,570.6402711554525,Good,36.0,0.6689580572002631,2015-04-17,0
C03111,53.0,Female,South,Master,Salaried,28020.2700354762,1000.0,Education,781.0438106472886,Good,49.0,0.7123492532324246,2018-12-07,0
C03112,34.0,Female,East,Bachelor,Salaried,61460.54283286376,15338.69483566699,Auto,467.70754071162787,Fair,46.0,0.8968881940745588,2016-08-30,0
C03113,52.0,Female,West,Bachelor,Salaried,50527.3865399919,29594.319097092564,Auto,711.0817978765625,Good,39.0,0.8118925037417626,2020-12-14,0
C03114,66.0,Male,West,High School,Self-Employed,75288.93497066281,31135.270950424474,Home,597.4754627729643,Good,42.0,0.8881916223967148,2016-09-27,0
C03115,28.0,Male,South,Bachelor,Self-Employed,15000.0,24136.416944108045,Business,669.1026952734575,Good,39.0,0.3918091991566294,2018-03-19,0
C03116,38.0,Male,North,Master,Self-Employed,57398.23763725481,21807.295281423227,Business,756.0336802894516,Good,35.0,0.28261403581323397,2017-02-01,0
C03117,69.0,nan,West,High School,Business,80710.01990118678,10693.599130252893,Home,671.9905153309123,Good,43.0,0.2728810851411996,2023-02-06,0
C03118,72.0,Male,South,Bachelor,Salaried,70954.93797377471,30701.904616417472,Personal,757.5900032570763,Good,44.0,0.8291309283280576,2016-06-22,0
C03119,70.0,Female,North,High School,Salaried,84572.67487258051,8030.761346138266,Education,613.0738114409899,Good,53.0,0.8060025462488422,2016-12-14,0
C03120,43.0,Female,West,Bachelor,Salaried,50040.61045573623,3886.53079947888,Auto,622.986780811782,Good,49.0,0.6528498696871986,2015-05-03,0
C03121,21.0,Male,North,High School,Salaried,15000.0,22076.65570312392,Education,709.0131686635793,Fair,30.0,0.1535010263945213,2020-11-06,1
C03122,51.0,Male,North,High School,Salaried,92472.11069980741,15567.518709897518,Education,617.0427154788251,Fair,44.0,0.3703409337753606,2016-07-25,1
C03123,69.0,Male,North,Master,Self-Employed,83978.65441327769,27235.4376067337,Business,694.8009785778502,Good,40.0,0.7240710946032173,2018-09-16,0
C03124,65.0,Male,East,Bachelor,Business,104218.93088131069,24845.04704403232,Home,738.7853162433262,Good,41.0,0.3112834576752108,2015-03-13,0
C03125,35.0,Male,East,High School,Business,66856.41046715816,37077.69823815844,Personal,715.1252670715542,Fair,49.0,0.6304500826565608,2020-04-24,0
C03126,57.0,Male,South,Bachelor,Business,75405.97935037014,24045.487888261458,Personal,531.5816325915064,Good,51.0,0.5613300385933586,2016-03-31,0
C03127,52.0,Female,South,High School,Self-Employed,123231.19257925251,30598.283566838047,Home,624.3964417212859,Poor,45.0,0.32327151795122394,2015-10-20,1
C03128,58.0,Female,South,High School,Business,18724.73747704064,11486.422996451312,Education,671.1374363041116,Good,39.0,0.89418732620912,2016-09-13,0
C03129,46.0,Male,East,Bachelor,Salaried,76117.5990556998,27115.93538024513,Home,631.7079845277956,Good,31.0,0.31822819187083173,2018-02-23,1
C03130,69.0,Male,North,High School,Student,95443.49009110939,17234.01920402571,Home,655.952451004365,Good,44.0,0.8605724818726681,2022-02-20,0
C03131,46.0,Male,West,Bachelor,Salaried,70314.54281869419,15060.193703454795,Auto,672.1303058201945,Fair,,0.5597921312845368,2020-04-26,0
C03132,55.0,Female,North,Bachelor,Salaried,66657.67697823589,10974.791609860573,Auto,610.5073909461822,Good,46.0,0.1780538110683724,2021-11-24,0
C03133,59.0,Female,nan,Master,Salaried,27910.69379501971,35423.709724388835,Education,635.4920839658103,Fair,46.0,0.8085810420373981,2021-05-05,0
C03134,38.0,Male,North,PhD,Student,101680.57874282592,19931.195998979718,Business,,Good,40.0,0.772717237585174,2020-03-24,0
C03135,59.0,Male,West,High School,Student,91723.5041541356,12115.843668059048,Personal,614.1618659819509,Good,38.0,0.806328350580751,2015-11-11,0
C03136,30.0,Female,North,Bachelor,Business,97063.97349162318,26780.800073626502,Auto,535.4991047925638,Good,40.0,0.6424262637933342,2023-01-27,0
C03137,66.0,Female,North,Bachelor,Self-Employed,64461.15348122572,15600.460077789876,Education,658.7372521769519,Good,44.0,0.7048732823760983,2022-01-18,0
C03138,58.0,Male,West,High School,Self-Employed,56981.760922498994,12015.527744983508,Home,635.5083346731087,Good,35.0,0.8709992831398206,2019-04-09,0
C03139,34.0,Female,West,Master,Student,64832.35400536583,49021.70634803641,Auto,581.3153590963528,Good,47.0,0.2085435950530399,2017-04-22,1
C03140,73.0,Male,South,Master,Self-Employed,107483.06726063829,7912.275410963508,Home,783.8944856621636,Good,49.0,0.1705821677018327,2017-08-09,0
C03141,26.0,Male,East,Bachelor,Unemployed,58492.30557197986,38651.071593741544,Home,631.5941387714869,Good,43.0,0.20631429313781496,2022-09-24,1
C03142,58.0,Female,East,Bachelor,Salaried,102048.57197980325,11896.137598266669,Auto,671.4914708059715,Fair,47.0,0.8395608962824682,2019-02-04,0
C03143,18.0,Female,West,High School,Salaried,61322.55039738787,26260.035517187724,Education,602.1025126365903,Fair,46.0,0.5784940664512165,2019-07-13,0
C03144,19.0,Male,South,Bachelor,Unemployed,43568.55045105217,18983.970174723625,Personal,618.9238984447024,Good,42.0,0.24965548907892612,2020-03-08,0
C03145,65.0,Female,East,Master,Salaried,15000.0,27364.137950565768,Education,674.3310103136401,Good,45.0,0.2204552580889021,2017-09-13,0
C03146,46.0,Male,South,Bachelor,Unemployed,79353.25127167563,6180.191012868081,Business,625.0811712644834,Good,38.0,0.47861002205994674,2018-02-12,0
C03147,50.0,Female,South,High School,Self-Employed,84203.05298036919,4959.3440812642675,Business,650.2477517666201,Good,57.0,0.7933739475240077,2016-10-08,0
C03148,27.0,Male,West,Bachelor,Unemployed,36236.625732517336,27669.429412022004,Personal,710.5118461515099,Good,42.0,0.7844002116273596,2017-10-15,1
C03149,67.0,Female,North,Bachelor,Salaried,101921.58345909174,2198.2608826596297,Business,611.148036536086,Good,43.0,0.8235651086024022,2021-08-16,0
C03150,57.0,Female,North,Bachelor,Business,30465.58059419608,8313.713171429801,Home,550.0879112571586,Poor,43.0,0.7536030233993835,2021-01-08,0
C03151,38.0,Male,East,Bachelor,Self-Employed,82710.95498535711,19102.79810899551,Business,535.530178274119,Fair,45.0,0.15237683821497644,2019-02-17,1
C03152,45.0,Female,East,Bachelor,Self-Employed,83937.05786125557,7058.479875323956,Auto,757.8829277290147,Good,60.0,0.7121418685993051,2022-05-10,0
C03153,28.0,Female,North,Master,Self-Employed,91829.12043994905,8333.064608100034,Home,719.8360025431678,Fair,46.0,0.5411170968358016,2015-12-31,0
C03154,72.0,Female,South,Master,Student,15730.06211767024,15889.413952416748,Education,699.1849750390804,Good,56.0,0.7174503812592972,2022-01-06,1
C03155,51.0,Male,West,High School,Self-Employed,91671.81725497516,1000.0,Personal,617.2960395595991,Good,42.0,0.511640328688949,2020-06-28,0
C03156,25.0,Female,North,PhD,Salaried,61378.94385761173,5991.05040823226,Auto,550.0189991759124,Fair,51.0,0.511008193432631,2022-02-20,0
C03157,39.0,Female,East,Bachelor,Unemployed,56490.97106041228,33401.33372139609,Auto,628.827378987789,Good,47.0,0.20721446184189818,2020-04-25,0
C03158,25.0,Male,East,Master,Salaried,85625.23686914847,29569.11570940965,Personal,642.9984221535466,Fair,39.0,0.8694414553939747,2023-03-03,0
C03159,66.0,Female,South,Master,Salaried,89017.15576729114,42651.48536261676,Business,565.1336249939541,Good,54.0,0.4184284929563368,2018-08-20,0
C03160,32.0,Male,West,Bachelor,Salaried,15284.169260444825,25947.388705931084,Personal,539.7757765213535,Fair,51.0,0.5950179784977913,2021-02-02,0
C03161,34.0,Male,East,Master,Unemployed,32755.307833475083,33016.168637924864,Personal,520.2265545197051,Good,48.0,0.2760828264722073,2022-07-24,1
C03162,40.0,Female,South,High School,Salaried,94980.31353993909,15784.673859750317,Business,699.3044890657883,Fair,49.0,0.41355556386087533,2020-08-26,0
C03163,41.0,Female,East,High School,Salaried,76874.72692950968,18128.81609361333,Education,,Good,38.0,0.839990809706808,2019-11-05,1
C03164,62.0,Female,East,Bachelor,Unemployed,69543.80769555311,24129.060904704274,Personal,673.2057740536953,Good,56.0,0.27815946043438616,2016-06-02,0
C03165,36.0,Male,East,Master,Business,40358.24446499425,1061.9374766449437,Business,620.1650109944563,Poor,42.0,0.2751897713409489,2021-01-27,0
C03166,22.0,Female,West,Master,Salaried,75971.04127230073,25457.724270702096,Auto,694.2228431582103,Fair,64.0,0.32142424372736667,2018-08-07,0
C03167,49.0,Male,South,Bachelor,Business,95473.30329016791,13761.842263977396,Personal,675.1868383976763,Fair,38.0,0.5884619247509468,2019-08-31,0
C03168,61.0,Male,South,Bachelor,Unemployed,122948.32324108081,15438.650733891329,Personal,632.6046936581536,Good,43.0,0.5425849878725546,2018-05-13,0
C03169,18.0,Male,North,Bachelor,Salaried,56145.32762475445,29972.602630203073,Education,659.7840068906913,Good,45.0,0.24902370160472354,2015-05-14,0
C03170,40.0,Female,North,nan,Business,86927.15446626268,4478.982008691379,Education,,Good,44.0,0.688173667765874,2019-01-28,0
C03171,54.0,Female,North,Bachelor,Self-Employed,111372.03950332197,20551.63861744686,Auto,603.8489637025197,Good,44.0,0.8714090247327086,2022-02-11,0
C03172,25.0,Female,West,Master,Self-Employed,28782.653333376227,24478.487326490576,Education,723.5062089093398,Fair,34.0,0.2690045457324457,2023-01-18,0
C03173,30.0,Female,East,Bachelor,Self-Employed,109978.2127130964,14696.511819674943,Auto,,Fair,49.0,0.6720107516432215,2022-02-05,0
C03174,25.0,Male,East,Bachelor,Self-Employed,70016.0896718004,20373.26950985965,Personal,643.486239031139,Poor,51.0,0.5984269022806686,2021-01-07,0
C03175,74.0,Female,East,Bachelor,Salaried,66871.60747355287,20854.323465807964,Business,543.8656175256871,Good,51.0,0.3795981164589619,2020-03-22,0
C03176,40.0,Male,West,nan,Business,51456.78034808124,28974.354289440715,Education,670.553345288361,Good,34.0,0.6251560258624203,2020-09-11,0
C03177,60.0,Female,South,Bachelor,Salaried,55902.63498478383,18175.847626848237,Auto,,Fair,42.0,0.27842255497677265,2019-02-15,0
C03178,18.0,Male,West,PhD,Self-Employed,46374.6949497701,7477.01865837777,Education,614.2363505631573,Fair,47.0,0.8088616084256591,2022-02-02,0
C03179,62.0,Female,South,High School,Salaried,41174.39891318849,14220.905083481586,Education,587.0329354336668,Poor,42.0,0.11888027354096238,2017-02-15,0
C03180,68.0,Female,West,Bachelor,Business,76240.56261071085,16512.21350711122,Home,640.7002664083739,Fair,32.0,0.5820035302579543,2017-12-30,0
C03181,41.0,Female,East,Master,Salaried,92817.18594038769,11990.294984550292,Personal,499.5145538722255,Poor,41.0,0.37096315459750684,2020-10-10,0
C03182,52.0,Male,South,Master,Self-Employed,38806.34287376558,21894.188655181344,Education,701.1767759684944,Good,46.0,0.8491566119354409,2019-10-02,0
C03183,41.0,Male,East,PhD,Salaried,47620.80861708785,21416.10915687722,Business,647.1001418990579,Fair,55.0,0.5244613278347056,2022-08-25,0
C03184,34.0,Female,East,High School,Business,71408.62444128955,20898.55755242562,Home,614.9535799098345,Good,45.0,0.7821148333802534,2016-12-31,0
C03185,22.0,Male,North,High School,Self-Employed,37137.484916687106,11024.827905501945,Auto,533.8827000656812,Fair,43.0,0.8852472931234804,2018-03-22,0
C03186,37.0,Female,East,Bachelor,Business,71103.25102084829,21297.914193925895,Auto,682.4800014859977,Fair,44.0,0.3841971187441281,2018-04-13,0
C03187,38.0,Female,South,High School,Salaried,58257.77146735892,32883.00604596071,Business,602.4254329778693,Good,55.0,0.8482905780857053,2018-08-23,0
C03188,57.0,Male,North,nan,Salaried,24051.352361143807,22945.528803089994,Business,747.9565152686235,Good,51.0,0.7173370888633823,2015-12-20,0
C03189,48.0,Female,West,High School,Self-Employed,76790.7603001963,30723.279007441146,Personal,686.4739221747336,Good,,0.1919482375417687,2018-10-27,0
C03190,63.0,Female,East,Bachelor,Unemployed,50974.51057636006,21089.182332446733,Business,765.0991766515342,Good,59.0,0.1883319564555993,2018-05-10,0
C03191,53.0,Male,West,High School,Salaried,90626.21273751385,13627.425053974079,Auto,660.2727530591429,Good,49.0,0.7947435821918232,2022-05-08,0
C03192,28.0,Female,East,Bachelor,Salaried,60112.60465196385,28603.39332940642,Personal,730.8367070871617,Good,37.0,0.49806867616421535,2017-07-20,0
C03193,69.0,Male,South,Bachelor,Salaried,47217.23727987886,5927.30140561456,Business,684.7078283973663,Good,53.0,0.5208777303245704,2017-09-01,0
C03194,32.0,Female,East,High School,Self-Employed,64168.88149862843,14416.990839641194,Business,616.1763940847153,Good,58.0,0.8575595579074732,2018-10-13,0
C03195,36.0,Female,East,Bachelor,Salaried,96049.26912287752,18587.12687910061,Auto,664.04075138631,Good,44.0,0.8682328363213657,2019-10-06,1
C03196,24.0,Female,nan,Bachelor,Business,111045.56318187848,26527.676617035097,Personal,587.4510300155798,Good,37.0,0.19580008698364265,2022-06-06,0
C03197,68.0,Female,South,nan,Salaried,79826.77783070244,32745.696969352408,Home,805.1584574730779,Good,43.0,0.417601074502875,2017-08-17,0
C03198,45.0,Male,West,High School,Salaried,50274.20874003267,28464.71633927418,Home,642.435116772094,Fair,46.0,0.8609427538787762,2016-05-18,0
C03199,68.0,Female,West,Bachelor,Salaried,65815.17456920227,27461.274297952186,Personal,651.9657718638988,Fair,41.0,0.7968761960923694,2019-11-04,1
C03200,60.0,Male,East,nan,Self-Employed,62539.567407295806,28646.00586388684,Business,679.248939622514,nan,41.0,0.7128574978804951,2017-08-02,1
C03201,22.0,Female,West,Master,Self-Employed,61243.99527956114,30039.88338342223,Business,568.4791006762455,Good,45.0,0.18667212320691295,2022-11-05,0
C03202,22.0,Female,South,nan,Salaried,58640.249233945004,8623.720086595546,Personal,749.1028329249932,Poor,41.0,0.6280153812749866,2020-10-23,1
C03203,47.0,Male,nan,nan,Unemployed,40864.316428254795,42048.05026717397,Home,573.1002836923961,Good,37.0,0.5945736914126832,2019-11-15,1
C03204,71.0,Male,East,Bachelor,Salaried,89390.47105856429,31097.195817059808,Education,556.1397078228954,Good,43.0,0.2420920019082785,2018-06-20,0
C03205,49.0,Female,North,Bachelor,Business,86519.49576114267,18190.175220566074,Auto,637.5106990472731,Good,46.0,0.7577799712738457,2019-08-08,0
C03206,25.0,Female,West,High School,Self-Employed,65579.06464100338,23713.069185677305,Personal,554.0526876657811,Good,48.0,0.36518043718943516,2016-11-25,1
C03207,27.0,Male,South,Bachelor,Salaried,96468.6914355421,6865.459809444656,Education,767.1455402143532,Good,41.0,0.627531864531343,2021-02-13,0
C03208,55.0,Male,South,Master,Business,79776.26447898053,17401.62779998927,Auto,632.6972547737709,Fair,54.0,0.4075601629354344,2015-06-23,0
C03209,64.0,Male,East,Bachelor,Business,37089.13295430523,16578.768303540357,Education,408.4124376619677,Poor,39.0,0.1717359311391825,2017-08-16,0
C03210,49.0,Female,North,Master,Salaried,56139.87541648942,15755.946770691342,Education,,nan,42.0,0.5460756585943334,2016-03-07,0
C03211,65.0,Male,South,Master,Self-Employed,102009.26874964181,28144.24155242702,Auto,691.512949014053,Fair,34.0,0.3606466652223068,2019-11-15,1
C03212,45.0,Female,West,High School,Salaried,55983.80356270535,21042.68957143066,Education,618.3925813707336,Fair,52.0,0.16061605284545127,2018-03-13,0
C03213,34.0,Male,North,Master,Self-Employed,47666.74994215609,8056.131146321999,Home,548.3080230679093,Good,42.0,0.2687325786787048,2021-08-24,0
C03214,48.0,Female,South,Bachelor,Salaried,83060.22919906121,8244.916869494016,Personal,642.2519737500127,Poor,49.0,0.6260274038122752,2015-08-23,0
C03215,25.0,Male,North,High School,Business,57994.56469214392,1000.0,Home,,Fair,57.0,0.18617469947645243,2017-03-26,0
C03216,57.0,Female,South,Master,Salaried,79019.6217281857,28797.13179801932,Home,576.8321060105723,Good,47.0,0.17434638989430185,2022-02-26,1
C03217,42.0,Male,East,Bachelor,Salaried,64097.098112027044,17753.85162063419,Auto,570.2131197428937,Fair,38.0,0.9024183336762233,2021-10-29,0
C03218,26.0,Female,West,Master,Salaried,45083.60975505026,27546.791398071353,Auto,661.7176811703039,Good,37.0,0.19139487225320262,2020-06-21,0
C03219,19.0,Male,West,Bachelor,Salaried,,51400.71117493788,Auto,717.7266350292242,Good,45.0,0.4196507690631237,2015-06-10,1
C03220,32.0,Female,East,Bachelor,Self-Employed,22856.27056259758,11011.485350055187,Education,684.6157878497822,Poor,49.0,0.21339925691096423,2021-02-24,0
C03221,67.0,Female,South,Master,Salaried,37370.43604350934,23269.740849523434,Education,520.4001606058715,Fair,47.0,0.8983787284059125,2022-04-30,0
C03222,20.0,Male,West,Bachelor,Business,80709.4595097804,34431.969868802335,Personal,696.1608503416987,Poor,50.0,0.5089871895779267,2017-07-26,0
C03223,66.0,Female,West,Bachelor,Salaried,95144.25960107852,15110.076164423706,Education,707.9355509020287,Poor,57.0,0.19445135579670458,2019-04-15,0
C03224,53.0,Female,East,High School,Business,49739.343783289056,16607.79708654574,Personal,754.5272563135825,Good,39.0,0.7534939760617947,2016-06-02,0
C03225,21.0,Male,East,Master,Self-Employed,30625.42602286637,25303.228814368886,Home,578.7584182931079,Good,66.0,0.7636685995508982,2023-03-03,1
C03226,31.0,Male,West,High School,Student,93445.93325661594,45428.964457436356,Personal,645.7548020476529,Good,40.0,0.8660195438404662,2021-06-22,0
C03227,58.0,Male,East,Master,Student,94185.70185101972,26363.688547798483,Personal,692.5643187727874,Poor,50.0,0.6998070788723724,2020-12-29,0
C03228,58.0,Female,South,Bachelor,Unemployed,83073.96890646104,11572.023921914299,Auto,610.4334726395292,Good,54.0,0.1465088327648995,2018-04-27,0
C03229,42.0,Female,East,Bachelor,Business,28726.705397995443,12781.214651424172,Education,691.3932387759971,Fair,42.0,0.5677648150375343,2021-06-25,0
C03230,72.0,Male,North,PhD,Salaried,77877.9882277285,15115.935668528595,Business,648.198025533657,Good,49.0,0.42643387992365434,2022-02-27,1
C03231,67.0,Female,South,High School,Business,78789.47166829639,1804.178605422916,Business,586.515888750834,Fair,41.0,0.7362938927493611,2022-11-22,0
C03232,27.0,Female,South,Bachelor,Student,87514.39738913217,18406.645888460636,Auto,592.9068320982091,Good,43.0,0.6022896572299439,2017-04-05,0
C03233,38.0,Female,North,Master,Salaried,68774.72563021246,20074.663205937195,Home,743.6967017206142,Good,59.0,0.7164204426733908,2016-08-28,0
C03234,53.0,Female,North,Master,Self-Employed,46245.62415041423,20460.56042823805,Home,575.2686003202496,Good,29.0,0.25337733019212627,2019-02-10,0
C03235,29.0,Female,North,Bachelor,Salaried,54886.45907628212,5501.234879890502,Home,562.3999786872789,Good,44.0,0.4715103448442852,2019-01-04,1
C03236,44.0,Female,East,Bachelor,Self-Employed,94426.32342268062,23453.03297353404,Personal,675.8284148548858,Good,34.0,0.4672886779351385,2016-10-30,0
C03237,57.0,Male,West,Master,Self-Employed,74488.55753380415,10160.47862605897,Education,647.707041174313,Fair,38.0,0.9338284198450143,2018-04-03,0
C03238,19.0,Female,nan,Master,Self-Employed,32298.575914976627,17610.63925526914,Home,551.6283966929946,Good,51.0,0.11624363838278172,2015-12-11,0
C03239,71.0,Female,South,Master,Self-Employed,107661.68392825343,12574.047584103862,Business,611.0434869432856,Fair,41.0,0.7936365007688115,2020-10-16,0
C03240,30.0,Male,East,Bachelor,Student,93888.68157170541,31546.55905388987,Personal,588.7413891304585,Poor,52.0,0.18254489653923342,2020-01-28,0
C03241,70.0,Female,West,nan,Self-Employed,106562.46657067431,13148.015765391858,Home,601.8749340314823,Fair,45.0,0.16832134737398402,2021-04-17,0
C03242,49.0,Female,North,Bachelor,Business,93357.80959780735,33456.05684250839,Home,839.3727797604985,Good,54.0,0.378950019178089,2017-10-21,0
C03243,48.0,Female,East,High School,Salaried,41790.054710654455,21363.090256215077,Education,627.3065071494478,Fair,56.0,0.6956518598210631,2019-10-02,0
C03244,33.0,Male,West,Bachelor,Salaried,73250.12379175372,24198.56558158782,Education,583.9061791870889,Good,41.0,0.6766793751934933,2019-05-12,0
C03245,49.0,Male,North,High School,Self-Employed,80087.35502660247,20832.7786700027,Personal,801.6340618099737,Good,50.0,0.6336985475059485,2015-11-18,0
C03246,49.0,Female,West,High School,Salaried,31392.399844393047,11477.338090196607,Business,716.6191098644297,Good,42.0,0.7583684373156275,2022-12-06,0
C03247,51.0,Female,West,High School,Salaried,35690.34085536607,24060.193396797968,Auto,704.3619170439057,Good,50.0,0.29752134521977414,2018-09-02,1
C03248,28.0,Male,North,High School,Self-Employed,83584.9558411219,15700.679858193365,Business,587.5179279273975,Fair,45.0,0.638767778120191,2018-10-18,1
C03249,27.0,Female,North,Bachelor,Self-Employed,85567.20740599073,23176.096345450722,Education,739.361251826488,Good,48.0,0.6423319139050448,2019-05-04,0
C03250,32.0,Male,North,High School,Self-Employed,124205.47573159971,26039.21206841406,Education,711.220594117463,Good,33.0,0.6561851858758468,2016-06-18,0
C03251,34.0,Male,South,High School,Salaried,58490.335022186955,39071.034133448855,Auto,661.0317186378511,Good,39.0,0.6052855897970624,2022-08-04,1
C03252,57.0,Male,East,High School,Salaried,22926.36667486612,24708.774283661573,Business,521.2772657845815,Good,51.0,0.2882944589119545,2022-08-12,0
C03253,35.0,Male,East,High School,Self-Employed,61221.685547525274,29566.252997067815,Business,648.5059998141629,Good,55.0,0.8771540633811229,2021-06-30,1
C03254,72.0,Female,South,High School,Salaried,86086.49740771549,26605.28887109578,Auto,779.7448035624034,Good,40.0,0.9296039342525205,2017-10-20,0
C03255,26.0,Male,West,Bachelor,Salaried,55897.53200287653,17750.14011472034,Education,666.5287114806531,Good,51.0,0.6858087055569485,2015-05-29,0
C03256,42.0,Male,South,nan,Salaried,67543.64479305797,26791.051627475823,Personal,621.7650104688603,Fair,40.0,0.47746775971113753,2019-09-18,0
C03257,57.0,Male,North,Master,Salaried,48947.555787800346,18757.213407040912,Business,632.8656992683498,Fair,55.0,0.5566121585861004,2015-07-18,1
C03258,31.0,Male,South,Master,Salaried,94827.37889541461,15870.842736964718,Home,638.0560769889638,Good,45.0,0.19211579036749551,2015-03-20,0
C03259,42.0,Male,East,High School,Salaried,83615.38955882659,9101.530143817738,Business,590.0289339667296,Poor,53.0,0.408886513395719,2020-05-31,0
C03260,67.0,Male,South,High School,Salaried,44498.136541452346,26527.23105595825,Business,646.9066377977889,Good,45.0,0.9297142008702604,2022-08-08,0
C03261,39.0,Female,South,High School,Self-Employed,51951.860528678146,14318.414049962881,Business,758.2050897159162,Fair,53.0,0.5655639232160804,2015-06-25,0
C03262,69.0,Female,North,Master,Salaried,48012.70155419577,26284.491796281996,Education,749.7091159183234,Good,44.0,0.576533412051642,2021-07-11,0
C03263,47.0,Male,West,High School,Salaried,18509.461154970537,20046.872473717,Home,593.4248067256951,Fair,46.0,0.9108828886672107,2016-12-24,0
C03264,37.0,Male,nan,Bachelor,Unemployed,45950.417446845735,17158.126231528295,Business,745.6923038413021,Good,53.0,0.8534010532925494,2021-12-15,0
C03265,38.0,Female,South,High School,Business,20678.424389284897,11364.250649938273,Personal,707.0855984489563,Good,52.0,0.5834089211334237,2020-09-15,0
C03266,61.0,Male,South,High School,Salaried,88339.49054587027,33007.880526290995,Home,697.5003903208747,Good,41.0,0.3286422216348307,2020-07-10,0
C03267,49.0,Male,East,nan,Unemployed,90321.87829138819,16073.593384159683,Auto,682.39339112301,Good,49.0,0.19939170294741404,2020-12-02,0
C03268,68.0,Male,East,Master,Salaried,57530.26817068501,35865.82594749442,Personal,580.2217715915408,Fair,41.0,0.834103711840541,2017-10-25,1
C03269,63.0,Male,South,Master,Salaried,70117.39647841935,11817.883030396464,Auto,619.5816361282164,Fair,61.0,0.8820777890399457,2023-02-24,0
C03270,66.0,Female,West,Bachelor,Student,91774.99151979049,35076.743346127725,Business,712.4688802340994,Good,37.0,0.5201421831446998,2021-11-01,0
C03271,73.0,Male,East,Master,Unemployed,84594.55101896051,20839.41214033708,Education,559.4847242093789,Good,61.0,0.18036628127542192,2022-08-31,0
C03272,38.0,Female,South,Bachelor,Self-Employed,115117.46523360955,28607.29866710755,Business,571.9418670953092,Good,48.0,0.6152910209533458,2023-01-07,0
C03273,52.0,Male,East,PhD,Self-Employed,71485.31151844392,6994.526713429859,Business,672.9648068574429,Good,31.0,0.4123421891005933,2020-08-16,0
C03274,49.0,Male,nan,High School,Self-Employed,101315.88333691756,6946.42582299318,Auto,590.7850504505673,Good,48.0,0.23418156155027917,2018-08-14,0
C03275,47.0,Female,West,Bachelor,Salaried,67377.99922463983,22580.032430071762,Business,711.7920765275575,Good,50.0,0.8812718811930875,2018-06-14,0
C03276,72.0,Male,North,Bachelor,Salaried,62012.53854615096,9861.276855380342,Personal,593.4336532807591,Fair,56.0,0.30353169424055126,2021-07-08,0
C03277,56.0,Female,South,Bachelor,Self-Employed,81967.1016204383,33289.88385081543,Education,668.328510864736,Good,52.0,0.7044872884692381,2023-01-01,0
C03278,66.0,Male,South,Master,Unemployed,78803.83032933081,23640.04882538854,Auto,674.6053673488049,Fair,57.0,0.4649711804072789,2020-04-21,0
C03279,29.0,Female,South,nan,Salaried,49801.95685203702,13558.231444320558,Home,613.8428991576892,Fair,47.0,0.8037327371950278,2018-02-13,1
C03280,58.0,Male,East,Bachelor,Business,44399.22210186494,10799.595037742358,Business,632.0265027759054,Good,44.0,0.6957096679830236,2016-09-28,0
C03281,64.0,Female,West,Bachelor,Salaried,66869.38946458696,17114.658908155237,Auto,598.9991389970033,Good,32.0,0.20468602517577383,2017-08-03,0
C03282,35.0,Male,East,Bachelor,Self-Employed,17748.23148836683,14321.71238581245,Business,648.6046470760823,Poor,32.0,0.48216997445821386,2022-07-25,0
C03283,38.0,Female,nan,Master,Self-Employed,57311.74053220524,24952.905553873956,Business,577.8734569934055,Good,34.0,0.32082027198446517,2019-12-10,0
C03284,30.0,Male,South,Bachelor,Self-Employed,40441.53697615682,19232.582691872685,Auto,633.2369186377206,Good,35.0,0.7065468007846983,2020-07-19,0
C03285,38.0,Female,West,High School,Salaried,50591.34345665622,31683.7623393722,Personal,706.1368255846412,Poor,48.0,0.5629855027182361,2021-05-23,0
C03286,25.0,Male,West,Bachelor,Salaried,45531.6837685074,26322.20438703602,Home,,Good,56.0,0.3891540351026742,2016-05-01,0
C03287,63.0,Female,South,High School,Self-Employed,84197.72418429035,11330.203681534538,Business,613.469794101658,Fair,63.0,0.3800411249455784,2021-06-03,0
C03288,57.0,Male,East,Master,Salaried,76166.9907012668,15744.44928191644,Personal,688.8696807488711,Good,41.0,0.19731394392649104,2019-05-25,1
C03289,63.0,Male,North,Bachelor,Salaried,66323.81311775108,11354.889748417812,Business,494.17664137395036,Fair,44.0,0.2817485583627373,2023-01-08,0
C03290,24.0,Female,West,Bachelor,Self-Employed,55415.590642648225,11363.844358882503,Business,789.1688027299504,Fair,53.0,0.7064463104566722,2020-12-26,0
C03291,40.0,Male,East,Master,Self-Employed,90867.45856195081,2047.2057731310342,Personal,728.39434355232,Good,45.0,0.6184188084101488,2018-03-18,0
C03292,61.0,Male,South,High School,Salaried,87516.21493783574,29412.496342517967,Business,534.624831482201,Fair,,0.4022565540811561,2022-06-06,0
C03293,49.0,Female,East,High School,Self-Employed,62221.466870121214,32923.20135105257,Home,492.1853150051186,Fair,46.0,0.8106982647800561,2020-08-24,0
C03294,28.0,Female,East,Bachelor,Unemployed,98868.668641296,10124.434029077509,Auto,652.2213190500546,Good,37.0,0.5117509233195593,2021-10-27,0
C03295,39.0,Male,North,High School,Salaried,60261.421309374804,9117.518964638934,Personal,565.9816853073413,Poor,51.0,0.7752690312020252,2018-09-23,0
C03296,39.0,Female,North,Bachelor,Self-Employed,70117.56310594796,25609.277657437175,Education,,Good,42.0,0.7640031283462395,2015-04-15,0
C03297,60.0,Female,South,nan,Salaried,50644.534494827734,11806.249193748132,Business,679.5501621598765,Poor,42.0,0.8207991080521266,2020-05-08,0
C03298,42.0,Male,East,Master,Salaried,55169.74418043694,32740.751564877035,Auto,659.2534262252952,Good,50.0,0.822305951133012,2022-10-14,1
C03299,39.0,Female,West,Master,Salaried,49324.5868820914,12832.555901903163,Home,607.2307711232298,Good,40.0,0.6772032088330443,2022-06-09,0
C03300,45.0,Female,West,PhD,Salaried,82189.79641623003,1000.0,Home,770.0005729842014,Good,41.0,0.7370099693862602,2015-08-27,0
C03301,46.0,nan,East,Bachelor,Business,74405.48742805631,18697.380236910998,Education,706.5089075541264,Good,50.0,0.7603711166405009,2022-11-07,1
C03302,30.0,Male,West,High School,Salaried,38681.53213321883,14076.854618835157,Home,695.2374356765484,Poor,47.0,0.243785490188999,2016-09-13,0
C03303,35.0,Female,South,High School,Self-Employed,79161.22626060879,21472.862840260033,Auto,740.0041973470582,Good,42.0,0.35520810408519854,2015-07-09,0
C03304,19.0,Male,East,Master,Salaried,109823.77640538549,16510.878933703912,Education,573.5854352380348,Good,47.0,0.18860377752571655,2019-05-11,0
C03305,46.0,Male,North,Bachelor,Salaried,48498.09916391521,25765.4171637958,Personal,746.3553401779318,Good,51.0,0.2609656580458079,2021-04-24,0
C03306,38.0,Male,South,High School,Self-Employed,,24231.266451155032,Education,630.1543777728021,Good,,0.7615441644560087,2018-01-10,0
C03307,32.0,nan,East,Bachelor,Business,65201.67204648965,23257.35842130716,Personal,675.1047272451838,Good,32.0,0.905043868794018,2015-07-12,0
C03308,69.0,Female,North,Bachelor,Business,99455.86900007579,21907.71930592533,Home,638.265274274605,Good,54.0,0.6725901467212346,2020-08-07,0
C03309,44.0,Female,East,Bachelor,Business,54042.19308901318,19993.768231001282,Auto,509.1600795219811,Poor,45.0,0.853140550984553,2022-03-04,0
C03310,67.0,Female,West,Master,Salaried,111046.27331538257,6026.867028110048,Business,721.8011195729185,Good,46.0,0.3702801796498544,2020-06-08,0
C03311,48.0,Male,South,Bachelor,Business,38573.53404177188,23892.787315217378,Education,513.1637507819407,Fair,52.0,0.8189262432605268,2016-02-02,0
C03312,32.0,Male,South,PhD,Salaried,69701.21415858551,27319.56277490042,Home,577.5109549990568,Fair,42.0,0.3879680454518615,2017-03-06,1
C03313,68.0,Male,West,Bachelor,Business,22468.498261678513,23489.85033294006,Auto,616.0381527178909,Good,38.0,0.8600417161751679,2020-09-22,1
C03314,40.0,Male,West,Master,Unemployed,41596.326238424626,17984.911026315138,Business,503.47883404930406,Poor,43.0,0.7783389624506695,2023-01-15,0
C03315,41.0,Female,South,PhD,Salaried,59664.97680253806,25903.439118771275,Education,567.4533032897219,Good,68.0,0.9360576076353284,2021-11-20,0
C03316,61.0,Female,South,PhD,Salaried,71754.85303198286,22366.23521814096,Auto,668.3615068088023,Good,51.0,0.8031818046698757,2015-10-17,1
C03317,30.0,Male,East,High School,Self-Employed,96018.2994318419,27101.077460467077,Home,624.0011606348347,Good,37.0,0.438478209811742,2021-12-04,0
C03318,39.0,Male,East,High School,Business,47516.767240783985,19124.224151760933,Education,630.1885344706137,Good,57.0,0.19356781311540197,2018-10-21,1
C03319,60.0,Male,North,Bachelor,Salaried,75516.09778111723,5726.415628880488,Education,581.3745161758558,Good,41.0,0.843132134908451,2015-06-16,1
C03320,54.0,Male,South,Bachelor,Student,31522.32293941456,18212.325798517926,Personal,653.4635992818418,Fair,,0.5855123275033789,2015-09-17,0
C03321,50.0,Female,West,Bachelor,Self-Employed,90246.33735197606,10513.337761566001,Personal,625.6063981102551,Poor,44.0,0.8294203169431515,2017-01-16,0
C03322,73.0,Female,East,PhD,Salaried,97759.557540486,15363.721600242097,Education,526.9275949236225,Fair,56.0,0.42905957738932066,2021-01-12,0
C03323,20.0,Female,nan,High School,Salaried,90938.12105988643,20865.324410801546,Auto,634.9310997821804,Good,41.0,0.12460684844833841,2020-01-05,0
C03324,71.0,Male,West,Bachelor,Business,90901.6107599879,29900.571107877593,Home,556.8566129811395,Fair,51.0,0.1445540992005272,2022-07-15,0
C03325,36.0,Male,West,High School,Salaried,62715.41106675252,26660.064141059327,Business,717.3272833956923,Poor,34.0,0.6699237074892391,2015-06-22,0
C03326,40.0,Male,North,Master,Salaried,71917.80311736146,22088.173566054276,Personal,620.6369948976047,Good,45.0,0.19729318549549826,2017-04-19,0
C03327,46.0,Female,West,nan,Self-Employed,62575.50000263824,32481.244897723198,Home,839.114332304809,Good,51.0,0.7336426963093596,2021-06-22,0
C03328,47.0,Female,North,Bachelor,Self-Employed,63862.28316574349,20473.74434015311,Education,722.5176902391089,Good,45.0,0.45652621671983007,2015-11-12,0
C03329,56.0,Male,East,High School,Self-Employed,46408.422541260086,22023.83501987924,Home,640.2298118534624,Good,50.0,0.5786417299893437,2021-09-13,0
C03330,61.0,Female,South,Master,Salaried,72041.71424606933,16208.63304885419,Home,693.4609124917939,Fair,50.0,0.7810313697015154,2015-04-22,0
C03331,64.0,Male,South,Bachelor,Business,75445.00843599054,9305.648246484327,Home,493.2650608466278,Fair,45.0,0.31511072765765313,2016-07-10,0
C03332,42.0,Female,West,Bachelor,Student,89632.44171744335,25569.230165083674,Education,722.1784555182317,Good,49.0,0.45096716595853326,2019-12-28,0
C03333,54.0,Female,West,Master,Salaried,74802.94788885467,4319.03281861164,Personal,588.4782127131881,Fair,39.0,0.7201237188025136,2016-10-08,1
C03334,64.0,Female,North,nan,Business,87026.98315632477,10687.474589596275,Business,656.7299777783265,Fair,44.0,0.8806635936453875,2018-08-23,0
C03335,25.0,Female,East,Bachelor,Unemployed,46393.132253148295,21775.166202437274,Auto,595.4283115362491,Fair,40.0,0.3467547972707,2018-11-13,0
C03336,59.0,Male,South,Bachelor,Self-Employed,100585.94808610584,11510.091520817865,Personal,603.4011218567479,Good,49.0,0.6293145027369738,2018-05-02,1
C03337,33.0,Male,South,High School,Self-Employed,58968.67203211477,20177.887403559143,Business,636.4150932515431,Good,46.0,0.9085318650305119,2017-03-19,0
C03338,25.0,Male,West,Bachelor,Salaried,15000.0,21473.743692798682,Education,655.7624581254963,Good,64.0,0.6515243606848128,2019-07-11,0
C03339,18.0,Male,South,Bachelor,Self-Employed,55262.74740623407,14397.166338278195,Business,647.981308940803,Fair,46.0,0.8588707379532227,2019-05-23,0
C03340,61.0,Female,West,Bachelor,Self-Employed,79417.00868110666,20551.645184655677,Education,649.8511531896479,Fair,43.0,0.8987703737553214,2022-09-26,0
C03341,22.0,Female,North,High School,Business,67055.10840784264,20417.91368626002,Business,528.0737969388917,Good,55.0,0.8899412290644443,2019-06-23,0
C03342,20.0,Male,East,High School,Student,16449.693836681894,8594.1606705443,Personal,824.9037203198081,Good,39.0,0.7447055216643526,2022-11-20,0
C03343,18.0,Female,East,High School,Salaried,70378.91052228885,25465.614854044274,Education,667.3985246801008,Fair,43.0,0.5692811633574126,2017-09-25,0
C03344,21.0,Male,South,Bachelor,Salaried,68168.2871409475,1000.0,Home,682.8175509227849,Good,39.0,0.18223991220919594,2018-12-21,0
C03345,57.0,Male,South,Bachelor,Salaried,40714.151801939166,38784.30698660835,Education,624.5006666903704,Good,46.0,0.28930021948016493,2023-03-08,1
C03346,52.0,Male,West,Bachelor,Business,79112.86106235177,25340.80410582317,Education,584.4383979081783,Good,59.0,0.3174020575259839,2021-09-23,0
C03347,49.0,Male,West,Bachelor,Salaried,61654.266207987675,30211.60554536392,Business,661.3276798227631,Good,42.0,0.12827063691142027,2018-01-09,0
C03348,59.0,Male,South,Bachelor,Self-Employed,16222.960842659413,26616.997370488625,Education,671.695768298077,Good,47.0,0.18663487122183992,2021-12-28,0
C03349,51.0,Male,East,Master,Salaried,82376.87770152614,19571.960420114377,Business,747.6356658091049,Good,41.0,0.35054319353655106,2018-08-14,0
C03350,60.0,Male,North,Bachelor,Self-Employed,69370.43374786388,12280.565362810474,Personal,805.8213262636098,Fair,40.0,0.1771298009177682,2020-09-08,0
C03351,42.0,nan,North,nan,Salaried,102838.98027480734,19754.27043279468,Education,760.7766802992661,nan,44.0,0.24410475657359887,2017-04-19,0
C03352,27.0,Male,South,Bachelor,Unemployed,43376.350638135074,28361.17153189476,Home,517.5103307435031,Good,49.0,0.14625495776948483,2015-08-09,0
C03353,38.0,Male,North,Bachelor,Self-Employed,59173.933424451665,11773.40493811272,Home,615.4686394392655,Good,34.0,0.4540527521592259,2016-01-06,0
C03354,63.0,Male,West,High School,Unemployed,91649.8358991424,21570.248172347892,Personal,675.1862839965776,Good,52.0,0.7981281979221084,2018-06-27,0
C03355,56.0,Female,East,Bachelor,Self-Employed,42109.47737200908,1898.0784463603304,Home,619.9785760690675,Good,36.0,0.7904072675727354,2019-11-14,0
C03356,44.0,Male,West,Master,Salaried,90768.73540881422,11916.198532682427,Business,646.7129887440698,Fair,51.0,0.8691568651583815,2020-06-24,0
C03357,44.0,Female,East,PhD,Salaried,91420.74022996784,11413.32706551335,Education,489.1147816930114,Good,51.0,0.7337595771989908,2015-01-24,0
C03358,19.0,Female,West,nan,Student,72844.50932902786,36803.499538682416,Auto,718.5659750737478,Good,42.0,0.30777566320262445,2021-07-04,0
C03359,58.0,Female,East,High School,Business,60871.7796458107,6625.596681741983,Education,509.34085708951557,Fair,40.0,0.6970314119874489,2022-10-23,1
C03360,65.0,Female,East,Bachelor,Salaried,,23985.533514915704,Education,532.06328568895,Fair,50.0,0.7407486113565026,2015-09-18,1
C03361,30.0,Male,nan,Bachelor,Business,46972.93208218497,35944.72614737505,Auto,573.8996911781265,Good,51.0,0.561641410224939,2022-08-07,0
C03362,26.0,Male,East,Bachelor,Salaried,72770.76810034743,30054.133002314873,Home,642.68495346734,Good,47.0,0.7859590068450153,2016-05-15,0
C03363,69.0,Male,North,High School,Salaried,15000.0,35214.50157169277,Home,528.2955983615856,Good,33.0,0.16057596619016073,2020-05-28,1
C03364,53.0,Female,East,Master,Salaried,51073.58842771796,36699.51282978696,Education,570.4705824451378,Good,45.0,0.6055634988694334,2016-07-17,0
C03365,39.0,Male,West,PhD,Business,47625.898081964464,20561.81516780741,Home,736.1708781732159,Good,35.0,0.5079093730582165,2023-02-25,0
C03366,59.0,Male,West,Bachelor,Salaried,40298.94344372602,24751.055784198077,Business,641.5729735230932,Fair,41.0,0.7844300427491686,2018-10-22,0
C03367,43.0,Female,East,High School,Salaried,69642.76976039736,21949.263912691276,Business,682.5160234023547,Good,42.0,0.20876650629048993,2018-03-05,0
C03368,71.0,Male,East,High School,Salaried,28255.262684121284,24807.685298317032,Auto,557.2817911812691,Fair,61.0,0.28073038014526697,2017-10-24,0
C03369,29.0,Female,nan,Bachelor,Salaried,95071.80903066794,24217.970405820935,Education,645.9622981582078,Fair,46.0,0.5748881697870813,2019-11-07,0
C03370,34.0,Female,North,Bachelor,Self-Employed,87839.51440535908,37173.94551251721,Business,639.8100045266474,Good,52.0,0.9051245236610087,2020-08-02,1
C03371,31.0,Male,East,PhD,Salaried,98988.70416228639,22917.80221032683,Personal,590.3547146820208,Good,42.0,0.17071991682914198,2021-08-02,0
C03372,31.0,Male,South,Bachelor,Salaried,51819.34723488429,10462.281678372745,Home,646.1692171911606,Fair,51.0,0.7318704704032777,2022-07-22,0
C03373,74.0,Male,East,Bachelor,Unemployed,70194.99456894191,25958.3729404092,Education,508.0906030382812,Good,54.0,0.27458932170849626,2020-10-21,0
C03374,51.0,Female,East,Bachelor,Salaried,85579.27526396373,27308.048278259474,Business,682.8956558252098,Good,52.0,0.18963153787215137,2017-11-30,0
C03375,70.0,Female,North,High School,Salaried,61729.847280861904,11780.45894338402,Auto,620.0380461835143,Good,45.0,0.4355511967670106,2021-12-18,0
C03376,74.0,Female,North,PhD,Self-Employed,50834.87615139541,11371.444784985177,Business,630.7085456132392,Fair,46.0,0.5955949079167797,2021-10-08,0
C03377,37.0,Female,East,Bachelor,Self-Employed,67991.97624664869,29508.43599340236,Personal,713.8824351587588,Good,60.0,0.8029652499962917,2019-11-18,1
C03378,28.0,Female,North,nan,Business,59874.413330715026,14669.637134520377,Business,682.4025108093507,Good,34.0,0.6394880731290077,2015-04-05,0
C03379,33.0,Male,South,Bachelor,Salaried,38232.95977016545,15864.176763432468,Education,626.1245608204166,Poor,35.0,0.5179170714872371,2015-03-01,0
C03380,68.0,Male,West,Master,Unemployed,15000.0,15385.292482294459,Auto,566.2560478165975,Fair,45.0,0.34281726140710833,2018-12-29,0
C03381,48.0,Female,South,High School,Business,41911.01698296255,22451.302135300575,Auto,749.6496053590693,Fair,42.0,0.3486700868318636,2019-01-18,0
C03382,72.0,Male,South,Bachelor,Business,15000.0,31032.32386121549,Personal,549.4908498554236,Fair,39.0,0.7549903065752961,2015-01-25,0
C03383,23.0,Male,West,Master,Salaried,43250.27547859012,26686.3583518759,Education,697.2025176950864,Good,45.0,0.19695072377680384,2022-07-19,1
C03384,73.0,Female,North,Master,Salaried,100476.56280981205,15377.362169381937,Personal,530.1954541845226,nan,41.0,0.22450270226590002,2022-11-16,0
C03385,36.0,Male,South,Master,Self-Employed,18787.09450365686,33380.659269790274,Personal,718.8404977358844,Good,49.0,0.7117759221466263,2017-07-02,0
C03386,54.0,Female,East,High School,Unemployed,76222.49465368826,28694.26378169567,Personal,725.7950639662677,Fair,50.0,0.916885724890214,2022-11-26,0
C03387,21.0,Female,West,nan,Self-Employed,95567.2294690668,29924.641950780104,Business,506.5541867608649,Good,47.0,0.20219907283310715,2019-01-01,0
C03388,64.0,Male,West,nan,Salaried,25683.278799792475,29599.278700956456,Home,683.7001289515952,Poor,53.0,0.6180121704319377,2015-12-28,0
C03389,21.0,Female,West,High School,Salaried,109858.23010145896,14854.110189435582,Business,677.4877735812391,Fair,57.0,0.3033101291778599,2018-04-15,0
C03390,37.0,Male,West,PhD,Self-Employed,63088.23445381343,10801.464511083988,Education,702.728697851452,Good,41.0,0.1218941426416395,2017-03-23,0
C03391,27.0,Male,North,High School,Business,98953.81727870839,16615.770418667216,Personal,677.3930206263739,Poor,53.0,0.807427507655014,2019-09-22,1
C03392,41.0,Male,North,Bachelor,Salaried,71771.05278739746,29906.046298638754,Personal,577.8263230407333,Poor,39.0,0.5323139133887824,2017-09-19,0
C03393,71.0,Male,South,Bachelor,Salaried,53483.6715493074,8201.251585617396,Home,633.7075274397597,Good,47.0,0.12030645894025549,2017-12-11,0
C03394,52.0,Female,North,nan,Salaried,,6848.938651780301,Auto,774.8484902325476,Good,46.0,0.8611353067849649,2015-07-03,0
C03395,43.0,Male,East,High School,Self-Employed,37129.93783132134,1862.1917548163074,Personal,566.913989303782,Fair,49.0,0.5553324545332663,2020-12-04,0
C03396,54.0,Male,East,Bachelor,Business,81993.75481107258,7439.089284750835,Business,674.2143468763379,Poor,55.0,0.726507280145184,2015-05-04,0
C03397,55.0,Male,North,Bachelor,Business,103432.08243404876,12109.11324488113,Personal,736.3440405466288,Good,47.0,0.45997908943228916,2019-09-14,1
C03398,38.0,Female,West,Bachelor,Self-Employed,29883.67706799876,21244.95095430636,Education,575.6935393354516,Good,41.0,0.25715078179892786,2019-06-24,0
C03399,71.0,Female,North,Bachelor,Salaried,63508.337554575206,8485.253214984137,Home,543.741001466314,Fair,51.0,0.4957373099246807,2017-09-18,0
C03400,57.0,Male,South,High School,Self-Employed,53850.17355141421,26619.481726630805,Auto,555.0423249761657,Good,57.0,0.34452149788475506,2019-01-06,0
C03401,56.0,Male,East,Master,Student,75445.3912126488,20450.692148531954,Education,679.62285211823,Good,46.0,0.35222512296889286,2017-04-09,0
C03402,38.0,Male,South,nan,Unemployed,67209.20049385677,1000.0,Business,554.404717025623,Good,55.0,0.6472964031099425,2021-02-03,1
C03403,27.0,Male,South,Master,Unemployed,55707.99153321302,19814.764596976966,Education,639.8479969525943,Good,40.0,0.17996770679692387,2016-11-08,0
C03404,55.0,Female,North,Master,Salaried,80977.70813745378,21415.317122520897,Personal,752.8453547227415,Poor,48.0,0.43746235231609687,2017-10-30,0
C03405,63.0,Female,South,Bachelor,Business,47711.739772792054,39165.0320671833,Home,646.1518906693527,Good,42.0,0.5646485850012883,2018-04-01,0
C03406,21.0,Male,West,Bachelor,Unemployed,65281.00584652572,22420.320646062006,Personal,591.6640408879397,Good,41.0,0.7033788515625972,2017-03-02,1
C03407,74.0,Male,West,Bachelor,Self-Employed,84252.66445883382,2307.2991770122353,Home,,Good,50.0,0.6379643732487201,2016-09-01,0
C03408,62.0,Male,South,High School,Salaried,46840.77968198839,22295.93369282579,Business,644.8495359448756,Good,,0.8533095851039701,2022-04-28,0
C03409,37.0,Female,South,PhD,Student,56026.124016269765,21744.087485610875,Education,683.9493229102432,Fair,51.0,0.9435266401499812,2018-09-14,0
C03410,34.0,Male,East,High School,Self-Employed,51049.5206127057,26049.138271835687,Home,771.4358415364139,Good,42.0,0.8968099104125643,2018-10-09,0
C03411,72.0,nan,West,PhD,Salaried,76304.23441395635,46369.46836579339,Education,679.7576644127731,Fair,54.0,0.7495295168787391,2016-12-19,0
C03412,24.0,Female,South,High School,Salaried,73738.94135460474,14634.293141054624,Home,802.5336883824427,Poor,38.0,0.6831129666248604,2015-04-01,0
C03413,21.0,Male,South,Master,Self-Employed,52046.38698214051,13473.762365611386,Personal,684.1476427608156,Good,42.0,0.1301169314920501,2021-07-22,0
C03414,46.0,Female,West,High School,Salaried,73521.81868029473,24690.75991872984,Home,592.4501530468967,nan,45.0,0.5534739907752565,2022-05-10,1
C03415,31.0,Female,East,High School,Salaried,15000.0,38255.63685158096,Home,821.622724567145,Good,54.0,0.6641593659679201,2021-09-29,1
C03416,20.0,Female,North,Master,Business,85881.81019771619,26710.4604659568,Auto,640.6386486991087,Fair,39.0,0.45099904074474606,2015-08-25,0
C03417,41.0,Male,East,High School,Business,87392.53249628082,16573.582980839237,Business,570.8830826081746,Good,58.0,0.42707712090091887,2020-09-04,0
C03418,54.0,Male,North,Master,Business,52340.470501753,29848.596384708697,Personal,824.2796497722451,Good,50.0,0.561147510691237,2020-04-19,0
C03419,33.0,Female,East,Bachelor,Salaried,47367.07835072334,37938.57888415609,Personal,595.016233536464,Fair,37.0,0.8706439306353906,2016-04-27,0
C03420,72.0,Female,East,High School,Self-Employed,63561.91224617382,12312.107179574085,Education,592.0707925973079,Good,55.0,0.32178911375596836,2019-08-17,0
C03421,69.0,Female,West,PhD,Salaried,42248.20609077599,9993.133422312138,Home,608.6397118966694,Good,45.0,0.4391965979120238,2020-03-08,0
C03422,21.0,Female,South,Bachelor,Salaried,46133.62582777516,20558.63134893524,Home,662.3469809991653,Good,44.0,0.6551246356517092,2018-08-28,0
C03423,73.0,Female,South,Master,Salaried,72696.31936059165,23011.486340469517,Home,719.8146048086666,Good,41.0,0.25810617097116206,2021-03-19,0
C03424,41.0,Female,North,Bachelor,Business,85226.53052412363,33840.56377326512,Personal,451.34062897338595,Good,37.0,0.8096680434400056,2019-02-22,0
C03425,51.0,Male,West,Bachelor,Salaried,72946.7891956612,15312.296027072316,Auto,719.4875363983626,Good,46.0,0.6661571238999272,2018-06-09,0
C03426,47.0,Female,North,Bachelor,Salaried,137158.22203043802,24018.789866259653,Education,608.4099048252776,Fair,47.0,0.3994227507589737,2016-10-17,0
C03427,35.0,Female,South,High School,Salaried,96214.68698041259,35568.988099865834,Home,619.03291676299,Good,42.0,0.7138419541010836,2017-09-06,0
C03428,36.0,Female,North,Bachelor,Self-Employed,83384.38887386213,22239.78902153021,Auto,778.6393858190988,Good,49.0,0.3374445567427796,2023-02-21,0
C03429,48.0,Female,West,Bachelor,Unemployed,82479.7094663228,16047.821242666152,Business,,Fair,47.0,0.7582917622246269,2021-07-04,0
C03430,36.0,Male,South,Bachelor,Unemployed,67168.97214573115,25701.970555231892,Personal,683.5776010898826,Fair,47.0,0.16008484509859663,2019-01-02,0
C03431,66.0,Female,South,Bachelor,Salaried,77616.3360133528,16696.3629674539,Business,646.3579913885328,Good,39.0,0.4627391892702304,2020-03-21,0
C03432,63.0,Female,South,Bachelor,Salaried,69939.88455649998,23376.217827466375,Personal,707.2731937911751,Fair,31.0,0.32239302918358825,2018-09-05,0
C03433,36.0,Male,West,High School,Salaried,91270.96363591772,18135.916481109438,Education,771.3507929716159,Good,45.0,0.7941953292447508,2016-10-28,0
C03434,39.0,Male,East,Bachelor,Business,58021.51404719204,18556.612734801885,Business,464.3701037695221,Fair,,0.7398350034928957,2021-04-12,0
C03435,41.0,Male,East,Bachelor,Salaried,56685.52232786023,15971.515176648223,Education,731.3463493052182,Good,33.0,0.8155821734770107,2015-06-16,0
C03436,62.0,Male,West,High School,Salaried,94451.70600703165,14262.93313358568,Education,766.0274797906515,Good,50.0,0.6538285857868791,2015-06-12,0
C03437,29.0,Male,West,High School,Self-Employed,53500.231197708956,29939.840905447993,Education,687.5797435925444,Good,55.0,0.7760240549738584,2022-06-13,0
C03438,47.0,Male,South,High School,Salaried,41376.78256717995,21899.76441274826,Business,599.1978182971363,Fair,46.0,0.47297002886122685,2017-04-25,0
C03439,55.0,Female,nan,nan,Salaried,46296.76324630379,32738.053552809597,Business,563.5795664074867,Good,48.0,0.6763488036866148,2017-10-21,0
C03440,70.0,Female,North,Master,Salaried,83715.42580123611,1000.0,Business,827.1384265184946,nan,41.0,0.12645001866672428,2021-02-03,0
C03441,48.0,Female,South,High School,Salaried,131797.14683733264,14801.931718482356,Home,582.1262235032851,Poor,43.0,0.8486159172585964,2017-05-20,0
C03442,53.0,Female,West,High School,Self-Employed,42807.72517877381,12593.120372715657,Education,763.8231178292189,nan,53.0,0.6820576035225769,2021-04-10,1
C03443,36.0,Male,South,Master,Student,81128.71603492928,17460.52751524307,Home,679.2883493356828,Good,,0.8361819890607246,2016-11-22,0
C03444,65.0,Male,South,Bachelor,Salaried,68844.40450551733,9680.022950703542,Personal,,Fair,47.0,0.7552300374764811,2018-10-03,0
C03445,62.0,Female,South,Master,Salaried,93204.72486524528,3927.2910439369625,Business,,Good,48.0,0.3434201788000739,2015-01-07,0
C03446,53.0,Male,East,PhD,Unemployed,80909.48321355764,26722.54649003094,Auto,529.4314307287334,Good,39.0,0.3319481951552472,2018-04-12,0
C03447,47.0,Female,South,Bachelor,Unemployed,94754.72806033587,14067.948740806063,Personal,650.1628135396957,Good,38.0,0.779692960937493,2018-02-13,0
C03448,72.0,Female,East,High School,Salaried,72303.3924299151,25556.588918570415,Education,538.5164271574688,Good,42.0,0.2570028130481087,2021-04-21,0
C03449,66.0,Female,West,Master,Self-Employed,44130.650339350075,8216.913897847893,Education,850.0,Fair,39.0,0.19406202070416928,2016-04-16,0
C03450,72.0,nan,East,nan,Salaried,47999.630794527926,3639.9142084873893,Home,697.2123668060657,nan,49.0,0.11278587424539543,2019-06-03,0
C03451,50.0,Male,North,Bachelor,Business,70299.51490798355,22412.252668151592,Business,708.3597837015843,Good,49.0,0.3536638390308563,2016-06-19,0
C03452,35.0,Male,West,Bachelor,Student,76677.06853772979,26326.833769689787,Business,708.4077712269541,Good,42.0,0.18437529298381755,2022-04-04,0
C03453,69.0,Female,South,Bachelor,Self-Employed,55394.720760115946,13844.451663022659,Personal,597.9807739532505,Poor,53.0,0.7814335505822502,2022-02-11,0
C03454,66.0,Male,North,Bachelor,Self-Employed,115376.48939581227,9829.27548972073,Personal,640.0977130612208,Good,49.0,0.5118622563344873,2017-08-15,0
C03455,45.0,Female,North,Master,Salaried,88530.54829286624,32492.72614183479,Personal,658.2773473519828,Poor,49.0,0.3146379405218054,2021-02-20,1
C03456,64.0,Male,East,PhD,Self-Employed,15000.0,19427.71773973794,Auto,795.7916347564592,Poor,34.0,0.6117738974630241,2015-07-23,1
C03457,28.0,Female,North,Bachelor,Self-Employed,61927.442601102855,10018.73984907583,Auto,563.2181151063251,Good,43.0,0.15979955699742285,2018-04-07,0
C03458,74.0,Female,North,Master,Self-Employed,39257.063363321344,5029.074013682679,Education,595.35620826839,Fair,41.0,0.7172030635909762,2021-01-13,1
C03459,71.0,Female,South,High School,Salaried,112657.06540317855,13115.817237105337,Education,622.7801670330489,Fair,45.0,0.5261840882002422,2019-10-02,0
C03460,62.0,Male,South,High School,Self-Employed,15000.0,16056.787409162589,Education,599.4765005667019,Fair,49.0,0.10550491384380764,2022-10-03,1
C03461,50.0,Male,East,Bachelor,Self-Employed,75468.54786136845,27628.60484430528,Business,540.5805159111837,Good,46.0,0.3713345799775455,2017-06-23,0
C03462,34.0,Female,West,High School,Salaried,68083.1099407147,19833.06760465414,Education,447.1471609681306,Fair,57.0,0.7376635173809022,2016-05-04,0
C03463,23.0,Male,West,Bachelor,Salaried,85347.67793599173,18645.110586485043,Home,,Good,34.0,0.25989789491104437,2021-12-28,0
C03464,21.0,Female,South,High School,Salaried,73069.02642191145,10846.392381563994,Personal,732.4272449436118,Fair,42.0,0.9175956691911337,2015-01-04,1
C03465,37.0,Female,North,Master,Business,116733.11719515217,33807.85786697017,Business,649.3835824265585,Good,49.0,0.8621347726729646,2022-06-01,1
C03466,65.0,Female,nan,Master,Self-Employed,87948.26167133288,29764.865127788056,Auto,712.6654187190552,Good,42.0,0.761502919476561,2017-06-22,0
C03467,64.0,Female,North,Bachelor,Business,19047.673677018312,28966.994892570667,Personal,606.3114803068728,Fair,42.0,0.16676610472526798,2016-07-11,0
C03468,44.0,Male,West,High School,Salaried,100105.40404187844,19391.46317257994,Education,642.624825480568,Good,42.0,0.4007617029883729,2022-08-03,1
C03469,32.0,Female,North,Bachelor,Unemployed,70078.83326514147,24010.237996660595,Auto,770.9868125719163,Good,36.0,0.3534677433425739,2019-07-29,0
C03470,23.0,Female,West,nan,Business,100147.83468824178,1000.0,Auto,766.4541954243062,Good,37.0,0.21698152064745374,2018-02-07,0
C03471,64.0,Male,South,Bachelor,Salaried,57073.01663102303,22024.468116281223,Auto,720.6479099444206,Good,62.0,0.9496760608238171,2018-05-06,0
C03472,31.0,Female,South,High School,Salaried,38441.757960629635,39228.816947130385,Personal,665.1813340467814,Good,36.0,0.22511798970987304,2016-01-28,0
C03473,28.0,Male,East,High School,Salaried,33715.57424687394,14196.436246786265,Business,688.847707066193,Good,51.0,0.36802841456155,2021-10-15,0
C03474,56.0,Male,East,Bachelor,Student,91534.90108171912,10143.95416472197,Personal,677.7978723984044,Good,43.0,0.8481202346825503,2020-11-17,0
C03475,26.0,Male,South,High School,Salaried,84929.45871020839,18576.195047809,Home,637.4804904759411,Good,40.0,0.22272755667876903,2020-09-30,0
C03476,43.0,Female,East,Master,Salaried,,11385.616832327383,Education,619.6722642919701,Good,32.0,0.4990987761606711,2018-12-07,1
C03477,33.0,Male,East,Master,Salaried,15000.0,10758.685380798664,Business,,Good,39.0,0.9293366110945491,2017-10-23,0
C03478,22.0,Female,North,High School,Business,92491.8702348554,22650.081530323212,Business,552.8279338327899,Good,52.0,0.3101952105208783,2022-04-22,0
C03479,74.0,Female,North,Bachelor,Salaried,15000.0,28244.983893518867,Education,761.5518707936482,Good,43.0,0.6975994844241455,2018-04-14,0
C03480,69.0,Male,South,High School,Salaried,119347.77879213897,22740.55756130115,Home,629.3417894939139,Poor,41.0,0.1680337011194138,2015-04-10,0
C03481,27.0,Male,North,PhD,Salaried,28864.6438255944,8536.929320055573,Auto,551.4459871476738,Good,55.0,0.6107411500610448,2020-03-24,0
C03482,67.0,Female,East,Bachelor,Salaried,65351.920533285775,13307.892798889148,Education,609.0871356727541,Fair,47.0,0.388192103134,2019-04-10,1
C03483,20.0,Male,North,Bachelor,Salaried,70750.41844387395,23210.776479014286,Auto,584.4194084681544,Poor,43.0,0.6946298522231782,2015-07-03,0
C03484,30.0,Female,South,Bachelor,Self-Employed,74121.28052322794,26574.03461978649,Education,606.8244235922112,Good,47.0,0.4679565046199855,2021-08-03,0
C03485,60.0,Male,North,Bachelor,Business,73107.09062056369,17919.82408641302,Personal,605.4534860984626,Good,36.0,0.35414884957146153,2022-01-24,0
C03486,66.0,Male,East,Bachelor,Business,68260.98896638755,11066.867680135801,Home,602.4728921468583,Good,46.0,0.564106702534056,2016-10-16,1
C03487,47.0,Female,North,Bachelor,Business,54148.15302410933,27744.214036054884,Home,626.9032198895123,Good,41.0,0.2187338759826119,2020-06-15,0
C03488,71.0,Male,North,Bachelor,Salaried,59413.81810151578,38124.72289720359,Education,645.1420000954196,Good,41.0,0.7922671750512367,2018-02-28,0
C03489,62.0,Male,North,Bachelor,Business,48704.53212209167,31238.06760805098,Home,707.2894726385725,Fair,46.0,0.7381029831843666,2020-03-27,0
C03490,23.0,Male,nan,High School,Salaried,67896.91856383209,39844.151182373884,Auto,631.6285526009675,Good,43.0,0.5632229458374758,2017-10-30,0
C03491,34.0,Male,North,High School,Salaried,21152.86483103029,13786.137232035953,Home,674.4515604970695,Good,44.0,0.41199105610278564,2021-02-03,0
C03492,62.0,Female,East,Bachelor,Unemployed,72886.53830681035,30313.978019198737,Home,650.5648484036403,Fair,39.0,0.8779422365858955,2016-12-19,0
C03493,68.0,Female,North,Bachelor,Business,62533.20166532295,32883.95493219448,Home,690.543557786972,Fair,45.0,0.6392896399978015,2021-12-31,1
C03494,70.0,Male,North,Bachelor,Self-Employed,86035.8104193181,15128.763692711349,Business,653.5006504741896,Good,36.0,0.3420801125497893,2020-02-15,0
C03495,36.0,Female,East,PhD,Unemployed,57408.39314075073,11743.670607477046,Education,601.4883668512273,Good,48.0,0.7857023173858534,2017-12-03,0
C03496,59.0,Female,South,High School,Student,80055.71087372194,10388.930905742585,Personal,581.1350260519561,Fair,46.0,0.6397667464727635,2019-09-07,0
C03497,52.0,Male,nan,High School,Self-Employed,78800.63091227482,19089.92607112958,Personal,,Good,44.0,0.20796072406481553,2017-08-25,0
C03498,63.0,Male,West,High School,Self-Employed,61523.371287892885,4943.061278312542,Business,745.503386742548,Fair,39.0,0.19709825791742058,2021-05-08,0
C03499,43.0,Female,West,Bachelor,Business,73822.05786965298,36894.62897998741,Business,632.8156529742699,Good,46.0,0.8973892665185911,2022-02-20,0
C03500,68.0,Female,East,Bachelor,Salaried,31433.343418704462,7162.255437430093,Personal,597.4352259628848,Good,40.0,0.3447251839553527,2018-08-07,0
C03501,22.0,Female,South,Master,Salaried,98539.13704952251,24218.232861742494,Auto,630.7871993546323,Good,53.0,0.6639602094232248,2020-06-02,0
C03502,46.0,Female,South,High School,Business,51361.34568516065,1000.0,Personal,607.8954116823134,Poor,41.0,0.13096879210729895,2022-12-03,0
C03503,54.0,Male,West,Bachelor,Salaried,60542.10797747801,40452.5862507221,Personal,599.9764610666065,Fair,39.0,0.5730266462846303,2018-10-02,0
C03504,37.0,Female,East,Master,Salaried,38679.128233638374,32494.372807460706,Education,541.7304063874811,Good,44.0,0.2964593421166929,2021-10-11,1
C03505,66.0,Female,East,PhD,Salaried,45794.70772143408,4062.0460981061915,Personal,631.6693785303584,Good,35.0,0.21868232895341316,2023-03-11,0
C03506,38.0,Female,North,nan,Salaried,106088.45498522527,23050.456863655465,Personal,667.683286538254,Good,37.0,0.757477656789122,2018-11-09,0
C03507,27.0,Male,North,Master,Student,68447.25388945936,17584.458995464192,Home,568.8571882101461,Fair,49.0,0.7881112583986274,2022-09-02,0
C03508,22.0,Male,West,PhD,Self-Employed,57580.38905647041,21550.218671402523,Business,584.124518729911,Good,49.0,0.7079303987865626,2020-03-13,0
C03509,53.0,Male,South,High School,Self-Employed,57441.1187171839,26353.165710718786,Personal,578.895350413384,Fair,42.0,0.10950881837029258,2015-12-16,0
C03510,23.0,Female,South,High School,Student,65049.47045019093,11994.219531471677,Personal,545.9991524715349,Fair,37.0,0.3421728332967914,2021-05-27,0
C03511,43.0,Male,North,High School,Unemployed,83061.44343823916,19463.855845126345,Auto,578.3305922270549,Good,54.0,0.4068170764710226,2016-05-25,0
C03512,21.0,Male,West,Master,Self-Employed,69845.963428871,1904.9277424560714,Personal,635.1607678380531,Fair,48.0,0.6872226902738869,2021-07-26,1
C03513,56.0,Male,North,PhD,Unemployed,70379.87225427237,20831.85352469779,Education,549.3456645466371,Good,67.0,0.7422121294246947,2019-03-28,0
C03514,56.0,Male,West,High School,Salaried,41920.677118424326,1000.0,Auto,639.6843149401373,Good,36.0,0.633676683723726,2022-02-07,0
C03515,67.0,Female,North,Bachelor,Salaried,57655.023117250064,33057.94767735239,Personal,597.2399905654689,Fair,38.0,0.7707250930273183,2015-08-14,0
C03516,52.0,Female,West,Master,Salaried,68913.01169921196,5351.761392288423,Education,580.3263455884779,Good,46.0,0.4632048961465449,2016-11-09,0
C03517,18.0,Female,East,PhD,Self-Employed,64220.22909234905,22943.192490353656,Business,678.290661227985,Fair,48.0,0.5605682413612554,2022-07-26,1
C03518,41.0,Male,North,Bachelor,Self-Employed,54603.13956507728,28286.286211368613,Personal,601.9905796014573,Good,40.0,0.15461264881564377,2021-10-12,0
C03519,74.0,Female,East,nan,Self-Employed,52312.38595089054,38641.501107119875,Business,614.7489600449262,Good,42.0,0.4630887595636112,2017-03-06,1
C03520,53.0,Male,South,Bachelor,Self-Employed,75889.11188509178,37733.46472770756,Personal,747.3505107500163,nan,40.0,0.4677381464717312,2016-12-23,0
C03521,23.0,Male,North,Bachelor,Salaried,76504.92912537795,33939.0252398389,Auto,580.9958274693522,Fair,41.0,0.6197920931330241,2020-04-27,0
C03522,58.0,Male,West,Bachelor,Salaried,89735.31642456925,19839.60538595844,Auto,767.4405910694272,Fair,53.0,0.4212118997765689,2023-02-11,1
C03523,71.0,Male,South,Bachelor,Self-Employed,69894.59555804008,31156.54871666828,Education,623.9156653210505,Good,39.0,0.3026867389937633,2016-04-14,0
C03524,63.0,Male,South,High School,Salaried,15000.0,22759.52208534297,Home,564.7899025346026,Good,41.0,0.30195684587156507,2016-06-06,0
C03525,61.0,Female,North,Master,Self-Employed,123957.27352165346,23611.91952632592,Education,608.4538744203487,Poor,46.0,0.21379196052437344,2017-01-13,0
C03526,74.0,Female,South,Master,Self-Employed,64779.96272738304,13797.825347982953,Personal,655.1581179966778,Good,44.0,0.6958692525806802,2015-01-20,0
C03527,48.0,Female,West,Master,Self-Employed,54749.43395839019,37414.95222697658,Business,744.0877894880534,nan,38.0,0.6291831238969875,2019-11-14,0
C03528,37.0,Male,South,Bachelor,Salaried,63545.9825874229,11971.29973256639,Business,709.911860642246,Good,43.0,0.5923624319493822,2017-03-18,0
C03529,41.0,Male,nan,Bachelor,Self-Employed,55097.649051223125,9295.950072110421,Personal,654.793013737678,Good,49.0,0.5513666848756213,2019-12-04,1
C03530,42.0,Male,West,Bachelor,Business,44532.39741431711,24076.45655558882,Home,744.4966986116843,Good,49.0,0.4124068740365877,2022-12-11,1
C03531,53.0,nan,North,High School,Student,80363.8343060429,2079.417252171206,Home,508.9222214099386,Good,57.0,0.7534093366361206,2018-12-15,0
C03532,38.0,Female,North,Bachelor,Business,61286.342946489065,21175.596944497403,Home,668.7081147544891,Fair,43.0,0.8837205403117258,2019-11-27,0
C03533,47.0,Female,West,High School,Self-Employed,62764.01274098621,36346.31834909587,Personal,673.2454794969201,nan,42.0,0.47399081081866534,2021-09-26,0
C03534,41.0,Male,South,High School,Salaried,15000.0,24150.866578544385,Auto,674.1606850684238,Good,,0.44772531505486035,2020-10-24,0
C03535,61.0,Female,North,Master,Self-Employed,59337.79449927053,20316.192453042688,Auto,529.2386625508468,Good,38.0,0.2383184235217853,2018-10-04,0
C03536,59.0,Male,South,High School,Unemployed,38084.79115642426,11600.09063176461,Personal,573.7315698741145,Fair,43.0,0.6701024845169145,2021-10-03,0
C03537,47.0,Female,East,nan,Salaried,51939.08870105872,4977.268379343948,Auto,,Fair,43.0,0.5743784238711414,2022-02-07,0
C03538,39.0,Female,West,Bachelor,Salaried,70907.00234882625,28635.58245724505,Home,,Good,46.0,0.9397982968021368,2022-04-20,0
C03539,45.0,Female,North,nan,Salaried,49662.21270219898,20279.902958070725,Auto,793.6448371788247,Good,43.0,0.5966746917544643,2019-08-13,0
C03540,24.0,Female,North,High School,Business,53111.46036503193,26245.289100686554,Personal,600.1673561312433,Good,40.0,0.3453192362656558,2019-01-04,0
C03541,52.0,Male,West,Bachelor,Salaried,67414.42954877099,1000.0,Auto,551.7614906021678,Fair,43.0,0.5784995624687338,2018-01-14,0
C03542,72.0,Female,West,Bachelor,Salaried,52337.16509758777,27319.924316095654,Auto,711.1821077318841,Good,36.0,0.9369909478129166,2016-08-17,0
C03543,45.0,Female,East,Master,Unemployed,38617.174256586295,39857.79549373067,Auto,846.0777508475662,Fair,37.0,0.7148349030205272,2022-02-06,0
C03544,31.0,Male,West,Bachelor,Self-Employed,21962.358826511314,33413.05874842286,Auto,733.0205474975888,Good,52.0,0.20929071245445213,2019-01-20,0
C03545,73.0,Male,South,High School,Salaried,73414.39460039478,22966.593265160525,Personal,593.852545700448,Fair,37.0,0.3916882255821543,2015-11-26,1
C03546,27.0,Male,West,Master,Salaried,52087.38514051169,9555.27461621112,Education,850.0,Good,74.0,0.353882216894684,2019-03-25,0
C03547,33.0,Male,South,Bachelor,Salaried,23361.97373199481,21217.96640418871,Auto,701.5099715351686,Good,45.0,0.8283002121393037,2022-11-06,0
C03548,33.0,Male,North,High School,Self-Employed,96141.56356097599,21540.880330055166,Education,590.674008980623,Good,52.0,0.6194884209370263,2019-04-13,0
C03549,71.0,Female,East,Bachelor,Salaried,73450.63743126237,15043.884017727294,Personal,795.0726624753283,Fair,33.0,0.7885866967977657,2015-08-10,0
C03550,48.0,Male,South,Bachelor,Self-Employed,35301.236785606976,15807.46736557073,Business,584.750614145087,Good,33.0,0.249809145418456,2018-12-30,0
C03551,59.0,Male,nan,High School,Business,47384.09510100918,40985.65904559242,Education,603.4183611003542,Poor,33.0,0.8718296692213975,2017-10-20,1
C03552,42.0,Female,South,Bachelor,Self-Employed,91160.29917949217,10342.774093429676,Personal,704.4965616755843,Fair,41.0,0.14956434753126166,2022-01-29,0
C03553,30.0,Female,West,High School,Salaried,,15711.241617362644,Business,648.1321011583059,Good,49.0,0.41861160905263617,2015-05-27,0
C03554,23.0,Female,West,Bachelor,Self-Employed,54540.74309825741,25611.077487342973,Auto,652.7755349003576,Fair,40.0,0.11202668764346715,2018-05-27,1
C03555,61.0,Male,North,Master,Business,83766.87886254874,41809.088193684736,Personal,652.9018626232098,Fair,41.0,0.25663756999092796,2015-03-09,1
C03556,26.0,Female,West,Bachelor,Salaried,60804.577891380875,16989.555045571444,Home,733.5859944402621,Fair,50.0,0.9178919859618165,2021-06-10,1
C03557,62.0,Female,South,Bachelor,Salaried,95741.7581597439,2011.4061123313222,Business,475.67070202162824,Poor,56.0,0.16672103168190436,2015-01-26,0
C03558,53.0,Male,West,High School,Self-Employed,54682.49395750104,1000.0,Home,671.3385414414853,Fair,53.0,0.22359559076586916,2020-01-11,1
C03559,73.0,Male,South,High School,Self-Employed,50740.767129521526,45201.07908822168,Auto,628.2347467189611,Good,38.0,0.886121672308692,2015-11-19,0
C03560,60.0,Female,East,High School,Salaried,65414.79798411069,1000.0,Auto,593.5627975602038,Fair,55.0,0.7036483793486203,2022-04-30,0
C03561,37.0,Female,South,Bachelor,Business,89116.93645910129,20759.77208880852,Education,593.3647686549999,Fair,51.0,0.44591974734542217,2016-05-07,0
C03562,35.0,Female,North,Bachelor,Self-Employed,71237.82873446832,4874.085334679796,Auto,452.2167748085585,Good,50.0,0.15845094478008417,2022-06-02,0
C03563,60.0,Female,North,PhD,Unemployed,67588.62852067253,12112.740489019758,Education,590.1186422299104,Good,44.0,0.7672831152173573,2018-07-01,1
C03564,74.0,Female,South,High School,Salaried,44815.33693159619,13517.445337955323,Business,746.7847043704503,Poor,45.0,0.5188176146543074,2020-09-07,0
C03565,38.0,Female,West,Bachelor,Business,41142.09397127543,1000.0,Home,712.4041158520655,Good,50.0,0.3745643363753932,2020-04-14,0
C03566,21.0,Male,East,Bachelor,Salaried,89144.39342805135,32190.31671831758,Business,635.646367820413,Fair,37.0,0.4066378616538181,2018-02-24,0
C03567,67.0,Male,East,Bachelor,Self-Employed,91771.05882147331,24307.58005142529,Home,544.1558208619508,Good,31.0,0.5294859072783283,2018-04-29,0
C03568,50.0,Male,South,Master,Self-Employed,90964.87789203935,15729.527696681522,Personal,711.6402329194347,Fair,56.0,0.5685478996164411,2017-09-02,0
C03569,44.0,Female,South,High School,Salaried,84776.26388600911,14251.507549269776,Business,748.2386308745314,Good,56.0,0.7953839552398682,2018-06-13,0
C03570,24.0,Female,North,High School,Business,76162.91916778297,30884.92953244101,Personal,727.5646003098249,Fair,48.0,0.7559481637594881,2022-11-12,0
C03571,23.0,Female,West,Bachelor,Salaried,75780.2389208743,20899.86439726926,Home,577.3455833760222,Good,38.0,0.7519998877921773,2020-04-09,1
C03572,32.0,Male,nan,Bachelor,Self-Employed,68339.83108913143,40856.709530243825,Education,585.1340989352984,Fair,70.0,0.7199032883722426,2018-06-02,0
C03573,35.0,Female,South,High School,Salaried,79051.8041795306,15523.765344737116,Business,774.193344413316,Good,34.0,0.7441188778715597,2020-09-25,0
C03574,49.0,Male,North,High School,Business,63957.734191851385,24255.791155789615,Business,559.304671887728,Fair,47.0,0.6759612964156978,2019-03-03,0
C03575,73.0,Male,North,Bachelor,Salaried,78981.77506868723,7685.912171606977,Education,685.8660024136678,Good,37.0,0.8378199523799245,2019-01-19,1
C03576,28.0,Female,East,Bachelor,Business,87938.99526132556,15667.519002619838,Education,516.6697889695104,Good,48.0,0.5738361516901743,2020-02-10,0
C03577,37.0,Female,East,High School,Business,,30375.09052437578,Auto,627.4763474469563,Good,58.0,0.542717620665469,2021-12-03,0
C03578,41.0,nan,West,Bachelor,Business,92407.8478062666,31788.18973182059,Auto,693.8862800550767,nan,45.0,0.6961015818430368,2022-07-14,1
C03579,32.0,Male,South,Bachelor,Salaried,63554.70993208514,38413.13027717352,Home,647.7525532143416,Fair,40.0,0.2411050771178087,2023-03-07,0
C03580,65.0,Female,West,Bachelor,Self-Employed,101454.99647033164,24450.601859327595,Business,689.2934990791331,Good,38.0,0.7604089567597861,2018-12-26,0
C03581,24.0,Male,East,nan,Salaried,96761.65485216172,32357.60881939056,Education,558.0346193259691,Poor,46.0,0.8957324667346954,2022-04-04,1
C03582,38.0,Male,South,High School,Business,39231.20081224324,26238.873312555734,Education,588.4998526628258,Fair,42.0,0.3518209700924997,2016-05-08,0
C03583,59.0,Female,East,nan,Business,65015.871322100385,15869.72834277341,Personal,686.1363783874152,Good,38.0,0.6193882136017052,2018-02-15,0
C03584,43.0,Female,North,Bachelor,Self-Employed,18354.160021816926,4859.179707639092,Auto,702.2666106539282,Fair,48.0,0.1277291365608851,2021-01-29,0
C03585,61.0,Female,South,Master,Business,55348.07547424486,17685.361674810465,Personal,666.4859639797147,Good,55.0,0.7509494332717669,2020-09-02,0
C03586,73.0,Male,West,Bachelor,Salaried,73893.49019057202,8547.08979790064,Education,721.0293306243734,Good,53.0,0.5757179472081333,2018-01-14,0
C03587,31.0,Female,South,Bachelor,Self-Employed,86173.85770838991,30545.940642878195,Business,525.7094046071543,Fair,45.0,0.6726061419394909,2020-05-23,0
C03588,74.0,Male,West,Master,Salaried,66730.90299072188,31113.518669933117,Business,615.0351537239856,Good,43.0,0.22154381195053374,2016-07-24,0
C03589,54.0,Female,East,Master,Student,76068.98950972021,9844.744653745633,Personal,786.7012829919638,Good,42.0,0.788036584556681,2019-11-26,0
C03590,38.0,Male,North,High School,Unemployed,47439.064973936765,31121.456854365446,Auto,746.260162174529,Fair,41.0,0.31754588674208367,2021-04-25,0
C03591,35.0,Male,East,High School,Business,64524.51726027817,8196.952433627715,Home,697.5228623755659,Poor,40.0,0.6820733727994102,2018-01-24,0
C03592,22.0,Female,East,Bachelor,Unemployed,50246.0398553268,34446.2844663049,Business,638.3474769983372,Good,40.0,0.6041705002756795,2016-04-01,0
C03593,20.0,Female,South,PhD,Salaried,72063.961012146,18383.36565481166,Home,727.6111721262477,Good,52.0,0.655722729209112,2021-02-15,0
C03594,40.0,Male,North,Bachelor,Unemployed,99743.19706213009,24587.655211699283,Auto,682.1856139746205,Fair,43.0,0.1427016937852343,2021-07-26,0
C03595,43.0,Male,South,Bachelor,Salaried,63576.58221629847,34493.589716834744,Personal,536.1919726544578,Fair,47.0,0.7305729846965398,2016-02-28,0
C03596,54.0,Female,North,Master,Business,30722.620344097813,25968.93703501604,Auto,724.6821835292097,Poor,39.0,0.7759622692485243,2020-09-29,0
C03597,41.0,Male,North,Master,Business,69906.90643574472,18664.103330996357,Education,585.0467439258325,Good,52.0,0.5035934496795491,2022-07-23,0
C03598,66.0,Male,South,Bachelor,Salaried,82635.89366852146,28746.674972771027,Auto,706.9766187513633,Fair,44.0,0.44753188760152174,2018-05-09,0
C03599,36.0,Male,South,Bachelor,Salaried,42049.33894351071,10325.3887839832,Personal,528.8020408441776,Good,46.0,0.3911629983616135,2017-10-30,0
C03600,68.0,Male,West,nan,Salaried,96046.02887895539,1000.0,Personal,769.9264499075157,Fair,41.0,0.8886996205099297,2017-07-25,0
C03601,42.0,Female,South,Bachelor,Student,50091.51630627121,31460.27714309242,Auto,629.382771589841,Good,47.0,0.7418080161903048,2016-05-06,0
C03602,38.0,Female,West,Master,Salaried,45994.11957992005,6873.50744709792,Personal,566.7997750834118,Poor,43.0,0.6938259181511509,2021-05-04,0
C03603,29.0,Female,East,Bachelor,Self-Employed,20484.49282133956,29218.503704288298,Education,598.3621075196919,Good,41.0,0.8867656309316628,2020-06-17,0
C03604,74.0,nan,East,Bachelor,Business,71719.98564686875,21412.32762470866,Home,624.7363177014721,Fair,40.0,0.3964538460263316,2015-07-31,0
C03605,58.0,Male,South,High School,Salaried,110399.7879869845,19855.027677419774,Auto,649.5672712679548,Good,43.0,0.6356173729440917,2019-03-02,0
C03606,50.0,Male,West,High School,Self-Employed,74168.75104880659,10549.925835519598,Personal,748.8609227254749,Good,39.0,0.6831483059478192,2016-03-23,1
C03607,67.0,Male,East,Master,Self-Employed,46645.42091357854,15497.131528988262,Home,655.2606962358055,Fair,48.0,0.9467934118200881,2016-01-19,0
C03608,70.0,Male,West,Bachelor,Salaried,77830.43368929069,20136.04073320854,Education,487.18124017081095,Good,46.0,0.4631081972460823,2015-09-12,0
C03609,21.0,Male,South,Bachelor,Business,85008.82883925342,21985.730116742467,Auto,557.7696115873316,Good,55.0,0.4401538941488109,2015-12-19,0
C03610,59.0,Female,North,High School,Salaried,94016.6308017104,10969.516232640884,Personal,850.0,Good,36.0,0.17181473566401068,2021-02-17,1
C03611,74.0,Female,East,Bachelor,Salaried,34125.570907447094,27436.22081773763,Home,660.1541596747195,Good,40.0,0.18368461202897887,2015-01-14,0
C03612,24.0,Male,North,Bachelor,Self-Employed,103826.49425105289,28071.74682312596,Education,721.3092585507864,Good,35.0,0.5350292014519004,2017-07-29,1
C03613,39.0,Female,South,Bachelor,Salaried,70336.15189972996,24838.86298648816,Business,626.8740395379621,Good,49.0,0.24550466552205055,2017-05-30,0
C03614,72.0,Female,North,High School,Unemployed,108829.8639627995,15613.198913872207,Personal,574.6541514344854,Fair,45.0,0.161991207418414,2022-07-22,0
C03615,50.0,Female,East,Master,Unemployed,68889.70534662186,28594.644152515255,Education,613.9038333213647,Fair,41.0,0.9201590542799511,2022-12-06,0
C03616,34.0,Female,nan,Master,Self-Employed,79419.07592014238,26210.594103073607,Home,659.6244563043801,Good,51.0,0.9087047882220718,2019-04-30,0
C03617,41.0,Female,South,High School,Salaried,41284.30178040442,1000.0,Auto,615.48227470797,Good,40.0,0.37648525309664427,2018-11-07,0
C03618,51.0,Female,West,Bachelor,Salaried,89621.01662494335,22113.17029425544,Home,793.8850824897323,Fair,39.0,0.7713889958933087,2017-04-26,0
C03619,45.0,Female,East,Bachelor,Salaried,38077.17556509648,39331.564940070806,Auto,603.7810404330031,Good,38.0,0.841666695576295,2023-01-24,0
C03620,60.0,Female,South,Bachelor,Self-Employed,71719.46604958728,29719.25093663561,Education,570.8873292312304,Good,41.0,0.49503500761639196,2017-06-27,1
C03621,58.0,Male,West,Master,Business,54236.50560255897,31534.54640879411,Education,710.6602069776739,Good,50.0,0.2901425398963104,2018-06-21,0
C03622,56.0,Male,West,Bachelor,Salaried,62797.377994370574,12988.777882709175,Home,719.900187788371,Good,43.0,0.21033410321417106,2020-05-02,0
C03623,39.0,Female,West,Bachelor,Salaried,92130.61933919444,21256.412361475195,Home,652.2482841153865,Good,57.0,0.21969901571133804,2018-03-25,0
C03624,66.0,Male,South,Bachelor,Self-Employed,56124.4372484292,18168.639004827557,Auto,604.8392283094454,Fair,41.0,0.7773931815264556,2019-12-05,0
C03625,34.0,Male,East,High School,Salaried,92641.87469743188,19977.64849888533,Personal,507.4505889370238,Good,40.0,0.4267534427723233,2021-10-02,0
C03626,51.0,Female,North,High School,Business,54825.9138149716,14857.006921557404,Home,741.5541141833082,Poor,44.0,0.6894815028829663,2019-04-13,0
C03627,23.0,Male,South,Bachelor,Self-Employed,68272.64975388418,7647.103266091644,Personal,715.1420682441283,Poor,44.0,0.5578894192275404,2017-09-08,0
C03628,63.0,Female,South,High School,Self-Employed,118745.42552006463,20643.34040816123,Personal,617.0083760188178,Fair,36.0,0.435468123359937,2020-11-07,0
C03629,23.0,Female,West,PhD,Salaried,68043.04977350659,12193.623775627406,Personal,654.4679358822295,Good,36.0,0.20524337830662143,2019-10-11,0
C03630,51.0,Female,West,Master,Unemployed,63103.42267516582,25860.237440551362,Education,632.9992113108791,Good,41.0,0.38343163948459735,2019-11-01,0
C03631,18.0,Male,South,Master,Salaried,68498.68478309622,19693.12380615899,Education,772.1547680964754,Good,40.0,0.8141478327257361,2022-01-09,0
C03632,27.0,Male,North,PhD,Unemployed,56743.76194176498,1000.0,Personal,572.156127278433,Good,34.0,0.789688246414769,2021-08-20,0
C03633,38.0,Female,West,Bachelor,Salaried,39966.110559871304,33818.29363042836,Personal,603.495387948506,Poor,39.0,0.12411330317083138,2018-07-14,0
C03634,22.0,Female,North,Master,Unemployed,116478.7048188127,24353.203803530043,Education,596.2455320702016,Good,47.0,0.21923507461885877,2017-11-27,0
C03635,19.0,nan,East,High School,Business,54841.89430077472,15420.367716420373,Auto,,Fair,43.0,0.7425160342232622,2016-03-25,0
C03636,39.0,Male,North,High School,Salaried,26938.058694738902,16636.135435977532,Business,654.2097090272954,Fair,32.0,0.385372961911419,2019-01-10,0
C03637,65.0,Male,South,Master,Business,61114.83976735391,7718.79659925809,Home,665.0051122597112,Fair,49.0,0.6470524069147569,2019-12-23,0
C03638,74.0,Female,nan,High School,Self-Employed,73921.83283294729,19375.82150841627,Personal,583.9544655844126,Good,51.0,0.5782743781449424,2022-10-18,0
C03639,19.0,Male,North,nan,Salaried,59805.109895695205,26811.80133352952,Education,761.3672622807796,Fair,50.0,0.6542572180856525,2017-06-17,0
C03640,27.0,Female,South,Bachelor,Salaried,63781.39754788668,37449.17462774714,Personal,615.9466169584073,nan,49.0,0.1456420682856442,2016-11-03,0
C03641,51.0,Male,South,Master,Self-Employed,60902.42724937074,19113.262163371495,Personal,739.0692462047393,Good,49.0,0.8914513247006927,2015-01-07,0
C03642,33.0,Male,West,High School,Self-Employed,75638.4198174007,20489.732731980228,Personal,850.0,Good,39.0,0.117824117292018,2017-08-01,0
C03643,65.0,Male,West,Bachelor,Business,85474.44644836501,31925.199800399205,Personal,584.4997959639217,Good,43.0,0.10682762158703352,2016-08-23,0
C03644,68.0,Male,North,High School,Business,60188.39991319765,8411.854749125785,Auto,675.6788674903472,Good,55.0,0.29223005203056274,2020-10-28,0
C03645,56.0,Female,North,Master,Self-Employed,129741.15870838863,21456.161387651773,Home,640.129727130806,Good,30.0,0.9444715315161231,2023-02-14,0
C03646,39.0,Female,East,High School,Business,91022.29109778602,12437.465188730026,Home,802.3161166192123,Good,52.0,0.1616525694103174,2015-12-03,0
C03647,29.0,Male,South,Bachelor,Self-Employed,64863.584454671385,21311.62201209187,Education,628.9509554386175,Good,,0.8433251479091071,2015-12-19,1
C03648,41.0,Female,East,High School,Salaried,32039.134220884443,29367.47239440672,Auto,668.6518608138565,Fair,,0.23522570987681002,2020-06-24,0
C03649,64.0,Male,North,High School,Unemployed,67856.81649821709,3478.3284657691765,Auto,667.0151239633495,Good,51.0,0.19273779921166223,2015-12-25,0
C03650,57.0,Female,North,Bachelor,Salaried,85347.14121782173,31111.62474236619,Home,642.4700922539118,Fair,40.0,0.7621248379762301,2019-02-03,1
C03651,55.0,Male,East,High School,Salaried,85538.7543295059,23596.816940793622,Education,706.6605325900134,Good,47.0,0.8196769073706183,2017-02-15,0
C03652,27.0,Female,North,Master,Business,18683.49190069116,21399.087805774638,Auto,657.0047300341283,Fair,36.0,0.7733554551903297,2015-06-25,0
C03653,52.0,Female,West,High School,Salaried,67884.0394033307,33459.99664724023,Education,686.1388803533811,Good,49.0,0.3048745473095868,2018-04-01,0
C03654,68.0,Female,North,Bachelor,Salaried,52985.33260221923,12093.329996803812,Home,666.0202028642723,Fair,44.0,0.8478663171575033,2020-04-27,0
C03655,66.0,Female,North,Bachelor,Salaried,102429.90421912866,6601.925493396575,Personal,604.6596705717021,Good,54.0,0.16110261736161757,2019-10-13,1
C03656,49.0,Female,nan,High School,Self-Employed,68091.98177987795,9755.743724702234,Auto,629.8278455206092,Good,57.0,0.39068084375320056,2022-09-08,1
C03657,24.0,Female,South,Bachelor,Student,15000.0,25327.064043520746,Education,691.656713955722,Poor,54.0,0.4937056568686127,2016-08-12,0
C03658,38.0,Female,East,Master,Self-Employed,74208.17496636612,15050.37091481718,Personal,691.352022642751,Fair,52.0,0.15757498086596933,2018-07-06,0
C03659,37.0,Female,North,High School,Self-Employed,16252.968941435836,11264.647077531641,Home,743.3756786608772,Good,54.0,0.5928667867663238,2020-06-23,0
C03660,43.0,Female,East,High School,Salaried,76252.89602287996,10226.4726616831,Business,789.4433110879002,nan,47.0,0.5754755645057517,2021-10-03,0
C03661,21.0,Male,East,Bachelor,Salaried,129679.95607096917,21747.574608819385,Auto,610.9198342069243,Good,41.0,0.943355188671956,2020-11-03,0
C03662,63.0,Female,South,Bachelor,Salaried,99008.65387626496,19724.608020726875,Auto,660.1155618709729,Good,42.0,0.6284144023697618,2022-11-08,0
C03663,69.0,Male,West,Bachelor,Salaried,71470.69733430052,5812.080047113832,Education,635.4945642836145,Fair,38.0,0.43791382529614664,2015-05-12,1
C03664,39.0,Female,East,Bachelor,Salaried,48513.49053688524,6145.804663987943,Home,,Good,44.0,0.7716571204044336,2019-03-26,0
C03665,32.0,Male,South,Master,Salaried,96854.13201483242,14731.224440404825,Home,692.3416354103316,Good,36.0,0.38472195354755767,2017-01-05,0
C03666,73.0,Female,East,High School,Salaried,80897.25999332339,29180.929192177246,Auto,708.3377873004391,Good,45.0,0.5529383562166563,2020-08-08,0
C03667,57.0,Male,East,Bachelor,Business,58328.98645448408,15741.067578850954,Auto,569.2256580360114,Good,38.0,0.14714916577423764,2020-07-28,0
C03668,38.0,Male,North,Bachelor,Unemployed,,5235.176953037584,Education,621.912549561851,Good,38.0,0.37426590829613804,2020-09-27,0
C03669,32.0,Female,South,Bachelor,Unemployed,42331.52591740909,19133.806418651,Education,614.5932858177993,Good,43.0,0.5488918125408949,2023-03-06,0
C03670,39.0,Female,South,nan,Self-Employed,74367.09878572889,20380.495062189108,Business,536.8681472581123,Poor,32.0,0.6969651096664087,2020-08-03,0
C03671,69.0,Male,South,Bachelor,Salaried,54580.9180694585,5149.44325811144,Personal,647.2717002376157,Good,46.0,0.18417787181489334,2020-02-18,0
C03672,45.0,Male,West,nan,Business,69196.19590194456,7822.080596157823,Education,564.1068742671073,Good,44.0,0.7776087197723293,2018-10-21,0
C03673,31.0,Female,South,Bachelor,Salaried,88194.1972759544,27439.383835236396,Personal,661.9245268441495,Fair,42.0,0.8651351386535747,2018-10-30,1
C03674,44.0,Female,West,High School,Self-Employed,53957.29072972192,7695.722067527899,Auto,670.1841143719843,Good,52.0,0.33888159072693,2022-09-06,0
C03675,58.0,Male,South,High School,Business,81127.49440502079,27860.82724690752,Business,679.4767087478544,Good,55.0,0.7505445936666584,2015-12-24,0
C03676,57.0,Male,South,Bachelor,Business,95558.23013881003,4532.675121130411,Business,683.099163329741,nan,46.0,0.25329621748659015,2021-02-01,1
C03677,45.0,Male,West,Bachelor,Student,74879.51548933389,4905.884028232595,Business,764.8205537448151,Poor,52.0,0.544903490993186,2022-06-10,0
C03678,43.0,Female,East,High School,Business,,20231.465499692233,Home,589.3515394388307,Good,32.0,0.7779900603112633,2017-03-21,0
C03679,66.0,Male,East,Bachelor,Self-Employed,75065.9874454503,12453.618239063122,Auto,593.1138637987073,Poor,41.0,0.42851793274169003,2022-06-11,0
C03680,19.0,Male,North,Bachelor,Salaried,65406.55086722786,14652.149561032205,Home,699.1372922882106,Poor,36.0,0.12235521423299778,2017-03-29,0
C03681,42.0,Male,South,High School,Unemployed,85928.45844295298,21516.552719015803,Home,640.1013856013215,Fair,51.0,0.5589722689320571,2022-05-30,0
C03682,73.0,Male,South,High School,Salaried,105230.35361584998,14358.554911828178,Business,734.3994955293708,Good,58.0,0.8179948919656279,2022-06-03,0
C03683,20.0,Female,nan,Master,Unemployed,86374.78518056827,10518.578229120772,Home,692.1266594274533,Good,42.0,0.1920782707174045,2018-12-28,0
C03684,25.0,Male,South,Bachelor,Salaried,60159.51370764742,24905.03728410612,Auto,793.8583496219646,Good,49.0,0.12519519182113434,2020-01-07,0
C03685,61.0,Male,West,Master,Salaried,60813.432876723906,21807.1115594577,Auto,643.1503662670482,Fair,43.0,0.7876846595868983,2017-05-31,0
C03686,50.0,Male,East,Bachelor,Business,61748.5965890714,20432.55240191732,Home,538.8470321010061,Fair,40.0,0.3270626918706524,2018-12-30,0
C03687,59.0,Male,South,Bachelor,Salaried,88685.68930784613,19818.562696460896,Auto,675.549606498436,Fair,60.0,0.40969214987805136,2015-12-02,1
C03688,69.0,Male,East,High School,Business,51844.00814082408,11980.650762256517,Personal,644.6244381564441,Good,51.0,0.17393472541890992,2022-04-15,0
C03689,52.0,Female,West,Bachelor,Salaried,39390.70340781407,9895.756135763775,Home,690.0865614885928,Good,55.0,0.18212613676079717,2020-05-03,0
C03690,23.0,Female,West,Bachelor,Unemployed,76723.08489719633,16552.69025378648,Business,699.6955390006403,Good,66.0,0.6223618533786056,2022-02-16,0
C03691,56.0,Female,North,Bachelor,Self-Employed,65541.07403355437,12146.440087936804,Business,609.9088613678058,Fair,42.0,0.569395201944519,2020-03-25,0
C03692,69.0,Female,South,High School,Self-Employed,102032.91287646856,19875.239493883524,Auto,574.3245756106134,Good,49.0,0.3485415099521145,2022-01-18,0
C03693,40.0,Female,South,High School,Salaried,15000.0,16083.589095462214,Auto,639.054248749071,Fair,35.0,0.48482692284205864,2019-03-20,0
C03694,42.0,Male,North,Master,Salaried,70202.1216063934,20180.088252140613,Business,471.4106348169158,Fair,41.0,0.42996809969157135,2021-04-02,0
C03695,67.0,Female,East,Bachelor,Business,54906.816683451,19071.054860828186,Personal,656.0500444089663,Good,47.0,0.6907949789580926,2018-05-10,1
C03696,60.0,Female,West,Bachelor,Salaried,85256.97800753277,37652.69669394946,Business,619.4421443647877,Good,44.0,0.8327756710915492,2020-03-10,0
C03697,36.0,Female,South,Bachelor,Salaried,58000.173279804534,6138.035746105506,Home,714.6256283369511,Good,48.0,0.7503370565291141,2019-05-14,0
C03698,22.0,Female,East,Master,Self-Employed,50598.738480984815,18126.52726752122,Business,501.06135998426635,Poor,52.0,0.10374650221797044,2018-04-12,0
C03699,68.0,Male,East,Bachelor,Self-Employed,88397.00182193931,8922.941012229214,Education,650.4758982350478,Good,46.0,0.1846204419530137,2016-06-27,0
C03700,28.0,Female,South,Bachelor,Salaried,96974.66039151634,15169.29096522566,Personal,768.2168213537855,Good,45.0,0.46497026304540057,2018-08-01,0
C03701,73.0,Female,North,PhD,Salaried,62557.98258846957,11829.939925360883,Personal,700.6550995963264,Fair,51.0,0.8240290274989356,2023-02-21,0
C03702,29.0,nan,East,Master,Salaried,63037.51486257653,26389.743917776213,Business,723.5503996765897,Good,43.0,0.3014280598629383,2022-02-14,1
C03703,27.0,Male,West,High School,Unemployed,96764.51513138317,5260.880036718412,Education,675.4800141972461,Good,48.0,0.8471092735662323,2017-02-05,0
C03704,25.0,Male,East,High School,Salaried,93971.05392496812,27808.075600869208,Home,525.3849447574505,Fair,36.0,0.1935116097599619,2020-02-09,0
C03705,41.0,Male,North,Master,Student,90785.6421911037,25296.891081501497,Business,662.4896879826858,Fair,50.0,0.16171605527120309,2019-03-06,1
C03706,45.0,Female,North,Master,Salaried,54931.728027156976,40554.157406451326,Home,680.6367020048003,Good,40.0,0.8764067425737581,2016-11-20,0
C03707,58.0,Male,North,Bachelor,Salaried,48538.283701614055,38030.12443766916,Education,569.133159185692,Good,41.0,0.23768038709718772,2016-08-20,0
C03708,53.0,Male,East,Bachelor,Self-Employed,105916.09312018473,12020.784112961795,Business,640.50846174805,Fair,54.0,0.4942092443872984,2016-05-22,0
C03709,54.0,nan,West,Bachelor,Salaried,80242.76889091778,32368.5930659742,Business,432.41970282170627,Fair,45.0,0.37706348755001795,2017-11-06,0
C03710,38.0,Male,North,Bachelor,Self-Employed,46463.04550634839,16756.394665944124,Home,624.9426368043644,Good,51.0,0.22549096946513655,2015-08-26,0
C03711,25.0,Female,West,Bachelor,Unemployed,62341.05006425507,23044.566615733907,Business,617.2718042887773,Fair,56.0,0.637294362716031,2021-10-28,0
C03712,72.0,Male,East,High School,Salaried,67124.30153985968,37200.912801670274,Education,755.1679516710011,Poor,50.0,0.9191218070117813,2017-07-23,0
C03713,26.0,Female,East,nan,Business,62358.85297995803,12417.842619414198,Business,604.758267302848,Good,40.0,0.6593930298260903,2016-12-21,0
C03714,64.0,Female,nan,Master,Salaried,57693.54936149687,20559.402179970806,Auto,,Good,45.0,0.40064388036073084,2020-03-04,0
C03715,32.0,Female,North,Bachelor,Salaried,95765.04448163544,1000.0,Education,644.0578417042394,Fair,48.0,0.7050274124384298,2022-07-18,0
C03716,65.0,Female,West,Bachelor,Salaried,78210.10336475787,28879.32544798412,Personal,605.7259982052215,Good,33.0,0.22176093214927345,2020-05-14,0
C03717,63.0,Male,North,High School,Unemployed,121332.7984215543,41026.49869051849,Home,703.9843566374119,Fair,49.0,0.5930138640893987,2020-09-04,1
C03718,57.0,Male,South,Bachelor,Salaried,97134.59641310723,25732.563715787153,Education,500.57059896073395,Poor,48.0,0.49903882922426834,2020-11-06,1
C03719,35.0,Male,West,Bachelor,Unemployed,68407.78967905277,33681.15418049712,Personal,735.2432528108097,Fair,52.0,0.4059860357100924,2019-02-16,0
C03720,59.0,Female,West,Bachelor,Self-Employed,100427.67727237742,31419.506102101102,Personal,649.1091411263099,Good,49.0,0.7286322070650111,2015-08-23,0
C03721,37.0,Female,East,Bachelor,Salaried,73820.66494485253,12933.983332788324,Education,747.6235351096569,Fair,43.0,0.2007140736090741,2015-02-08,1
C03722,23.0,Male,East,Bachelor,Self-Employed,125457.29551327431,23242.013953637317,Personal,443.95758934142964,Good,40.0,0.552871904160698,2020-06-17,0
C03723,29.0,Female,East,Master,Business,57126.412237660836,24939.039038334264,Personal,467.28280095416693,Good,45.0,0.8262377275703425,2020-09-22,0
C03724,19.0,Male,West,High School,Business,76326.12292802548,8335.888480048176,Auto,628.1016080310875,Good,42.0,0.27145363234145736,2015-12-26,0
C03725,24.0,Female,North,Bachelor,Self-Employed,49982.39661748269,34446.61901637874,Business,687.9436541000421,Poor,39.0,0.3248600556400655,2017-12-23,0
C03726,33.0,Female,West,Master,Unemployed,55473.43117097456,14953.052267777637,Auto,608.380046299762,Good,53.0,0.6615710238560143,2023-03-02,0
C03727,20.0,Male,South,Bachelor,Salaried,56465.14064382325,17831.772579061846,Business,693.7884372561887,Poor,48.0,0.7566989146361704,2019-09-16,1
C03728,62.0,Female,South,Bachelor,Unemployed,95905.91765271922,17363.557202555876,Personal,723.5982318082222,Good,37.0,0.340835261174507,2019-06-10,0
C03729,20.0,Male,South,Bachelor,Business,70200.79992204435,20374.834304415144,Business,699.9499660266026,Fair,48.0,0.40591330725625163,2017-06-27,0
C03730,44.0,Female,East,nan,Business,15000.0,49296.77686260289,Auto,657.7451378285061,Good,48.0,0.728925610456059,2021-05-20,0
C03731,67.0,Female,West,High School,Business,67341.47193037397,13934.644993370433,Home,657.1702137240542,Good,55.0,0.34252511536647834,2019-06-07,0
C03732,60.0,Male,East,Bachelor,Self-Employed,,4541.410302140219,Home,603.8903685208712,nan,52.0,0.6663103790005124,2022-09-19,0
C03733,57.0,Male,nan,High School,Self-Employed,53983.27066817781,21636.059096177883,Business,645.8469256847167,Good,46.0,0.2350095381849153,2019-11-25,0
C03734,55.0,Male,North,High School,Self-Employed,93765.60024281972,11369.941523894833,Home,573.1826834573955,Good,41.0,0.44961389056515055,2017-03-05,0
C03735,50.0,Female,East,Bachelor,Salaried,31413.538801478804,15913.80094282478,Education,591.1452899479207,Poor,46.0,0.6853756282647469,2021-07-06,0
C03736,45.0,Female,West,High School,Self-Employed,34296.15738921259,26198.340388780936,Home,688.5773149660066,Fair,50.0,0.49091887268666434,2018-08-20,1
C03737,18.0,Male,East,nan,Salaried,23488.216754915644,9124.477295891622,Business,615.2839151351488,Good,42.0,0.11635174610474983,2019-10-25,1
C03738,72.0,Female,East,PhD,Salaried,55314.43499701006,16358.957911115187,Personal,594.6828579373,Fair,42.0,0.44542330353883697,2019-04-14,0
C03739,25.0,Female,East,Bachelor,Salaried,22759.829491543154,22929.72882202167,Auto,683.6923259888745,Fair,40.0,0.345084997256223,2019-10-02,0
C03740,54.0,Male,West,Bachelor,Salaried,24857.070546984556,12216.525903588754,Home,678.4924742697813,Good,34.0,0.18608985540495548,2017-04-22,0
C03741,49.0,Male,West,Bachelor,Salaried,59255.02064868021,19604.301611562034,Business,633.8525310913542,Good,44.0,0.10776730990135347,2017-04-12,0
C03742,65.0,Female,North,Master,Unemployed,72842.7644990353,22924.185474351136,Auto,638.8298426958771,Good,51.0,0.13868809133140245,2015-03-12,0
C03743,60.0,Female,West,Bachelor,Salaried,42221.86192019056,18836.80284134887,Education,681.196091740993,Good,42.0,0.9068605090770797,2020-02-09,0
C03744,54.0,Male,South,High School,Business,74027.6339559108,21569.265012539443,Personal,722.6717837287918,Good,48.0,0.737346326526515,2020-12-24,0
C03745,21.0,Male,South,Master,Salaried,67766.79024076897,23568.336475858603,Auto,665.0814244365321,Good,39.0,0.8987804559761695,2017-12-22,1
C03746,47.0,Male,West,Master,Salaried,78503.8018087744,13267.601018670579,Auto,560.5974567217165,Good,41.0,0.19756631212713438,2016-08-11,0
C03747,23.0,Female,South,Bachelor,Salaried,38983.4640333945,5318.175089130229,Business,633.3929380427412,Good,42.0,0.5849332591085824,2022-10-13,0
C03748,63.0,Male,West,PhD,Salaried,114598.84469036962,9644.366484565751,Education,,Good,43.0,0.17079528029096408,2016-06-13,0
C03749,71.0,Male,South,PhD,Self-Employed,36516.30064578772,8018.300389862556,Home,571.0260420219165,Good,44.0,0.12278543252059732,2023-02-07,0
C03750,36.0,Female,North,Bachelor,Self-Employed,49364.7641316838,32324.539079778187,Education,687.3449574201576,Fair,,0.4963389727742188,2020-04-07,0
C03751,49.0,Female,South,Bachelor,Salaried,77874.36230576067,2639.874239231798,Personal,693.11394345465,Poor,46.0,0.6493920152031748,2019-08-29,1
C03752,26.0,Male,North,nan,Self-Employed,67945.20168469769,26280.98263547443,Home,704.465631627947,Good,51.0,0.1540280067860792,2018-03-17,0
C03753,29.0,Male,West,High School,Unemployed,86172.9723046957,13154.390900232796,Education,575.6815284438433,Good,42.0,0.41030075921794606,2023-03-04,0
C03754,28.0,Female,South,Bachelor,Salaried,57252.149618827,30353.799615201606,Personal,661.808820280938,Fair,44.0,0.17664195133832594,2018-04-24,0
C03755,63.0,Male,South,High School,Salaried,34330.02535150794,15779.33048490807,Auto,649.5293575366904,Poor,49.0,0.40778809561513285,2022-03-20,1
C03756,72.0,Male,North,Master,Self-Employed,26873.48823290335,20309.755265690295,Auto,673.0552320006415,Good,44.0,0.5010263435512005,2020-09-22,0
C03757,33.0,Female,South,Master,Salaried,109490.28934337528,25173.758791795088,Auto,659.7294868623644,Good,34.0,0.38690167752561655,2017-04-12,0
C03758,18.0,Male,West,High School,Student,57425.19065317938,32542.567846801467,Auto,649.0590541312771,Good,38.0,0.589811670655601,2016-10-10,1
C03759,62.0,Female,North,nan,Self-Employed,60815.11797679696,14298.97384736595,Home,640.0457180394089,Fair,49.0,0.5969015479601322,2018-10-17,1
C03760,72.0,Female,East,Master,Self-Employed,110034.78535688238,13835.557244124913,Auto,733.013045751914,nan,43.0,0.3829950328631546,2015-04-23,0
C03761,70.0,Male,West,Master,Salaried,52697.67590919509,25113.679313624812,Home,585.3639494360535,Fair,37.0,0.43115865366609807,2017-01-26,0
C03762,38.0,Male,East,High School,Self-Employed,65606.0443128887,4129.970083018448,Home,637.0121846926213,Good,37.0,0.4749057752254211,2020-06-07,1
C03763,47.0,Female,West,Bachelor,Salaried,39186.27411739023,2824.623124991125,Education,731.102800010447,Fair,48.0,0.4193053105897081,2017-10-29,0
C03764,30.0,Female,North,Bachelor,Unemployed,32192.263200260735,23669.695233232702,Auto,589.1708056976444,Good,44.0,0.7465505114740089,2020-06-15,0
C03765,51.0,Female,South,Bachelor,Self-Employed,112244.4222003328,26692.17486933525,Business,592.9934054192009,Fair,39.0,0.21895537841322327,2018-09-10,0
C03766,21.0,Female,West,Bachelor,Salaried,112590.8567641699,23338.204044132755,Auto,705.0455708338857,Good,39.0,0.8284801154792775,2018-02-15,0
C03767,45.0,Male,East,Master,Self-Employed,90526.1426698188,19023.2906251993,Business,543.2064619514719,Good,43.0,0.3815633648057337,2021-08-30,0
C03768,55.0,Female,East,Bachelor,Salaried,89687.82626211154,14615.524047532737,Auto,699.547334226987,Good,49.0,0.7153667261038592,2021-03-03,0
C03769,48.0,Male,East,Master,Salaried,83859.21055101046,35875.588917559544,Home,613.2774065564778,Fair,41.0,0.8512094258257676,2019-10-06,0
C03770,72.0,Male,South,High School,Self-Employed,46517.56409098637,37176.878132800426,Auto,680.7500461640317,Fair,53.0,0.854334796420532,2017-11-18,1
C03771,44.0,Male,North,High School,Self-Employed,72268.21872409344,21076.149648857594,Auto,558.444907470828,Good,42.0,0.4845103095123524,2018-05-16,0
C03772,22.0,Male,West,High School,Self-Employed,52405.48877638024,13162.68803953291,Auto,738.8807199918776,Good,51.0,0.31811268421655337,2018-08-20,0
C03773,42.0,Female,East,Bachelor,Salaried,15000.0,9908.911786344774,Auto,558.7071012582843,Good,42.0,0.6148963644435658,2016-08-07,0
C03774,20.0,Male,South,Bachelor,Self-Employed,92981.74184961992,24311.85420035451,Education,704.371276515999,Good,43.0,0.25636855900230504,2017-07-08,1
C03775,50.0,Male,West,Master,Salaried,78866.25146223372,7715.125623489153,Education,561.8403212168012,Good,41.0,0.7720073413309723,2018-10-28,0
C03776,21.0,Male,South,Bachelor,Self-Employed,32069.518125871444,7946.636066801881,Home,785.6225653316798,Good,40.0,0.7046431642774901,2021-09-17,0
C03777,42.0,Female,South,Bachelor,Self-Employed,55992.810284666026,15157.497795617395,Home,644.6463663608653,Good,45.0,0.7762944456584581,2017-05-01,0
C03778,37.0,Female,West,Bachelor,Self-Employed,91304.75969400088,25071.855883761724,Business,,Fair,42.0,0.4682688821529788,2016-05-22,0
C03779,51.0,Male,West,High School,Unemployed,68298.50602312882,34687.311983209016,Home,588.5834384442005,Fair,41.0,0.5738140549132534,2021-04-09,0
C03780,43.0,Male,East,High School,Unemployed,22530.51730381159,22508.008156460528,Education,616.8011977963404,Good,45.0,0.1873176410230913,2021-03-31,1
C03781,22.0,Male,North,Bachelor,Student,34670.30408028401,24966.233119694472,Home,740.8039402799127,Good,49.0,0.684498774959669,2018-11-13,0
C03782,52.0,Female,North,Bachelor,Student,111432.10470319437,29826.502471123822,Business,543.0352983668663,Good,31.0,0.5138128784745556,2021-11-20,1
C03783,45.0,Female,East,Master,Business,66646.506412395,28894.135604139836,Business,597.5550008097543,Good,37.0,0.5328525567158567,2022-07-30,0
C03784,46.0,Female,South,Bachelor,Student,,14480.587335760665,Education,687.1301322266999,Poor,45.0,0.8199433263878843,2016-10-20,0
C03785,26.0,Female,West,Master,Unemployed,110958.46256573059,28711.815285904908,Home,573.591456747775,Fair,45.0,0.7564729431505163,2020-02-11,0
C03786,69.0,Male,West,Bachelor,Business,53528.6097952939,30317.966614850233,Business,689.1363066514283,Good,45.0,0.5549136599750869,2021-09-24,1
C03787,55.0,Female,West,nan,Salaried,73801.28777379569,23107.209233342284,Home,662.7803288766289,Fair,63.0,0.4018403777721816,2021-06-02,0
C03788,67.0,Female,South,High School,Salaried,15834.02668216612,21364.766079120047,Home,536.4765782193361,Fair,43.0,0.4794701257586731,2016-01-15,1
C03789,23.0,Male,West,Bachelor,Business,49823.51287913136,25994.445248268956,Education,722.58265909876,Good,52.0,0.39814912053717555,2016-04-18,0
C03790,36.0,Male,South,Bachelor,Self-Employed,79393.73045791748,24950.05745754151,Education,555.3175180104073,Fair,55.0,0.2288646042013742,2022-09-02,0
C03791,61.0,Female,North,nan,Business,60197.86910392382,1369.9605246915708,Home,707.8459322729702,Good,44.0,0.6489095785948042,2015-01-21,1
C03792,74.0,Female,North,High School,Salaried,76297.00603787208,24288.44548412527,Auto,659.6356548683211,Good,52.0,0.6877877521936271,2019-05-22,0
C03793,28.0,Male,South,Bachelor,Salaried,88246.92739617097,31791.038701339814,Auto,615.8740651470694,Fair,44.0,0.9255285293574229,2020-07-17,1
C03794,19.0,Female,West,Bachelor,Business,,29886.747995748206,Personal,567.0948106279337,Poor,32.0,0.48734880442604855,2018-01-28,0
C03795,64.0,Female,North,Bachelor,Unemployed,73270.56813246595,23771.498386252875,Personal,674.6951994056112,Good,62.0,0.9476985508452348,2022-09-12,0
C03796,61.0,Male,North,High School,Salaried,69771.50769131335,21480.521375853987,Personal,584.5606404891855,Good,46.0,0.2590337976799465,2015-03-24,0
C03797,61.0,Male,nan,High School,Unemployed,,16031.242871664486,Education,740.5965107039433,Poor,42.0,0.6581362080334963,2016-06-16,0
C03798,26.0,Male,North,Bachelor,Business,41907.443612803094,18854.90867531971,Home,743.3337956977549,Good,36.0,0.9455533465232143,2019-10-06,0
C03799,38.0,Female,West,Bachelor,Salaried,98890.3594343491,27273.521095816817,Business,773.1525515739497,Fair,46.0,0.6442762239817895,2016-04-15,1
C03800,41.0,Male,South,High School,Salaried,84810.33838212359,23845.61101416746,Home,671.0673077806481,Good,47.0,0.48451441145356144,2022-06-27,0
C03801,51.0,Male,North,Bachelor,Salaried,45271.4545048769,29037.40936957407,Home,,Good,52.0,0.537964455818929,2019-08-19,0
C03802,39.0,Female,West,High School,Salaried,66602.33007058037,14807.049747350698,Personal,627.7323064497007,Good,49.0,0.8186844677110887,2022-07-13,0
C03803,20.0,Female,North,nan,Self-Employed,30202.681747615905,30836.04799206479,Home,622.2434312898309,Fair,44.0,0.8982439214187511,2022-11-10,0
C03804,29.0,Male,East,Bachelor,Salaried,53052.65414958006,13815.540622787099,Personal,668.600415374683,Good,54.0,0.48583755147584484,2022-10-16,0
C03805,45.0,Male,South,Master,Salaried,78392.57886435631,22027.81868380769,Home,682.7455441691452,Good,46.0,0.7565145240953862,2018-07-15,0
C03806,47.0,Male,North,Bachelor,Business,71505.09473441036,14381.021697944372,Business,742.3673274512673,Good,42.0,0.8936351568770463,2019-11-02,0
C03807,43.0,Female,North,PhD,Self-Employed,67894.35615138854,19015.561919301108,Auto,651.5092561697023,Good,47.0,0.3398024893411016,2021-01-23,0
C03808,65.0,Female,North,Bachelor,Self-Employed,42909.57730813315,40338.00049569428,Auto,544.7579502099832,Good,51.0,0.5191865050983617,2021-05-10,0
C03809,38.0,Male,North,Bachelor,Salaried,37838.74564627774,25093.55930534526,Education,619.4434305153574,Good,42.0,0.9461049217099131,2021-04-15,0
C03810,45.0,Female,West,Bachelor,Business,88749.6354346896,22251.878975684038,Business,766.6888835042392,Good,51.0,0.40045678042940447,2021-08-26,1
C03811,73.0,Female,South,Master,Unemployed,107340.16767591433,34119.620059496614,Home,533.256607214599,Good,43.0,0.6267347624960131,2017-03-02,0
C03812,43.0,Female,South,Bachelor,Self-Employed,78749.00812720074,1000.0,Business,705.4362470301036,Fair,44.0,0.6584768223936102,2016-10-13,0
C03813,50.0,Female,South,High School,Unemployed,60692.48209734907,18411.90875630993,Home,620.7070164812419,Good,45.0,0.2310261629056659,2018-09-23,0
C03814,38.0,Male,West,High School,Business,95625.83404448103,15002.931515139619,Business,583.740176720036,Good,53.0,0.7856244717128107,2022-05-17,0
C03815,52.0,Male,West,Bachelor,Business,43946.057265574505,11424.551608973168,Business,679.6708286834094,Good,43.0,0.45096551786935635,2019-12-05,0
C03816,69.0,Female,East,Bachelor,Business,91326.55599389221,4713.510348053072,Auto,767.0714769217074,Good,50.0,0.5252749015330785,2015-02-26,0
C03817,51.0,Female,West,High School,Salaried,50084.517530094905,17809.130017882773,Business,675.5333132587378,Fair,50.0,0.6464160996426378,2022-01-10,0
C03818,58.0,Female,South,Bachelor,Salaried,51312.01031484051,26935.061974390734,Education,630.3091842469071,Poor,47.0,0.4489119902154738,2018-05-29,1
C03819,68.0,Male,South,Bachelor,Salaried,56680.2103444043,18531.208289047318,Home,552.7963070295223,Good,44.0,0.37632009580000647,2020-10-06,0
C03820,64.0,Female,East,Master,Salaried,62470.16206830957,27989.078487927694,Personal,642.5863129172948,Fair,43.0,0.5644661189624716,2015-11-05,0
C03821,35.0,Female,East,High School,Salaried,87873.45562192259,20714.95342457528,Business,,Fair,27.0,0.39476719405511085,2017-07-09,0
C03822,28.0,Male,South,Bachelor,Unemployed,32391.706277200785,31661.701048321505,Personal,626.7556833934827,Fair,41.0,0.46901026528304424,2015-08-12,0
C03823,74.0,Male,South,Master,Salaried,49889.6772813242,14972.032076611129,Auto,645.2706763706298,Poor,54.0,0.1921463825251688,2022-05-23,0
C03824,40.0,Female,nan,Bachelor,Student,70241.23458680631,1273.28553978325,Personal,472.9593881967144,Good,41.0,0.8180316021584684,2018-02-09,0
C03825,65.0,Female,West,High School,Self-Employed,78945.63143124725,4196.485520644217,Education,,nan,45.0,0.4499511414797145,2019-08-10,0
C03826,39.0,Female,South,Master,Salaried,22378.910491602408,15022.429369823987,Education,557.1108895159671,nan,44.0,0.1703664064074943,2017-03-20,1
C03827,34.0,Female,East,Bachelor,Self-Employed,45239.98793179511,11198.509733466075,Auto,636.0530599121979,Good,42.0,0.7715201882129726,2021-04-13,0
C03828,22.0,Male,South,Bachelor,Salaried,21281.848873561255,14094.990190361375,Education,690.0374934359387,Good,42.0,0.11668151463329068,2018-01-08,0
C03829,61.0,Male,North,nan,Student,47513.5069365237,31386.941078203374,Home,748.1412288634384,Fair,44.0,0.6094442704769775,2016-06-07,0
C03830,28.0,Female,South,PhD,Business,54066.58481536965,4989.02829962965,Education,590.5885245220376,Good,37.0,0.6972641957703721,2019-09-20,0
C03831,47.0,Female,South,Bachelor,Salaried,77568.78076661292,35081.35748772155,Business,461.8111054270329,Fair,36.0,0.2625288463998069,2021-01-08,0
C03832,32.0,Female,North,High School,Unemployed,15000.0,11942.205450416961,Education,730.8997787008465,Good,43.0,0.2115705148271508,2022-10-19,1
C03833,44.0,Female,West,Bachelor,Business,81331.71509271539,7559.899846638869,Home,556.2878835180343,Good,53.0,0.19680057338299023,2016-02-24,1
C03834,52.0,Male,South,High School,Salaried,52266.07659691546,18616.296597984267,Auto,676.9582432687796,Poor,45.0,0.9443304916474592,2015-05-12,0
C03835,50.0,Female,East,High School,Self-Employed,56477.52682529173,34990.176492921564,Education,681.6192275101735,Poor,45.0,0.741823801156859,2016-04-27,0
C03836,37.0,Male,North,Bachelor,Self-Employed,89282.38996980453,12877.069027049656,Home,406.097792549631,Good,52.0,0.3658038998116352,2015-02-25,0
C03837,33.0,Male,North,PhD,Salaried,98622.20255097328,13990.29352573493,Business,528.8872421341671,Fair,50.0,0.3852240242148892,2020-12-05,0
C03838,51.0,Male,West,Master,Business,48622.1105886399,14658.4814261643,Personal,615.4391594962149,Good,45.0,0.6513310414413566,2016-01-05,0
C03839,19.0,Male,East,Bachelor,Salaried,48453.622640907706,31500.31148540006,Personal,456.1904060795574,Good,43.0,0.4890211647676227,2016-12-01,1
C03840,52.0,Male,nan,Bachelor,Self-Employed,56144.44255548412,15538.271598794798,Auto,549.6461542806941,Good,35.0,0.33063912245292115,2016-06-03,0
C03841,57.0,Male,nan,High School,Salaried,48330.50505321722,24462.231525782903,Auto,659.2158920095001,Good,40.0,0.1485321155823357,2016-10-08,0
C03842,73.0,Male,South,High School,Student,29122.746803805392,21205.882601682286,Personal,643.3637260931548,Good,44.0,0.7662755982401109,2018-12-03,0
C03843,45.0,Male,South,High School,Business,64214.45250240144,18900.028911573285,Personal,672.6990822983204,Poor,46.0,0.8549919857708882,2017-08-01,0
C03844,64.0,Female,West,Master,Salaried,48500.531708174676,15013.35516637702,Auto,683.6915734046639,Fair,50.0,0.2750653931684598,2015-02-04,0
C03845,56.0,Male,nan,High School,Salaried,67446.4038429787,39689.81710799165,Personal,523.862782476529,Good,52.0,0.1538943470839713,2022-03-23,0
C03846,23.0,Male,East,Master,Salaried,107717.2884523486,47920.598747843236,Education,553.636380244052,Fair,38.0,0.20083167985493297,2019-08-09,1
C03847,26.0,Female,West,Bachelor,Business,62358.758988376394,11165.383049174294,Home,707.1024642134038,nan,37.0,0.4521204149757797,2015-09-24,1
C03848,37.0,Female,West,High School,Salaried,46107.42491100949,9285.831200384717,Auto,764.3247680752011,Good,49.0,0.35444601014171684,2018-05-30,0
C03849,18.0,Female,South,High School,Business,58194.41539422622,20407.786657850447,Home,577.4443963353341,Good,47.0,0.16243914353351452,2018-12-07,0
C03850,25.0,Male,East,Bachelor,Unemployed,68217.26005790403,1000.0,Business,669.4179195572717,Poor,40.0,0.48663843233049264,2022-03-31,0
C03851,72.0,Female,West,PhD,Self-Employed,60863.40808940047,20482.99193935382,Business,710.5312169985422,Fair,47.0,0.27333106745086255,2021-04-21,1
C03852,40.0,Male,East,Master,Salaried,50929.27126597856,40071.86216985941,Education,667.8166712891964,Poor,52.0,0.15690629244944682,2016-09-01,0
C03853,20.0,Male,North,Bachelor,Salaried,23581.538646387424,14010.98064355582,Business,631.3425270934264,Good,44.0,0.6592389179385757,2016-04-11,0
C03854,21.0,Male,South,Bachelor,Self-Employed,80841.69853121394,30804.66160071235,Auto,601.9512504163256,Poor,39.0,0.5866303485415486,2022-10-02,0
C03855,42.0,Female,North,Bachelor,Self-Employed,,34693.4473848053,Education,798.8951903574156,Fair,51.0,0.8024382131358413,2022-01-09,0
C03856,64.0,Male,North,nan,Self-Employed,101561.90540985437,11384.13352886799,Education,657.2156781145231,Fair,38.0,0.35693927475799714,2015-08-21,0
C03857,55.0,Male,West,Master,Self-Employed,55776.68522564924,21782.854252936086,Auto,679.1706523412956,Good,41.0,0.2154492757776553,2017-11-04,0
C03858,32.0,Male,North,Bachelor,Salaried,52087.02665310991,23540.768037813694,Personal,674.3240060560184,Good,43.0,0.40613664169513963,2021-07-04,0
C03859,38.0,Female,North,Bachelor,Unemployed,53212.71748803204,27288.844307948013,Home,589.068619474939,Good,45.0,0.7619009938246397,2018-04-30,1
C03860,52.0,Female,South,Bachelor,Salaried,68754.7709288798,28017.82782072592,Auto,653.8115767485729,Good,54.0,0.30547845187662104,2022-08-25,0
C03861,74.0,Male,East,Bachelor,Self-Employed,43339.46075294117,31224.997968594314,Personal,625.8317984091424,Good,38.0,0.3167507224381445,2016-07-31,0
C03862,70.0,Female,East,High School,Business,48120.08326715896,12178.759210115812,Personal,624.4889306623337,Fair,42.0,0.22544698141892797,2020-03-17,0
C03863,70.0,Female,North,Bachelor,Salaried,80558.89495522181,21740.227716243513,Business,673.7719355764073,Good,42.0,0.9385372075696966,2021-03-27,0
C03864,63.0,Female,North,PhD,Business,39557.0909876195,34824.136509407195,Education,581.3267770073495,Good,41.0,0.9222133514570964,2021-03-12,0
C03865,69.0,Male,North,Bachelor,Business,78705.69299377533,35904.95740975375,Education,559.6408684397189,Good,54.0,0.6593443176192312,2020-12-28,0
C03866,31.0,Female,East,High School,Self-Employed,85686.60212553338,22250.90329170826,Business,687.7043795304065,Good,41.0,0.28259537164322923,2019-01-31,0
C03867,53.0,Male,South,Master,Salaried,,14683.779054111617,Business,610.1292055528497,Good,44.0,0.751572886899717,2017-12-30,0
C03868,29.0,Female,West,High School,Salaried,70840.63434135396,30352.327547045454,Education,624.1238209792448,Good,37.0,0.5963434151597625,2017-04-04,1
C03869,34.0,Male,South,High School,Salaried,19895.683635132023,25362.18925183184,Auto,505.3402585492504,Fair,46.0,0.7371312177808099,2017-10-20,1
C03870,56.0,Male,North,High School,Salaried,34732.10501056365,25146.363240666902,Auto,722.2312086632476,Fair,46.0,0.8313488063748166,2020-06-23,0
C03871,26.0,Male,East,Bachelor,Student,31115.60289187137,27757.723996009325,Auto,689.3012158936771,Good,43.0,0.37070321218218905,2019-09-11,0
C03872,52.0,Female,South,Bachelor,Self-Employed,55540.56063181872,10492.865593254935,Auto,703.1051588983872,Poor,49.0,0.8766439320530651,2022-08-04,0
C03873,30.0,Male,East,Bachelor,Salaried,65781.0280744487,28471.311535231438,Business,679.0494215298309,Good,57.0,0.8637745802712388,2019-04-13,0
C03874,32.0,Female,South,Master,Unemployed,35222.95420787895,21545.267784516916,Home,536.3032284732302,nan,49.0,0.5650609259797059,2020-12-12,0
C03875,35.0,Male,East,Bachelor,Business,60683.06657426677,31414.978351339618,Home,667.1749223509364,Poor,46.0,0.6818858202100524,2017-05-30,1
C03876,68.0,Female,West,Master,Salaried,82105.11017826665,20204.68180008705,Education,604.3149873241288,Good,39.0,0.44938050550242437,2017-05-13,1
C03877,50.0,Female,West,High School,Salaried,40031.851781408026,25834.159846036833,Home,577.7857171074845,Good,40.0,0.6568373293616486,2021-07-19,0
C03878,23.0,Female,South,Master,Salaried,44538.55816714896,24573.436142184586,Auto,687.5036181084291,Good,44.0,0.5666147015571763,2021-02-24,1
C03879,44.0,Female,South,Bachelor,Student,94523.98747135495,14540.547869355894,Business,774.3881687564509,Good,43.0,0.37439690680268156,2018-04-01,0
C03880,40.0,Female,South,Bachelor,Self-Employed,41817.494626870044,10982.64966949341,Auto,762.0004564217256,Fair,47.0,0.3744127776812619,2018-08-08,0
C03881,44.0,Male,West,Bachelor,Unemployed,73556.8785365144,28066.70157459894,Personal,696.6608763882962,Good,40.0,0.6539161629398911,2015-07-03,0
C03882,51.0,Female,West,Bachelor,Salaried,95981.38323658748,11431.3338026737,Business,647.7328880405603,Good,46.0,0.91313382586889,2017-12-21,0
C03883,73.0,Male,North,High School,Unemployed,35462.64361071955,16639.301407788196,Personal,633.8343259310816,Good,44.0,0.2713160384534985,2017-06-26,0
C03884,63.0,Female,North,Master,Salaried,37332.949379373546,16336.995351073718,Personal,582.1622310167579,Good,48.0,0.43365615496126564,2019-06-27,0
C03885,55.0,Female,South,High School,Student,59212.973260722625,23671.17044422369,Education,629.7700112219993,Good,43.0,0.7848528126057105,2020-02-22,0
C03886,31.0,Male,North,High School,Unemployed,66690.00740581124,26757.47650845586,Personal,718.1392969691108,Good,41.0,0.20455975280363042,2015-05-22,0
C03887,53.0,Male,South,Bachelor,Salaried,48959.87622358462,4434.048446889778,Home,786.7354349018702,Fair,47.0,0.9450417719060893,2018-04-28,0
C03888,70.0,Male,North,Master,Business,114282.06348785668,12748.560695176568,Home,588.7639019776971,Good,40.0,0.6764177889834323,2016-09-21,0
C03889,25.0,Female,East,High School,Business,78465.66457908074,12277.9133703241,Personal,500.37398864962256,Fair,43.0,0.8741803960682342,2016-06-17,0
C03890,52.0,Female,West,PhD,Unemployed,44892.193388777865,17719.682837095985,Education,610.1844502915771,Fair,52.0,0.8123455118625658,2021-12-15,0
C03891,36.0,Female,nan,nan,Salaried,30849.80209574348,1000.0,Personal,717.7965584653351,Good,,0.7605646952144194,2016-09-16,0
C03892,47.0,Female,South,Bachelor,Self-Employed,63424.93622608487,31337.999196954363,Business,805.4207967994303,Good,52.0,0.12796590124612495,2020-09-07,1
C03893,31.0,Female,East,Bachelor,Unemployed,75970.95754836171,20603.97345910972,Business,748.2530904992602,Good,40.0,0.44552169824996524,2021-07-25,0
C03894,37.0,Male,West,Master,Business,111011.36303144749,18657.090680201607,Business,746.3963909283783,Poor,49.0,0.2715830354701898,2022-07-09,1
C03895,66.0,Male,North,Bachelor,Salaried,66895.36919143311,27549.73324470794,Business,586.2829734743945,Good,46.0,0.8406333284749631,2022-12-11,0
C03896,42.0,Female,East,Bachelor,Business,58927.77592934857,25175.33445762506,Personal,588.3957969838243,Good,53.0,0.6782433267786816,2016-06-10,1
C03897,57.0,Female,South,PhD,Salaried,40585.68802964189,25067.396927075555,Auto,550.7142772050345,Fair,39.0,0.19101231504923222,2015-04-21,0
C03898,41.0,Female,North,nan,Business,74259.56595012582,19843.657005441615,Auto,600.0890197905927,Fair,43.0,0.40565808755573973,2019-06-13,1
C03899,31.0,Male,South,PhD,Salaried,90417.29657126227,21047.099512200646,Business,718.5573337558374,Poor,45.0,0.15891194384915383,2021-04-13,0
C03900,43.0,Male,North,High School,Salaried,20315.835623338804,28443.089442920133,Education,771.8365390201194,Good,46.0,0.7289971340617133,2020-10-19,0
C03901,55.0,Male,East,High School,Self-Employed,66867.28210580708,25320.483836433963,Education,675.9137953462147,Good,43.0,0.4555702792874686,2015-04-23,0
C03902,40.0,Male,South,High School,Salaried,39496.26547608159,37282.75832628555,Personal,630.8659279992561,Fair,46.0,0.29921557883684613,2021-11-18,0
C03903,39.0,Male,South,Bachelor,Self-Employed,31061.07633861463,21401.378036100385,Auto,569.9956386744934,Good,36.0,0.5400369992606038,2018-11-20,1
C03904,65.0,Female,North,Bachelor,Self-Employed,107349.61584443861,26506.96090891231,Personal,641.5613632990031,Good,31.0,0.13573776957553235,2017-04-08,0
C03905,74.0,Male,West,Bachelor,Salaried,87182.41056343853,18770.115424622483,Home,665.2344745737915,Fair,49.0,0.31870042129478604,2015-02-16,0
C03906,36.0,Female,South,Bachelor,Salaried,49844.4362853591,23237.10151800451,Business,540.2695945420103,Fair,48.0,0.24900858229253736,2022-10-12,0
C03907,63.0,Male,East,Master,Business,60963.17957454163,23758.039942304276,Home,719.1104696380091,Fair,50.0,0.8910471112997747,2016-08-03,0
C03908,68.0,Female,East,Master,Salaried,57067.8771035279,15561.020126995008,Home,618.2064502768505,Good,53.0,0.4205412951192742,2021-04-09,1
C03909,20.0,Male,South,Master,Self-Employed,36859.322198579204,13535.65357224787,Education,714.60618808259,nan,38.0,0.5968020214411284,2016-03-31,0
C03910,59.0,Male,North,High School,Self-Employed,51479.98270736082,26411.611228876518,Auto,649.1810028461762,Good,49.0,0.5275006582078888,2023-02-27,0
C03911,36.0,Male,East,High School,Unemployed,84599.25815594976,24544.084203537786,Business,672.291251966548,Good,49.0,0.6603241428807914,2021-02-08,0
C03912,26.0,Female,North,Master,Business,50854.813469114655,34675.76819553817,Personal,597.3538092439019,Fair,44.0,0.3372486262360064,2018-09-10,0
C03913,45.0,Female,North,Bachelor,Salaried,76600.71347951704,20045.42379779986,Business,624.1538535638413,Poor,39.0,0.2026626424419649,2018-09-27,0
C03914,37.0,Male,East,Bachelor,Business,51048.51599206833,10055.575786728397,Personal,698.1531592521468,Good,52.0,0.16923386515145317,2020-06-29,0
C03915,62.0,Male,North,High School,Student,35395.05508408505,20115.25576101856,Personal,640.137632394622,Good,43.0,0.26438741961361,2019-05-27,0
C03916,24.0,Female,South,High School,Self-Employed,94860.1580855231,27695.05051294649,Auto,567.1269488227123,Good,60.0,0.5104051200233238,2018-11-27,0
C03917,31.0,Male,South,Bachelor,Student,15000.0,1000.0,Home,658.368054128921,Good,49.0,0.3006232781891334,2022-09-11,0
C03918,26.0,Male,South,Master,Self-Employed,109624.56891702052,19938.27025720018,Personal,678.9256262628801,Fair,44.0,0.46890176690187346,2016-12-03,0
C03919,72.0,Female,East,PhD,Self-Employed,89948.60908598243,26663.828558775578,Auto,752.9666394254023,Good,41.0,0.12490717008004279,2022-05-09,0
C03920,74.0,Female,East,Bachelor,Salaried,69567.82886985042,22347.69367692667,Home,736.4414951494604,Poor,45.0,0.6334184330403662,2018-06-18,0
C03921,36.0,Male,East,Bachelor,Self-Employed,53853.0165943293,16416.61220084684,Home,645.1523340234598,Good,47.0,0.8464373590379304,2016-09-24,0
C03922,64.0,Male,East,Master,Salaried,55801.546826492515,7973.1043079761,Business,608.9498626501816,Good,53.0,0.14045144898377435,2020-02-14,0
C03923,69.0,Female,South,Bachelor,Salaried,70061.57046048134,19880.823148623822,Business,632.8773950478732,Good,39.0,0.2853338014389992,2021-05-31,1
C03924,31.0,Male,South,Bachelor,Salaried,69619.3392071564,7756.997857555212,Business,610.7199869466557,Good,48.0,0.370104847689391,2022-04-14,0
C03925,73.0,Male,South,PhD,Salaried,41020.61426016664,26730.937241992833,Education,687.962091927796,Good,48.0,0.34415448809535454,2021-01-15,0
C03926,55.0,Female,South,Master,Salaried,66694.54892928818,20612.50747154364,Home,728.1248841961738,Good,48.0,0.1343273813127645,2018-11-30,0
C03927,70.0,Female,nan,PhD,Self-Employed,71467.75401395318,34949.79013554116,Education,742.9875769470567,Good,45.0,0.19059170354232446,2015-02-27,1
C03928,53.0,Male,West,High School,Salaried,57483.65171690694,1000.0,Business,619.0845160626751,Fair,36.0,0.8755925206682009,2015-10-02,0
C03929,57.0,nan,North,Bachelor,Student,120979.63912641742,16600.314951408956,Auto,611.5980200439411,Good,44.0,0.7046575315458202,2017-12-13,0
C03930,34.0,Female,North,Master,Salaried,61650.65438371784,27333.75186363283,Business,618.4704181581027,Good,47.0,0.9146723614057807,2017-10-22,0
C03931,47.0,Male,North,High School,Salaried,20916.211204716536,31426.622829157423,Personal,505.09722874353804,Good,46.0,0.4743927908950798,2018-09-20,0
C03932,26.0,nan,North,Master,Salaried,39742.57188537042,27738.725049127297,Auto,559.7890731089811,Good,46.0,0.8471781652777647,2021-12-16,0
C03933,50.0,Male,North,High School,Salaried,82588.19616816257,10469.222117004689,Auto,647.4085245545988,Fair,37.0,0.794058326438119,2015-06-15,0
C03934,73.0,Male,East,Master,Salaried,46939.35005696961,15187.977544427977,Home,678.4453805332977,Fair,48.0,0.8436998971832955,2015-04-27,0
C03935,69.0,Female,West,Bachelor,Self-Employed,40155.23471656136,1000.0,Education,686.8379793411909,Good,51.0,0.13328103682403242,2022-09-23,0
C03936,42.0,Male,East,High School,Business,99884.02679458239,20454.26786961778,Personal,591.4629183597099,Good,44.0,0.6546383082711731,2021-07-18,0
C03937,31.0,Male,North,Bachelor,Salaried,69244.69429749236,31632.813090750227,Auto,613.1667389135484,Good,50.0,0.5816346010762129,2019-05-21,1
C03938,28.0,Male,South,Bachelor,Salaried,49969.53555337648,20070.2587134297,Education,629.7872145020405,Good,43.0,0.5634333943672534,2015-10-16,0
C03939,70.0,Male,East,Bachelor,Salaried,15000.0,25766.88021781559,Education,621.4155575873331,Good,51.0,0.5287263714187274,2015-12-04,1
C03940,52.0,Female,West,Bachelor,Business,80508.46441860253,25500.466343170658,Personal,701.6013290498498,Good,49.0,0.7765800625353149,2018-02-18,1
C03941,58.0,Female,West,Master,Business,65387.06286374533,16831.43586857931,Personal,551.8869417528554,Fair,48.0,0.922848387533784,2017-05-25,0
C03942,31.0,nan,West,Bachelor,Salaried,97518.5501086436,1000.0,Business,563.8028296217793,Good,34.0,0.8045810076720742,2015-11-11,0
C03943,47.0,Male,East,Bachelor,Salaried,37634.87142656057,33408.99601968892,Business,627.6173528264416,Poor,39.0,0.8398360674924736,2016-05-18,1
C03944,58.0,Male,East,High School,Student,55668.90856034758,24320.00230527851,Auto,547.5797222496744,Good,33.0,0.5113172994532698,2018-07-14,0
C03945,21.0,Male,North,PhD,Salaried,72465.48667695645,7492.677115989598,Auto,507.4647290782504,nan,55.0,0.6870178797327372,2015-05-20,0
C03946,21.0,Male,East,High School,Self-Employed,96398.649135958,23708.779034556712,Auto,537.9892130285184,Good,41.0,0.45322968269106756,2021-12-07,0
C03947,45.0,Male,North,Bachelor,Salaried,71461.7390818159,22000.61833066255,Business,631.7964058663425,Good,44.0,0.4062432227235021,2018-02-18,1
C03948,25.0,Female,South,Master,Self-Employed,47313.9979944363,33110.88344152325,Auto,697.2898112244106,Good,57.0,0.8609891888127087,2020-07-29,0
C03949,19.0,Female,East,High School,Student,97444.1589806148,24720.790805763307,Auto,698.852490079462,Good,48.0,0.869429568935408,2015-09-14,0
C03950,58.0,Female,South,Bachelor,Student,57192.92164675363,24756.605614182474,Business,769.0936574404318,Good,44.0,0.6798871634479673,2017-03-05,0
C03951,63.0,Male,North,High School,Business,69500.73216594291,21993.28855694813,Business,657.6248838178145,Good,48.0,0.8121658611623738,2015-09-04,0
C03952,39.0,Female,North,Master,Salaried,83766.80576083448,12302.777691281144,Auto,667.7150384246621,Good,43.0,0.4063091746924329,2016-08-07,0
C03953,58.0,Male,North,Bachelor,Self-Employed,104079.95383142591,26727.451942868687,Auto,631.2194722228742,Good,39.0,0.46869653540889955,2016-03-24,0
C03954,73.0,Male,North,Master,Salaried,74222.13753875453,19745.81715379251,Education,634.8630150697993,Good,45.0,0.7978638482275112,2019-05-04,0
C03955,72.0,Female,North,Master,Student,129682.06426058027,10472.13644766522,Home,,Good,38.0,0.43834273823003334,2022-07-30,0
C03956,33.0,Female,North,Bachelor,Business,62761.29711224125,13409.609787232865,Business,669.6013577941274,Fair,47.0,0.13397247632779896,2023-01-07,0
C03957,46.0,Male,North,Master,Salaried,72339.15334736409,8638.429907533031,Home,676.1205701820592,Good,44.0,0.4003035967770351,2017-08-24,0
C03958,66.0,Male,nan,Bachelor,Salaried,49533.80923515099,30596.81933804517,Business,564.1164272812275,Poor,55.0,0.43849575852476386,2020-05-30,0
C03959,65.0,Male,South,Bachelor,Self-Employed,73064.77335657773,39787.860924163826,Education,680.7816706178801,Good,47.0,0.2314407702886103,2015-06-18,0
C03960,47.0,Female,North,Bachelor,Student,,31551.61698227009,Home,699.3748984492598,Fair,43.0,0.3925056421994083,2022-02-07,0
C03961,29.0,Male,East,PhD,Self-Employed,91142.57229912415,23762.302712479435,Education,733.2732595953399,Good,55.0,0.8942587127501138,2018-08-20,0
C03962,52.0,nan,West,Bachelor,Salaried,76112.852316416,19345.46379720779,Personal,697.2563393676126,Good,43.0,0.8297531383163713,2016-11-12,1
C03963,28.0,Male,East,Bachelor,Salaried,51819.03569209038,17090.649386511857,Home,640.4946328937012,Good,48.0,0.47903536685382897,2021-11-08,0
C03964,63.0,Male,South,Bachelor,Salaried,71410.0818288592,10137.040391304956,Home,637.2932515352593,Poor,56.0,0.7034061344062604,2022-08-31,0
C03965,67.0,Male,East,Bachelor,Unemployed,48190.778382764955,39467.88825991345,Home,644.5939490923323,Poor,39.0,0.22907246761660258,2022-12-05,0
C03966,38.0,Female,East,High School,Student,78737.34759431578,9659.766906758705,Personal,658.0390282670677,Fair,46.0,0.7396682304166599,2018-10-11,0
C03967,38.0,Male,East,Bachelor,Unemployed,51020.89129636765,11505.299857895048,Personal,745.0737830604634,Fair,45.0,0.5044170544697484,2018-10-06,0
C03968,22.0,Female,East,Bachelor,Business,30049.94261906699,18044.985240675065,Education,730.4479661900906,Fair,55.0,0.7141829802262641,2022-04-05,0
C03969,65.0,Female,West,Bachelor,Self-Employed,36747.36114858294,18870.80227825328,Personal,706.4683215294335,Good,50.0,0.6474197667017122,2021-05-27,0
C03970,37.0,Female,West,Bachelor,Self-Employed,35625.058767666604,26020.393299459316,Business,802.1907485352724,Fair,48.0,0.29784991675709477,2021-05-09,0
C03971,54.0,Female,East,Bachelor,Self-Employed,51798.39969330093,13265.713681269131,Auto,450.7821218542381,Good,45.0,0.8094878359637796,2016-11-17,0
C03972,20.0,Female,South,Master,Business,43817.61147340579,1000.0,Home,615.4956069255477,Fair,48.0,0.5863501299892735,2021-05-22,0
C03973,61.0,Female,East,nan,Salaried,64447.36767231535,17685.761642283935,Education,649.1545535664213,Good,44.0,0.766567800636689,2017-01-25,0
C03974,50.0,Female,West,Bachelor,Self-Employed,55200.83950806609,18359.427917904944,Education,599.582789452927,Good,39.0,0.1798883936920262,2020-08-18,0
C03975,70.0,Male,North,High School,Salaried,77904.55905759365,17547.253312345823,Education,580.2686956510706,Good,39.0,0.6230477884181864,2017-03-01,0
C03976,26.0,Male,nan,nan,Salaried,74568.17960389207,17414.247929291796,Education,521.2130269727595,Good,46.0,0.34810141659286287,2018-03-09,0
C03977,26.0,Male,North,Master,Business,56902.55136182726,16493.75989448275,Home,626.6503540936803,Fair,44.0,0.8317610624346751,2021-07-12,0
C03978,21.0,Male,South,Bachelor,Unemployed,96057.97169011922,6756.217808995096,Education,717.0520290381373,Good,42.0,0.9070800712083354,2022-06-26,0
C03979,52.0,Male,West,High School,Self-Employed,,34622.00084046458,Home,708.0452256728205,nan,39.0,0.1474534902681753,2016-11-03,0
C03980,34.0,Female,North,High School,Salaried,90161.09974758212,34056.06024457332,Education,593.5902585319474,Good,39.0,0.7156404619909339,2018-07-25,0
C03981,51.0,Male,South,High School,Unemployed,68903.92077243103,33954.25506200065,Education,666.5183808898765,Fair,54.0,0.1875311438388899,2017-10-30,1
C03982,41.0,Male,North,High School,Business,55140.172445810465,8144.448828617797,Auto,751.8199861412069,Fair,,0.8288812614299076,2018-11-22,0
C03983,49.0,Female,South,PhD,Salaried,93235.54723571456,24038.085256984916,Business,535.9949715991075,Good,46.0,0.20584568235871786,2019-08-02,0
C03984,18.0,Male,North,Bachelor,Self-Employed,78928.81861351957,15771.543016172345,Personal,638.0873014720603,Fair,49.0,0.26575584166684607,2018-11-27,0
C03985,25.0,Male,South,Bachelor,Salaried,38109.793809849914,15227.93977815422,Personal,671.4872218106705,Good,43.0,0.31387713787344207,2018-08-23,1
C03986,62.0,Male,South,Master,Self-Employed,74099.51509624117,10713.558445348252,Personal,650.7511505027593,Good,42.0,0.7186577835755028,2021-05-19,0
C03987,40.0,Male,nan,Master,Unemployed,74074.60999345273,45655.622202043545,Business,713.7975045513045,Good,49.0,0.3486542876495802,2021-12-30,0
C03988,64.0,Male,nan,Master,Salaried,90184.6031989447,17512.606345522465,Home,537.66304777536,Fair,40.0,0.606672130506749,2022-09-07,0
C03989,57.0,Female,North,nan,Salaried,79633.98100166846,10780.060978400525,Personal,574.563600440194,Good,56.0,0.5861512671070545,2017-06-25,1
C03990,29.0,Female,East,Bachelor,Salaried,,21381.7726481206,Personal,701.1531007021997,Good,44.0,0.4419223766975834,2021-01-06,0
C03991,71.0,Male,North,nan,Salaried,53965.48728691512,27631.358416507275,Personal,522.3331954178739,Good,52.0,0.5585661299309211,2019-01-11,0
C03992,29.0,Male,North,Master,Salaried,59757.35695952967,18586.650742016984,Home,710.8825880774957,Good,54.0,0.20046304169747073,2017-07-23,0
C03993,63.0,Male,North,High School,Salaried,58696.52627221858,22442.576674754302,Business,683.7363617173935,Fair,56.0,0.8447481139695474,2020-04-09,0
C03994,64.0,Female,nan,Bachelor,Salaried,25032.521858787244,30018.763842730546,Business,705.643980477902,Good,41.0,0.2760151437600662,2023-02-09,1
C03995,32.0,Male,West,Bachelor,Salaried,97166.37851369618,10454.038243007315,Home,614.8032760430222,Good,37.0,0.8481926293915526,2018-12-09,1
C03996,58.0,Male,North,PhD,Salaried,37020.954142338815,21777.912717711653,Auto,688.2378827535089,Good,45.0,0.5409268235367427,2020-01-28,0
C03997,36.0,Female,North,Bachelor,Salaried,71718.03485929825,13609.797783374413,Education,562.078432238691,Good,55.0,0.6218455301308834,2021-06-22,0
C03998,43.0,Male,North,Bachelor,Self-Employed,56722.692221902056,12256.627105648444,Home,618.912129315026,Fair,37.0,0.3187024739776444,2021-01-30,0
C03999,69.0,Male,East,High School,Self-Employed,59039.031594207714,37519.73390464926,Education,652.725420520815,Good,45.0,0.28898004360038687,2015-09-02,1
C04000,46.0,Male,East,Bachelor,Salaried,81938.56016395765,19106.10638060517,Business,582.5937931582317,Poor,47.0,0.5170975227407276,2015-12-08,0
C04001,39.0,Female,North,High School,Self-Employed,45492.06848068836,9380.768333631553,Education,666.3580151025697,Good,30.0,0.3272554841476366,2015-01-09,0
C04002,57.0,Female,West,Bachelor,Student,76414.49552840716,18884.66676619646,Personal,564.184457840505,Good,46.0,0.4596681771302118,2016-04-23,0
C04003,38.0,Female,South,Master,Unemployed,76653.04048124659,7905.155145103521,Education,670.1488107376258,Fair,60.0,0.4741869535264712,2020-08-31,0
C04004,68.0,Male,West,High School,Salaried,45610.13093776305,17825.612835366457,Education,780.6387728290459,Fair,49.0,0.3302797259365893,2020-01-19,0
C04005,55.0,Female,East,Bachelor,Business,87779.07194699114,13215.161790221337,Business,555.7500771036981,nan,47.0,0.34797048623589827,2015-10-04,0
C04006,37.0,Female,South,High School,Salaried,99185.73935652824,25109.44091225475,Auto,648.3079912793056,Good,41.0,0.9269729989215025,2023-02-26,0
C04007,74.0,Female,West,High School,Salaried,115618.11052040022,39370.767369821566,Education,528.6529206466139,Good,44.0,0.5993369621119038,2022-09-15,0
C04008,46.0,Male,West,Bachelor,Salaried,58449.18632534212,18250.74337710344,Business,587.5284486432187,Poor,40.0,0.8070934270154069,2017-07-13,0
C04009,68.0,Female,South,High School,Salaried,69778.0714937901,13590.86051605806,Personal,702.6461878804585,Good,43.0,0.13888094207975774,2015-02-22,0
C04010,21.0,Male,South,Bachelor,Self-Employed,71304.71645731083,20910.043955427507,Education,617.7028548657399,Good,50.0,0.10163592533135248,2019-05-17,0
C04011,72.0,Male,West,High School,Self-Employed,81644.2765209369,34912.97637591502,Education,705.6807604076348,Good,54.0,0.5412370275073473,2016-11-05,0
C04012,24.0,Female,North,High School,Business,108713.49362781609,25163.31065099468,Personal,676.6912519007568,Good,40.0,0.8027845086015908,2017-05-04,0
C04013,45.0,Male,North,Bachelor,Salaried,77170.69070277755,18589.515538158877,Home,645.1611296495006,Good,40.0,0.6192810115178895,2016-02-28,0
C04014,45.0,Female,South,Bachelor,Salaried,77851.492021823,1000.0,Auto,572.79405539574,nan,38.0,0.6260052333783052,2020-07-20,0
C04015,21.0,Male,West,High School,Salaried,37633.243098646155,19476.74052251304,Personal,701.4116163873153,Good,53.0,0.21845465453356133,2020-06-29,0
C04016,39.0,Female,West,Bachelor,Salaried,116216.09547917372,27765.485469286657,Personal,672.8100296338621,Fair,56.0,0.9317823568610287,2018-01-10,1
C04017,29.0,Female,West,Master,Student,53116.43643652799,29575.221284125582,Personal,535.3969693992983,Good,46.0,0.55024553160951,2016-07-24,1
C04018,62.0,Female,East,Master,Business,15000.0,33108.41780533013,Home,577.660580503751,Good,41.0,0.1872115496973672,2017-05-04,0
C04019,20.0,Male,North,High School,Student,15000.0,13255.062940019463,Personal,442.3228338836476,Good,40.0,0.45206770054451373,2017-02-07,0
C04020,39.0,Male,East,Bachelor,Self-Employed,73126.91857963173,15969.524261963315,Home,547.577989528718,Good,45.0,0.16117550360316366,2019-03-03,0
C04021,61.0,Female,West,Bachelor,Salaried,33172.158450539166,18797.918465917035,Auto,626.4967804234719,Good,45.0,0.45541922615910135,2020-10-06,0
C04022,19.0,Male,North,High School,Salaried,66344.62814708176,27096.271420368572,Home,570.8108269739231,Fair,38.0,0.7048275263781619,2021-02-07,0
C04023,41.0,Female,North,Master,Self-Employed,27631.321934510153,17368.67293322292,Auto,587.6250052959734,Fair,44.0,0.37499724319687955,2019-12-22,0
C04024,51.0,Female,North,PhD,Salaried,72626.03119459249,25248.317447143476,Auto,754.2927618181833,Good,46.0,0.36613692293770883,2017-07-22,0
C04025,44.0,Male,East,Master,Business,79106.88026622581,16156.31325371707,Auto,727.160999302855,Good,38.0,0.5371883496440135,2016-02-13,0
C04026,72.0,Male,West,Master,Self-Employed,69395.91291361186,12941.586904583048,Business,597.8998859179549,Good,45.0,0.5237130550189962,2016-04-30,0
C04027,58.0,Male,East,Master,Salaried,47591.65138260072,31097.28475434536,Auto,709.5153225801887,Good,54.0,0.497071282431647,2015-01-07,0
C04028,18.0,Female,nan,Bachelor,Business,86964.05244183286,23123.60872625053,Home,741.1154639678131,Fair,35.0,0.5393176950189761,2016-03-05,0
C04029,25.0,Male,North,Bachelor,Unemployed,55015.912717068604,27466.430775166576,Business,696.3911368689317,Good,38.0,0.14076527788657212,2018-09-21,0
C04030,40.0,Male,West,Master,Salaried,60291.09433810248,17937.067040101327,Personal,672.4195612281421,Good,38.0,0.5031267116887094,2022-05-01,0
C04031,55.0,Male,West,Bachelor,Self-Employed,52257.58827760285,28041.269734539095,Personal,732.3742308288804,Poor,45.0,0.9432091383157024,2017-10-15,0
C04032,23.0,Female,South,Bachelor,Salaried,58302.09546618155,9373.299091631136,Education,707.7138484968059,Good,38.0,0.7496852316538661,2018-01-23,0
C04033,39.0,Male,nan,Bachelor,Self-Employed,,10965.68905540651,Auto,559.0179302331942,Good,48.0,0.34443380796219136,2019-01-05,0
C04034,42.0,Male,South,Master,Salaried,64876.218163452104,29421.054703690606,Education,635.8300809545775,Good,48.0,0.676056861279369,2020-01-03,0
C04035,35.0,Female,West,High School,Salaried,33259.33095094362,19297.59949021915,Auto,608.594818920534,Good,50.0,0.38041717400141806,2018-12-02,0
C04036,34.0,Female,West,Bachelor,Self-Employed,41018.74507246812,17534.50545069729,Auto,736.4355112945309,nan,48.0,0.26278700413871114,2019-07-07,0
C04037,29.0,Female,West,nan,Salaried,58095.40533097101,10804.65815512204,Home,606.4683461910931,Good,53.0,0.7575189691598746,2020-05-08,0
C04038,23.0,Male,East,Master,Business,45133.99314024314,28044.705829791266,Home,593.5861271517617,Good,36.0,0.27814838827028826,2020-03-24,1
C04039,43.0,Male,North,nan,Unemployed,88741.48396531097,38653.99201692716,Personal,727.001155585373,Good,45.0,0.8298320723074234,2022-06-03,1
C04040,44.0,Female,East,Bachelor,Salaried,29576.463118514977,26076.205485586204,Business,669.4753261948828,Good,51.0,0.42334817336366826,2016-04-02,0
C04041,25.0,Male,South,High School,Business,62023.33040237207,15508.67185734433,Personal,808.3836762973731,Good,50.0,0.7433169063060076,2020-04-27,0
C04042,36.0,Female,West,Master,Self-Employed,90265.91818573573,33867.93640826509,Auto,585.3318857895158,nan,35.0,0.3206570358441181,2020-12-12,0
C04043,59.0,Female,West,High School,Salaried,49247.653161264425,23593.93420467794,Business,611.08730529005,Good,42.0,0.654824929309699,2022-11-30,0
C04044,18.0,Male,West,Bachelor,Self-Employed,75976.46652175933,15670.112436126858,Education,734.1475803070869,Fair,34.0,0.2806520048066081,2023-02-17,0
C04045,74.0,Female,North,Bachelor,Self-Employed,63991.71141005435,32756.822450250438,Auto,554.0674721554234,Good,41.0,0.1185593048795016,2018-04-22,0
C04046,46.0,Female,West,High School,Self-Employed,64211.12500123343,18195.90144811278,Home,748.9769268444416,Good,42.0,0.7924135408563713,2015-11-18,0
C04047,62.0,Male,West,Bachelor,Unemployed,77797.33112154403,5573.171119273442,Personal,559.4408463361572,Fair,43.0,0.8277383091264617,2017-11-22,1
C04048,66.0,Female,West,Bachelor,Self-Employed,18528.45489986083,16823.830866246702,Personal,695.7667672408276,Poor,38.0,0.8484880660845943,2019-03-06,0
C04049,52.0,Male,North,Bachelor,Student,95084.04958895476,25320.82392665639,Education,511.7711730151042,Good,46.0,0.13085287952146643,2016-11-15,0
C04050,57.0,Male,North,Master,Self-Employed,17575.317237524512,12823.418444373767,Personal,653.3847379991234,Good,41.0,0.7467835482859221,2016-12-21,0
C04051,31.0,Male,North,High School,Salaried,93397.8982316497,1276.7067316565954,Personal,547.2852132961378,Good,41.0,0.8104898476143148,2019-12-09,0
C04052,52.0,Female,East,High School,Self-Employed,75850.30540721864,34698.2561892454,Business,794.4706427758615,Good,36.0,0.3649434107731728,2016-12-19,0
C04053,65.0,Female,East,Bachelor,Salaried,76828.5226353982,49939.050679346656,Auto,569.6277115403363,Good,40.0,0.4998836040537037,2021-06-17,1
C04054,62.0,Female,nan,Bachelor,Self-Employed,105364.11901892319,15245.29678980815,Business,587.8357243264369,Fair,36.0,0.4467278771750568,2015-11-19,0
C04055,37.0,Male,South,PhD,Self-Employed,94586.30068055776,13701.746004706678,Business,690.1569467227155,Good,39.0,0.474086988127119,2023-02-13,0
C04056,73.0,Female,South,High School,Self-Employed,85354.37758378912,6529.082402936498,Personal,604.9281778327446,Good,49.0,0.8196985603438254,2020-05-11,0
C04057,66.0,Male,East,Master,Salaried,57636.76741461166,11788.085893081914,Auto,702.4965017764401,Good,52.0,0.455188438789755,2020-02-20,0
C04058,30.0,Female,West,Bachelor,Self-Employed,55982.157011762174,4721.652715402108,Personal,596.6832366000659,Good,40.0,0.3570092326646046,2019-10-29,0
C04059,55.0,Male,West,Bachelor,Salaried,86036.91298666777,6950.2616911476325,Personal,590.9036782548084,Good,55.0,0.21082570987403607,2023-01-02,0
C04060,66.0,Male,West,High School,Self-Employed,76321.18117724547,20022.46107031253,Business,647.9330970439589,Fair,48.0,0.673613418506885,2020-09-21,0
C04061,63.0,Male,South,Bachelor,Business,72529.32357218716,4209.691094439144,Home,558.7302119779894,Good,57.0,0.17157334365145477,2016-01-25,0
C04062,66.0,Female,East,High School,Student,63576.35463404019,5315.733985990742,Home,679.7274773500612,Fair,42.0,0.15200491833131707,2017-06-25,1
C04063,25.0,Male,West,High School,Salaried,54804.825686319906,22070.20509390829,Business,715.7973889902316,Good,71.0,0.6793423940934484,2022-01-20,0
C04064,60.0,Female,South,Bachelor,Self-Employed,30250.021260493537,13825.313270025386,Business,691.4747479994328,Poor,48.0,0.6901456065974594,2021-03-25,0
C04065,37.0,Male,North,Master,Self-Employed,81088.93567557888,23566.734420519282,Personal,698.2460653533691,Fair,50.0,0.2692180395486548,2015-08-11,0
C04066,50.0,Male,North,Master,Unemployed,60457.928474795,16579.944084353414,Auto,505.6358585026,Good,50.0,0.9136069434903585,2019-07-01,0
C04067,43.0,Male,North,Bachelor,Self-Employed,58832.92835887426,18144.415965339533,Personal,615.3764190605707,Good,37.0,0.7696419017829913,2021-12-26,0
C04068,56.0,Female,East,Bachelor,Salaried,19686.021429543238,27801.063150990823,Personal,632.9701125767216,Fair,44.0,0.6834638362563273,2021-02-01,1
C04069,38.0,Female,North,Bachelor,Salaried,67317.53420753898,14513.095902000838,Education,759.08395038467,Good,36.0,0.7411954339438328,2016-02-26,0
C04070,70.0,Male,North,nan,Self-Employed,30915.633198426767,27097.010363359506,Personal,606.401945874503,Good,46.0,0.45010393719137454,2022-12-09,1
C04071,66.0,Male,South,Bachelor,Business,54134.25542794309,15801.522849270124,Auto,477.3699130407378,Good,37.0,0.4872961094330326,2018-08-21,0
C04072,59.0,Male,East,High School,Unemployed,84817.57374135587,11792.581362987868,Personal,574.702286975238,Fair,43.0,0.8396826469831291,2018-01-27,0
C04073,60.0,Female,South,High School,Salaried,66581.92549775328,9259.812150159363,Business,600.4105086959157,Good,57.0,0.12160616405175814,2023-01-02,1
C04074,71.0,Male,East,Bachelor,Student,62365.50638807107,3433.2603524618135,Auto,488.26383995542596,Good,52.0,0.7820579820203382,2020-01-16,0
C04075,58.0,Female,North,Bachelor,Salaried,46834.582501622586,7595.774825357483,Business,722.6526890529406,nan,54.0,0.4804332636492453,2016-06-08,0
C04076,26.0,Female,North,High School,Student,51311.46508887237,2265.0814616138123,Education,532.2814975861206,Good,44.0,0.49437321182632055,2022-12-16,0
C04077,41.0,Male,South,Master,Unemployed,104634.08430446783,10054.90384826322,Education,683.4516161174066,Fair,32.0,0.3768446863924184,2020-12-18,1
C04078,54.0,Female,South,Master,Self-Employed,84493.39694263224,28210.0585993255,Auto,568.0702455727599,Fair,43.0,0.616011231797656,2015-07-31,0
C04079,66.0,Female,South,Bachelor,Business,53447.55827528248,19916.857875320016,Home,763.0238275478808,Good,37.0,0.6743223518643887,2020-02-05,0
C04080,58.0,Female,North,High School,Salaried,62361.76603170189,16121.241616704137,Home,629.2884726666383,Fair,40.0,0.23664059529998496,2020-05-19,0
C04081,34.0,Male,West,Bachelor,Salaried,71183.34032083751,13087.102565909287,Auto,614.0666259060929,Good,56.0,0.5808593455078257,2015-10-29,1
C04082,41.0,Male,East,PhD,Salaried,75952.0820399303,19187.476974999096,Auto,689.6190834992494,Fair,38.0,0.49517508328988435,2022-05-20,0
C04083,38.0,Male,North,Master,Salaried,64392.09863064957,20302.086090780955,Business,574.4524636609443,Fair,44.0,0.7646223685470094,2021-10-29,0
C04084,68.0,Male,North,High School,Self-Employed,20740.536917986865,8849.442859388024,Education,693.1659855420651,Good,41.0,0.5634941986189494,2019-08-24,0
C04085,56.0,Male,nan,High School,Salaried,64213.017957266675,24635.58320829564,Auto,613.874853137263,Good,43.0,0.46513723046133315,2022-01-07,0
C04086,72.0,Male,East,Bachelor,Unemployed,62687.74871217344,16743.669285736178,Personal,605.4048615042454,Fair,50.0,0.5495913996303431,2018-11-21,0
C04087,58.0,Female,South,Bachelor,Salaried,116432.48068215864,22968.14226915065,Business,643.4323467287039,Good,41.0,0.5169823799968437,2019-08-29,0
C04088,56.0,Male,East,Bachelor,Self-Employed,132293.83239677455,19679.864249036502,Education,568.2747173009996,Fair,38.0,0.8949011755787829,2020-01-31,0
C04089,30.0,Male,West,nan,Self-Employed,81054.11712470574,5815.956779223905,Business,635.6831236559999,Good,40.0,0.3651045839939705,2021-11-25,0
C04090,28.0,Male,West,Bachelor,Salaried,48071.802229553155,33008.49539797611,Education,675.4613785341954,Fair,58.0,0.13174661079514272,2020-04-04,0
C04091,63.0,Female,South,High School,Salaried,81975.40190109565,19885.447032783184,Personal,476.84439509616783,Good,48.0,0.6626972410675105,2016-11-02,0
C04092,36.0,Female,South,Master,Salaried,22537.685457794687,16323.025527195025,Education,731.84806471532,Fair,49.0,0.6132666527079106,2015-12-28,1
C04093,28.0,Male,North,High School,Business,51682.967327140745,25825.55960138093,Business,711.1983597595924,Good,42.0,0.873473913150068,2016-06-14,0
C04094,30.0,Male,West,nan,Self-Employed,24340.37813738692,8426.717309338443,Education,510.90671190752215,Good,,0.19985512475905892,2016-05-24,0
C04095,63.0,Female,East,Bachelor,Salaried,78763.82369788406,4257.129693497347,Business,499.2175778233514,Fair,41.0,0.5442487777692756,2016-07-06,0
C04096,62.0,Male,North,PhD,Business,34733.22347789747,25565.87999702725,Auto,713.1429969200896,Good,44.0,0.22815539252616948,2017-04-23,1
C04097,18.0,Male,West,High School,Salaried,57825.25206349797,31465.668363030392,Personal,707.3389181387041,Poor,50.0,0.4873526242577796,2019-04-07,1
C04098,57.0,Male,West,High School,Self-Employed,63896.605595796056,22864.156044608386,Business,696.7276065493545,Fair,43.0,0.7794642288351963,2016-09-01,0
C04099,61.0,Male,nan,Bachelor,Salaried,64276.77399088097,28057.83830224868,Home,542.9807147373261,Poor,44.0,0.8287798308359154,2020-11-04,0
C04100,36.0,Male,West,Bachelor,Business,53178.233449916326,7338.306354932753,Home,787.1481667807612,Good,44.0,0.808781306285195,2016-09-11,0
C04101,29.0,Female,nan,Bachelor,Unemployed,73417.90077420158,16407.25886635932,Education,593.3749349888354,Good,50.0,0.5652941084769428,2015-11-08,0
C04102,25.0,Female,North,nan,Business,33644.0616330651,13419.560762465757,Auto,667.9607405763687,Good,64.0,0.6388661049733928,2021-05-11,0
C04103,25.0,Male,West,Master,Salaried,108481.98606931444,30275.96785948759,Auto,668.8834266379127,Good,54.0,0.5688298570416578,2020-02-01,0
C04104,70.0,Female,West,Bachelor,Salaried,39148.37509647099,24940.673364796567,Home,769.4698364598017,Good,47.0,0.5770504120377371,2021-06-27,0
C04105,62.0,Male,North,High School,Business,65992.44112953964,30311.561801619373,Education,659.3875474957808,Fair,62.0,0.8523782552443155,2015-10-21,0
C04106,29.0,Male,North,Master,Self-Employed,80624.07681983961,13821.262235778837,Auto,681.1881016755898,Fair,45.0,0.2778819606386969,2016-07-04,0
C04107,65.0,Female,nan,Master,Salaried,82067.90202322855,8685.21236124939,Auto,644.2155591909438,Good,48.0,0.4729509983434381,2022-01-14,0
C04108,50.0,Female,South,Bachelor,Business,84384.01255551464,33290.786739890194,Education,560.2550458466227,Fair,,0.6185534226903803,2017-05-30,0
C04109,62.0,Male,West,PhD,Salaried,25180.837650562557,20261.10352955186,Business,476.1004552672265,Good,51.0,0.7505493261910006,2018-01-21,0
C04110,43.0,Male,North,High School,Salaried,42065.200368417994,30648.809812421383,Home,652.4434906095488,Good,42.0,0.7476062649117866,2022-01-24,1
C04111,56.0,Female,North,High School,Unemployed,68396.4462388222,19350.55091622023,Auto,544.0727682113916,Good,46.0,0.19966110201770026,2022-06-09,0
C04112,45.0,Female,South,High School,Self-Employed,77029.1602074655,42038.52097112204,Business,676.2632911485404,Good,44.0,0.2886234705749047,2016-08-27,0
C04113,22.0,Female,North,Master,Salaried,96428.20770652435,31779.964949594807,Business,661.1562565388117,Fair,45.0,0.8747904817387692,2016-07-07,1
C04114,25.0,Male,East,Bachelor,Business,52149.52714522195,18399.445767235986,Business,659.332527203552,Fair,56.0,0.40389139547742847,2022-05-23,0
C04115,42.0,Male,East,Bachelor,Unemployed,42375.15016264668,20205.289017652707,Business,571.0306535403151,Good,42.0,0.10230574563906568,2020-08-11,0
C04116,44.0,Male,North,High School,Salaried,51329.25734722853,20239.875261755296,Personal,727.7408057271025,Fair,49.0,0.2698275081513193,2015-02-09,0
C04117,63.0,Male,North,High School,Self-Employed,121485.80337746542,8639.406112293498,Personal,685.6078322922211,Good,38.0,0.9241192830147903,2015-11-15,0
C04118,40.0,Female,South,High School,Business,102510.70074336606,15180.550803004833,Education,561.3725162701563,Fair,44.0,0.3632862813455001,2016-11-03,0
C04119,47.0,Male,North,Bachelor,Salaried,60762.700729819895,14420.23110580196,Home,805.1410687941698,Fair,43.0,0.6216573665537688,2023-01-03,0
C04120,62.0,Male,West,High School,Self-Employed,97120.09249678117,22325.133563860683,Education,634.1906511811394,Fair,41.0,0.7176524151604526,2023-03-09,0
C04121,64.0,Female,South,High School,Salaried,50687.87983637098,11848.617180300404,Personal,549.9285124505894,Good,44.0,0.649595410833018,2017-02-16,0
C04122,40.0,Female,North,Master,Business,88862.96529816143,18499.28125811709,Education,593.1236011803629,Good,38.0,0.42093125874255066,2016-05-03,0
C04123,66.0,Male,South,Bachelor,Business,30527.032253150835,16338.301884837212,Education,536.8331853825044,Good,44.0,0.46585284805546934,2023-02-02,0
C04124,64.0,Female,North,Master,Salaried,73912.25729458788,20758.295327857875,Business,751.9570188265177,Good,37.0,0.8122875157538928,2015-09-21,0
C04125,37.0,Female,North,High School,Business,90486.74812573718,34681.062680661984,Auto,731.033624512189,Good,46.0,0.6633673617052072,2023-01-11,1
C04126,35.0,Female,North,Bachelor,Business,56834.16495156028,30954.36282679029,Personal,705.4609681052278,Good,50.0,0.11991998228000049,2016-11-16,1
C04127,35.0,Male,West,Bachelor,Salaried,80335.39255620932,6895.0098406754405,Personal,691.3356426389638,Fair,41.0,0.2729389476935388,2018-07-07,1
C04128,19.0,Female,West,High School,Self-Employed,50961.06213065789,19481.614360206233,Education,743.6256620612279,Good,46.0,0.3433532475861041,2021-10-11,0
C04129,21.0,Female,West,High School,Salaried,72588.59117507328,16971.31805428213,Auto,631.8504340683546,Poor,53.0,0.4106636963285746,2016-08-26,0
C04130,47.0,Male,South,Master,Unemployed,52961.39355347377,13534.003724607119,Education,681.6996607609292,Good,55.0,0.5903596648854176,2015-12-04,0
C04131,50.0,Male,South,PhD,Self-Employed,85478.44535175044,41530.21388967867,Home,589.1081352212002,nan,38.0,0.41153400691652864,2021-04-11,1
C04132,53.0,Female,East,High School,Self-Employed,33390.80859612285,14732.321943159182,Personal,638.4913585669145,nan,43.0,0.8012601289314405,2022-01-08,0
C04133,35.0,Male,East,Bachelor,Self-Employed,39619.56402217809,15425.631218015293,Business,683.7557879875542,Good,43.0,0.5027602420114861,2015-03-13,0
C04134,54.0,Female,nan,nan,Self-Employed,97642.72258038312,37543.89360272837,Business,,nan,43.0,0.5268519519944252,2015-05-06,0
C04135,36.0,Male,North,High School,Unemployed,15000.0,29690.360331758242,Business,603.5216918273962,Poor,47.0,0.4632808073746467,2022-01-08,1
C04136,64.0,Male,North,Bachelor,Self-Employed,48974.78641153767,15567.01723839608,Personal,662.3740354830637,Good,43.0,0.36389639783363614,2015-01-23,0
C04137,45.0,Male,East,nan,Unemployed,61447.99369277196,27606.045076590366,Personal,644.186295054397,Poor,43.0,0.7160801011370242,2016-10-23,0
C04138,57.0,Female,West,nan,Self-Employed,73825.19531582335,17605.648967450106,Business,616.0702755690852,Good,32.0,0.29512853865196254,2015-04-27,0
C04139,37.0,Male,West,Bachelor,Salaried,53054.83814499466,18271.836213666546,Personal,694.1863954105609,Good,58.0,0.6860663421987698,2020-06-01,0
C04140,66.0,Female,East,High School,Unemployed,36855.981501998394,11946.171497026226,Business,596.921572009396,Good,43.0,0.5502502271777348,2022-11-21,1
C04141,50.0,Female,nan,High School,Self-Employed,95657.01033544264,1000.0,Home,558.3569405010097,Good,44.0,0.1869237493730986,2016-11-06,1
C04142,29.0,Female,East,Master,Self-Employed,91331.44486658981,5751.266794935789,Home,738.7824579717167,Good,42.0,0.11527215956749051,2022-03-11,0
C04143,68.0,Female,West,PhD,Student,55517.75466034663,8953.943949839037,Home,728.1986394452898,nan,42.0,0.24402707839244464,2020-09-06,0
C04144,32.0,Female,nan,Bachelor,Salaried,20233.224697236983,24190.037738664483,Education,605.0638176798032,nan,42.0,0.7468677528438381,2021-04-02,0
C04145,58.0,Male,West,Master,Salaried,72654.20246911145,21534.383043691374,Education,644.8479072734978,Fair,41.0,0.42690792793110677,2016-04-01,0
C04146,56.0,Female,South,Master,Salaried,69543.7635189649,30862.332842069933,Auto,713.4492265517783,Good,41.0,0.784145033150716,2017-09-05,0
C04147,19.0,Female,North,Bachelor,Self-Employed,48323.53189985762,7966.631564140578,Auto,653.3025745048061,Poor,42.0,0.526619942980269,2016-02-11,0
C04148,46.0,Male,East,Master,Business,16123.423931962323,37867.90485439672,Auto,689.7655705153511,Good,56.0,0.12783463407554033,2019-02-26,1
C04149,58.0,Male,South,Bachelor,Student,58211.14468073698,36943.53893545602,Home,685.6675095295059,Poor,40.0,0.8191836185820355,2015-07-20,1
C04150,27.0,Female,West,Bachelor,Self-Employed,84163.89489895359,20354.366500479096,Home,626.0622337133894,Good,48.0,0.895823920288319,2019-05-24,0
C04151,19.0,Male,North,High School,Business,87929.18339345913,13137.496229364031,Home,688.6943002011054,Poor,43.0,0.16308292196204333,2015-08-20,0
C04152,68.0,Female,South,Master,Unemployed,63895.38507058283,13654.969256967714,Personal,577.6292280481537,Fair,44.0,0.2770980679008222,2017-03-08,0
C04153,28.0,Male,West,Bachelor,Self-Employed,49413.164572738104,21981.356081893,Personal,679.5705738558917,nan,42.0,0.7082199822247677,2020-05-29,1
C04154,30.0,Male,North,High School,Salaried,83361.58663312717,38825.953030555844,Home,644.4426757691244,Poor,43.0,0.9475992111771803,2019-05-15,1
C04155,27.0,Female,South,Master,Self-Employed,36574.74073417053,19050.79760569144,Business,622.9459676063556,Poor,32.0,0.8448581652443937,2022-12-12,0
C04156,31.0,Male,South,Bachelor,Student,31130.287066569603,4179.674224318445,Auto,556.4948097902491,Fair,44.0,0.18410568184506515,2017-07-05,0
C04157,35.0,Male,East,PhD,Student,62788.48885369098,38953.67654099805,Education,659.8744445719393,Fair,35.0,0.6161515301379271,2017-05-29,0
C04158,68.0,Female,North,High School,Self-Employed,103661.17539287318,15996.138900198106,Auto,652.8897708242333,Fair,41.0,0.6654231462878555,2015-02-11,0
C04159,71.0,Male,West,Bachelor,Unemployed,104598.80416678682,34537.9605207225,Business,587.0272653383176,Good,38.0,0.6362072747326468,2018-02-02,0
C04160,26.0,Female,South,High School,Salaried,32055.554051759653,26257.76514830617,Personal,530.2346134835901,Fair,38.0,0.5828512249199634,2020-01-14,0
C04161,74.0,Female,West,PhD,Salaried,54068.552919507005,18515.71123549352,Home,526.6643674526406,Good,38.0,0.3483733137604568,2019-10-06,0
C04162,56.0,Female,South,High School,Student,125847.39450133854,29659.395548597022,Personal,630.9445257830331,Poor,36.0,0.6682302420061944,2021-01-06,1
C04163,45.0,Male,South,Bachelor,Salaried,47789.541951669715,12652.54122546085,Personal,672.9873229566342,Good,46.0,0.7191835760673071,2019-03-15,0
C04164,20.0,Male,North,Master,Salaried,105493.47705960783,17090.43135659539,Business,788.7478695725717,nan,53.0,0.5894012705575008,2017-01-29,0
C04165,37.0,Female,North,Bachelor,Salaried,89400.2641098439,14692.646456671875,Personal,646.6133866212114,Good,50.0,0.5225821975120569,2018-01-23,0
C04166,23.0,Female,East,nan,Self-Employed,94771.45274178183,17993.18868787115,Personal,528.096046131615,Good,49.0,0.2861759662281831,2020-09-28,0
C04167,44.0,Female,North,Master,Self-Employed,53853.60502917114,25477.50589298914,Auto,634.4811373815297,Poor,58.0,0.5630154280491593,2019-09-08,0
C04168,70.0,Female,South,High School,Salaried,54593.49341125874,25402.821640258873,Auto,743.8523673889212,Good,33.0,0.20901289655540156,2020-02-01,0
C04169,19.0,Male,East,High School,Unemployed,42234.595057385835,4446.83000207017,Business,598.7903293624065,Good,49.0,0.161808592764611,2023-01-04,0
C04170,46.0,Male,South,High School,Unemployed,84970.7858568371,14644.602290644965,Home,733.8952683050668,Fair,39.0,0.7611735163374312,2019-01-02,0
C04171,55.0,Male,North,High School,Salaried,24087.28313487042,16371.088012816279,Auto,663.1793534776248,Good,38.0,0.6748317374482157,2022-02-08,0
C04172,20.0,Male,West,Master,Salaried,60914.98873130258,25861.51590325668,Personal,698.5161165890643,Good,48.0,0.6516773785156125,2022-10-15,0
C04173,33.0,Male,West,nan,Business,105861.79745768325,5996.827027643374,Education,789.4141998653032,Fair,42.0,0.8889085659004428,2022-04-11,0
C04174,47.0,Female,North,High School,Self-Employed,79863.50018547372,27064.677488979767,Auto,512.2052069473795,nan,44.0,0.4236568088304171,2022-05-04,0
C04175,57.0,Male,North,Bachelor,Salaried,90065.96330740521,8732.910416515266,Education,717.2378137256179,Good,51.0,0.43977221828158297,2020-09-28,0
C04176,19.0,Male,nan,Bachelor,Salaried,23898.859096128755,22483.47684001961,Home,642.8974161589013,Good,47.0,0.4516848688872587,2019-03-25,0
C04177,34.0,Male,North,High School,Salaried,40147.92513753572,31144.396650004226,Personal,578.8114599984776,Good,63.0,0.49549062707504155,2021-10-29,0
C04178,58.0,Female,nan,Bachelor,Salaried,94603.91198305818,7731.196154282865,Auto,642.452402230767,Good,56.0,0.5359165408251285,2019-03-21,0
C04179,29.0,Female,North,Bachelor,Self-Employed,68144.56170099114,22417.496755471613,Home,776.8228207363658,Good,40.0,0.7613148172766429,2017-10-27,0
C04180,52.0,Female,West,Bachelor,Self-Employed,39008.956532495795,18145.187542684565,Business,750.120948481674,Good,44.0,0.28504781371988286,2023-03-07,0
C04181,60.0,Female,South,Bachelor,Business,80659.65082750731,10225.523333649808,Home,499.94641541065226,Good,46.0,0.46897177283505187,2020-03-31,0
C04182,18.0,Male,West,Master,Business,51661.02630622274,7750.37243469721,Business,592.2620220488125,Poor,53.0,0.5293582618450892,2016-05-29,1
C04183,72.0,Female,South,High School,Salaried,128438.9777664009,12924.660831175834,Business,720.7170676677026,Good,50.0,0.24375002247372438,2019-08-06,1
C04184,62.0,Male,East,Master,Business,79975.78200637738,11895.002590814593,Auto,648.3691941662726,Good,32.0,0.6966513130989467,2016-08-17,0
C04185,32.0,Male,North,Bachelor,Salaried,41934.704113329586,17944.045689546627,Education,648.6489995092077,Fair,41.0,0.14783013028465705,2017-02-09,0
C04186,43.0,Female,North,Master,Self-Employed,87025.5046013913,15733.756196221027,Business,532.3755158155512,Good,53.0,0.5980256236238338,2015-12-06,0
C04187,54.0,Female,West,Bachelor,Business,,24236.162120725043,Personal,594.0892368275729,Fair,34.0,0.27182083619027403,2018-09-20,0
C04188,38.0,Male,East,Master,Self-Employed,64851.140560628875,28084.922744288517,Auto,548.1345689724565,Good,46.0,0.10719802168076795,2016-09-05,1
C04189,66.0,Male,West,Master,Self-Employed,45801.671335073814,4709.943634028576,Business,526.0011891438878,Good,28.0,0.3684058873003214,2016-02-02,0
C04190,48.0,Female,South,Bachelor,Self-Employed,66108.03796666967,17493.49425563156,Auto,,Good,44.0,0.46476957843639277,2015-01-04,0
C04191,42.0,Male,West,Bachelor,Unemployed,49680.074088470945,10500.75356203746,Personal,580.3926681915245,Good,56.0,0.7947060026163157,2021-10-02,0
C04192,40.0,Male,South,PhD,Self-Employed,58542.12658566041,9148.336788961076,Auto,592.9164898318934,Fair,44.0,0.446668806156278,2020-04-11,1
C04193,41.0,Male,nan,Master,Business,30278.915794263303,4311.983649153524,Auto,586.8402708454681,Poor,40.0,0.8781202320941311,2016-11-05,0
C04194,74.0,Male,nan,PhD,Student,86880.37437908465,3573.105178046393,Business,726.5342055063201,Good,38.0,0.8161579801465606,2015-11-20,0
C04195,55.0,Female,South,Master,Business,36268.0234824294,14808.74000279506,Home,581.9641846234731,Good,39.0,0.2638269638299457,2016-11-14,0
C04196,45.0,Male,West,Bachelor,Self-Employed,80204.04823580595,23929.07833334636,Auto,756.9638519139223,Good,47.0,0.23235971616780918,2019-03-09,0
C04197,38.0,Male,West,High School,Salaried,57397.497154521276,23893.470228067905,Business,613.701809180828,Fair,47.0,0.3072657216279252,2017-11-09,0
C04198,71.0,Female,North,High School,Salaried,70572.53634388512,9473.207160969168,Personal,682.9398994813189,Good,46.0,0.40572960926927215,2020-10-03,0
C04199,60.0,Female,East,nan,Self-Employed,53132.38727487962,8461.79113356402,Personal,685.3357311049151,Good,41.0,0.595958483256134,2020-07-27,0
C04200,35.0,Male,North,Bachelor,Business,69905.42778340452,22392.448538001343,Home,582.6617434405402,Good,48.0,0.20546927649614832,2017-02-20,0
C04201,53.0,Male,West,High School,Salaried,75816.20086572462,15682.573426964964,Personal,625.3932076244225,Good,56.0,0.552235091536695,2022-03-01,0
C04202,52.0,Male,North,Master,Student,56228.4006808636,28897.10181603402,Business,612.2792122294735,Good,41.0,0.5936572476336135,2015-12-06,0
C04203,62.0,Female,North,Master,Salaried,21761.405065830928,8892.788552817023,Home,677.9330534608121,Fair,53.0,0.6617567061901404,2020-08-23,0
C04204,72.0,Female,South,High School,Business,73425.38446503432,1422.8904856828085,Business,640.3366632936618,Poor,59.0,0.5675782428179934,2017-12-10,0
C04205,26.0,Female,East,High School,Salaried,74770.73045498431,26124.842102978153,Home,593.8701294539765,Fair,55.0,0.8013959198802698,2020-03-09,0
C04206,70.0,Female,West,Bachelor,Self-Employed,29181.49981422833,1099.6073639497954,Home,658.9293716494483,Good,49.0,0.645351875061523,2015-02-27,0
C04207,55.0,Female,nan,High School,Business,40473.03044017712,5542.000977536574,Business,675.471206234747,Good,49.0,0.8858688158560625,2018-11-01,0
C04208,47.0,Female,South,Master,Salaried,56305.06599114048,13307.71610302453,Home,788.753350890694,Good,48.0,0.6957854849514751,2020-03-29,0
C04209,61.0,Female,North,Bachelor,Salaried,15000.0,17150.06558249124,Business,655.1094842071926,Fair,44.0,0.4706936843239955,2022-12-12,0
C04210,51.0,Male,East,Master,Self-Employed,82697.65294150362,26014.773275666383,Personal,650.7506260106404,Good,40.0,0.27823189200506315,2016-04-08,0
C04211,49.0,nan,East,Master,Self-Employed,52779.866584822856,9857.818229604833,Personal,682.1298957845003,Good,45.0,0.10894260209134343,2022-02-20,0
C04212,20.0,Male,South,Bachelor,Business,72214.2618805498,33177.11726208887,Auto,578.7948228002856,Fair,48.0,0.176842411942407,2021-09-24,1
C04213,20.0,Male,South,Bachelor,Student,38443.21826637465,4839.014181998635,Education,520.5867799223381,Good,41.0,0.2612243798771047,2016-12-12,0
C04214,45.0,Female,East,Bachelor,Salaried,115437.21296493217,16280.610599325311,Education,626.5923431209384,Good,48.0,0.2839751495348447,2017-07-12,0
C04215,61.0,Male,South,Bachelor,Self-Employed,29485.26397525575,28301.549592649,Personal,730.4074323483305,Good,55.0,0.7307374691478915,2017-09-04,1
C04216,32.0,Female,West,Bachelor,Self-Employed,52538.161075396274,28830.936491984772,Auto,742.5163784876519,Good,37.0,0.4281474283587974,2022-06-14,0
C04217,58.0,Female,East,Master,Student,94977.09349263043,1000.0,Education,509.04614707013917,Good,56.0,0.3758585599269758,2016-05-28,0
C04218,40.0,Male,West,Bachelor,Unemployed,36264.61315763256,47079.44141783535,Business,699.95596103701,Good,34.0,0.14451242072738865,2015-03-15,0
C04219,57.0,Female,East,Master,Business,67275.46158679073,16777.718272185837,Business,486.14014986292557,Good,45.0,0.557861464374327,2018-08-21,0
C04220,28.0,Male,North,High School,Self-Employed,80671.07652955143,22784.453374190063,Home,684.4385416124439,Good,46.0,0.6209725491394967,2022-10-26,0
C04221,65.0,Male,West,High School,Salaried,27338.246009193914,16663.611200280986,Education,679.9519484672492,Good,36.0,0.8461788036045488,2015-09-08,0
C04222,49.0,Female,East,nan,Salaried,48283.615971416286,41351.538879952524,Business,520.7014977863342,Poor,57.0,0.5274157483278198,2020-10-15,0
C04223,74.0,Female,North,Bachelor,Self-Employed,69754.07986188773,32893.43740927958,Education,725.0034607348765,Good,37.0,0.10656213709906993,2018-06-02,0
C04224,71.0,Female,East,Bachelor,Business,76333.01249378831,41075.0693823832,Home,780.7876925968189,Good,46.0,0.15548694409418928,2016-02-18,1
C04225,53.0,Male,South,Bachelor,Self-Employed,44442.54719401614,24732.330748923654,Personal,645.3139751748142,Fair,55.0,0.3303545381398492,2022-02-24,0
C04226,50.0,Female,West,High School,Business,111014.18437845274,29121.470270164587,Auto,660.5749906232722,Good,37.0,0.21830774605050884,2022-10-25,0
C04227,41.0,Male,South,Master,Salaried,77023.5909568884,9553.812069097956,Home,760.9337152240179,Good,47.0,0.7549992977685723,2019-05-26,1
C04228,56.0,Female,East,High School,Business,84416.30607981101,17354.036342828244,Home,565.5250974434015,Good,47.0,0.1916784339544732,2016-05-07,0
C04229,51.0,Male,North,Bachelor,Salaried,82949.72853270738,29129.546203069178,Home,567.419190678283,nan,48.0,0.2366659603276085,2017-10-19,0
C04230,73.0,Female,South,Bachelor,Salaried,25917.314895564836,23182.456379874668,Auto,587.0462372060599,nan,37.0,0.666769259126766,2022-04-02,0
C04231,45.0,Male,nan,PhD,Salaried,62130.74832138719,21057.04338716443,Business,652.7811578233244,Fair,52.0,0.3036841132207495,2016-10-03,0
C04232,54.0,Male,West,Bachelor,Unemployed,64594.06745093224,12243.312008653738,Education,652.581188319686,Fair,45.0,0.9237188423233867,2019-03-14,0
C04233,24.0,Male,North,High School,Salaried,58641.01864569219,31654.714207692923,Personal,608.5032293539809,Good,48.0,0.8337095431907761,2017-08-19,0
C04234,21.0,Female,South,Bachelor,Business,70186.45033996027,31512.80275071432,Personal,627.4639691406846,nan,49.0,0.7328591459945563,2019-01-26,0
C04235,54.0,Female,South,High School,Salaried,15000.0,30422.088065347176,Auto,609.5323823786935,Good,44.0,0.3916659980692626,2021-05-07,0
C04236,73.0,Female,East,High School,Self-Employed,68202.14720524912,22920.379770000774,Personal,613.1149991464541,Good,,0.1482629781569476,2019-12-27,0
C04237,18.0,Male,West,High School,Unemployed,57417.113141871705,20101.0455105593,Auto,592.360890479106,Good,50.0,0.38594081454269313,2020-10-26,0
C04238,18.0,Female,East,Bachelor,Self-Employed,15000.0,31241.323862320856,Auto,592.9670196144361,Good,50.0,0.4202203811239491,2015-05-13,0
C04239,64.0,Male,East,High School,Salaried,75560.5705544409,29368.004830208964,Education,499.92921238043,Good,35.0,0.20831788926749956,2018-12-18,0
C04240,37.0,Female,West,Bachelor,Salaried,35470.09313734054,11072.93684614569,Education,633.2243679216513,Good,54.0,0.20254468367692438,2016-12-04,0
C04241,36.0,Male,South,PhD,Unemployed,55486.96886031279,23163.477058465087,Auto,503.3315508337048,Fair,51.0,0.6678920805069118,2018-10-18,0
C04242,46.0,Female,North,Master,Salaried,58640.010762220874,26580.51425805278,Education,706.2919339030566,Good,36.0,0.2975420616693022,2022-09-24,0
C04243,27.0,Female,East,High School,Self-Employed,18845.26563857319,13268.968381508681,Business,608.006161689113,Poor,33.0,0.6763090989846233,2015-07-15,1
C04244,35.0,Female,nan,High School,Self-Employed,21641.26665027952,29034.402784012313,Home,641.0442815962755,Good,38.0,0.5660561456266259,2022-07-02,0
C04245,45.0,Female,West,Bachelor,Salaried,78634.389669467,27176.56290329648,Personal,622.0092775436033,Fair,39.0,0.8662442723520988,2020-05-03,0
C04246,52.0,Female,East,Master,Salaried,49904.54604448039,15836.947254214472,Personal,631.6914668488829,Good,48.0,0.7775943960488484,2022-08-18,0
C04247,60.0,Female,East,High School,Self-Employed,55177.33455734608,6432.1097162372225,Personal,744.7531111697539,Poor,36.0,0.22866622776039264,2020-02-26,0
C04248,64.0,Male,West,Master,Business,66821.04011589166,25862.40843992532,Personal,548.6377691054539,Good,42.0,0.6186373155988834,2022-04-20,0
C04249,48.0,Female,South,Bachelor,Salaried,21044.599919886445,39646.122498915385,Business,528.2512308243137,Good,36.0,0.6551577369493351,2019-05-24,1
C04250,44.0,Male,South,Bachelor,Business,54807.364094244425,22553.99108054928,Business,658.9529244997973,Fair,42.0,0.8327463227346892,2018-10-15,0
C04251,28.0,Female,nan,nan,Unemployed,62234.52303627962,26413.831774032034,Home,612.8090207195511,Fair,43.0,0.6448132482440091,2022-09-14,0
C04252,66.0,Male,West,Master,Unemployed,109113.37810195403,8346.648364066483,Auto,676.9717941007959,Good,49.0,0.21960708491117964,2015-02-12,0
C04253,66.0,Male,South,Master,Salaried,41992.70873339662,19522.103672133173,Education,703.7432929805987,Good,44.0,0.3196818445189389,2017-10-08,1
C04254,55.0,Male,South,Bachelor,Salaried,84721.98952810529,18885.38992418219,Home,567.0242557576112,Good,47.0,0.6419591106963258,2016-09-29,0
C04255,22.0,Male,South,Bachelor,Unemployed,64955.1350579104,11135.85128326571,Personal,695.254163244861,Good,44.0,0.8751510182346159,2017-09-24,0
C04256,25.0,Female,North,Bachelor,Salaried,36610.2480069594,24397.855131384422,Education,573.354238481037,Poor,51.0,0.8577996217887794,2018-06-07,1
C04257,51.0,Male,nan,Bachelor,Salaried,49176.47008127773,24013.933961161394,Home,655.5931393203593,Good,35.0,0.40530821960245866,2021-06-15,0
C04258,65.0,Female,South,Bachelor,Unemployed,86656.60904069306,17058.574304247235,Personal,557.2314707304646,Fair,33.0,0.8060723132623896,2019-03-06,0
C04259,69.0,Male,West,High School,Salaried,84424.88716494385,19872.658439029834,Home,659.9107817893496,Fair,46.0,0.5345947133079189,2018-04-27,0
C04260,73.0,Female,North,High School,Salaried,51993.008493578105,40529.48439459977,Personal,648.4342039308574,Good,65.0,0.4946913570688787,2022-08-20,0
C04261,29.0,Female,East,Bachelor,Salaried,73593.11784719363,13793.911578679825,Personal,567.2802883545392,Good,47.0,0.3982540663829012,2015-12-23,1
C04262,55.0,Female,North,Master,Business,39074.63258041599,8686.44122348091,Business,548.1191493989191,Good,46.0,0.6764723750396552,2015-06-03,0
C04263,18.0,Female,West,PhD,Salaried,60586.048669593365,8446.2345050703,Personal,706.2978938072741,Fair,36.0,0.6096579711853992,2015-12-19,1
C04264,48.0,Male,East,Bachelor,Unemployed,54260.17188104238,22491.52458473026,Home,616.0249660491214,Good,,0.41846426020720273,2016-11-03,0
C04265,21.0,Female,East,Bachelor,Self-Employed,88294.43163812818,1000.0,Education,725.902322167426,Good,42.0,0.7484124590657126,2018-03-20,0
C04266,66.0,Male,North,High School,Self-Employed,76571.06447674427,14896.765373006925,Business,609.2454702631495,Good,48.0,0.42244365867749045,2018-05-07,0
C04267,62.0,Male,North,PhD,Salaried,48098.31916575947,10313.304983167343,Education,747.6634801714407,Good,40.0,0.5967292001970023,2017-09-18,0
C04268,67.0,Female,North,Bachelor,Salaried,50587.66657678774,19427.484322538134,Auto,578.8707833759127,Good,,0.4335254735764036,2017-06-23,0
C04269,22.0,Male,South,Master,Self-Employed,64273.75118713341,19469.007003946273,Education,760.4559918133406,Good,55.0,0.19934516606848257,2018-07-19,1
C04270,47.0,Female,East,Master,Salaried,60967.829158144974,23447.412877670442,Auto,663.0778897293546,Good,40.0,0.23701521930841632,2020-05-17,0
C04271,73.0,Female,East,High School,Unemployed,58011.91258240127,26155.190234254587,Auto,679.9847555576533,Fair,55.0,0.6582280414629529,2022-08-26,0
C04272,41.0,Male,East,Bachelor,Self-Employed,56201.131768606836,31417.97099614418,Business,574.6981539916679,Good,53.0,0.78953988081342,2016-06-23,1
C04273,20.0,Male,East,nan,Self-Employed,99479.67448461977,16463.487168601558,Education,704.691138719809,Fair,39.0,0.498193519823954,2021-09-20,0
C04274,28.0,Male,South,High School,Salaried,53701.99292253733,13336.762184554758,Personal,707.294609930838,Good,34.0,0.37674911245684906,2019-08-03,0
C04275,62.0,Female,North,Bachelor,Business,72499.53006906442,28526.322267071526,Business,625.667385685609,Poor,,0.38602285914536594,2022-02-14,0
C04276,21.0,Female,North,nan,Salaried,125566.72188847551,3410.3104210735364,Business,489.9503455999462,Good,47.0,0.6080002020598576,2017-10-29,1
C04277,43.0,Male,West,Bachelor,Salaried,43837.776749378056,27573.63531208882,Personal,566.5003575564974,Good,47.0,0.4975360298575926,2020-10-06,0
C04278,44.0,Male,East,Master,Unemployed,69817.93358724333,21430.229087468902,Education,566.4889503956031,Poor,54.0,0.10062789969542088,2018-10-20,0
C04279,63.0,Female,North,PhD,Self-Employed,71111.61858378109,24490.394858353764,Business,683.701461315601,Fair,44.0,0.7557511785173026,2021-07-07,0
C04280,71.0,Female,North,Master,Self-Employed,64722.57369734541,23649.67380258451,Auto,615.1225745359893,Good,51.0,0.2209702471510463,2019-08-27,0
C04281,60.0,Male,West,High School,Self-Employed,66027.66210200297,21364.29970899365,Personal,616.5792712795812,Good,38.0,0.6735885693557312,2022-12-29,0
C04282,44.0,Male,East,Bachelor,Business,43025.38673181788,21771.63760862396,Home,607.5265797603937,Poor,52.0,0.39258182498315675,2019-05-12,0
C04283,59.0,Female,East,High School,Salaried,73971.10956484501,8894.115876789047,Business,760.1967708366469,Good,43.0,0.5913021983258229,2016-09-11,0
C04284,68.0,Male,South,Master,Salaried,19069.11963025722,13487.418153001756,Auto,653.4013970622385,Poor,48.0,0.8268497700137337,2015-10-08,0
C04285,67.0,Male,South,Master,Business,109945.93169552504,37773.05701792592,Education,664.8305251687473,nan,39.0,0.23113170723009263,2015-05-21,1
C04286,23.0,Female,nan,Bachelor,Salaried,107825.98207709307,26728.576876858686,Education,603.5457866421508,Good,52.0,0.7609899259813326,2018-04-25,0
C04287,32.0,Female,West,Bachelor,Business,56769.20417107572,30606.03002577569,Personal,647.7771007244603,Fair,46.0,0.13256218231707714,2019-12-10,0
C04288,70.0,Male,South,High School,Salaried,91293.79249898442,16546.281823208665,Auto,576.8232992971089,Good,42.0,0.883163293560508,2019-02-13,0
C04289,47.0,Male,West,Master,Salaried,57665.772117575194,20793.59467650286,Personal,675.7793508168447,Fair,50.0,0.27134855156373267,2016-10-28,0
C04290,59.0,Male,West,Master,Salaried,65245.25070678642,25266.941014666914,Business,564.0084816520227,Good,48.0,0.7752516402568924,2017-07-24,0
C04291,54.0,Male,South,PhD,Self-Employed,47976.61527626471,32057.074728833355,Personal,705.8164884199368,Good,49.0,0.15713741925249503,2018-01-11,0
C04292,54.0,Female,South,Master,Self-Employed,85494.30086878847,18473.62958879746,Home,594.8785795421179,Fair,30.0,0.3779911577529741,2018-09-27,0
C04293,59.0,Male,North,Master,Salaried,50467.7760868897,24770.67343709395,Personal,721.1294609741153,Good,,0.6385152859651843,2015-06-29,0
C04294,54.0,Female,North,Master,Salaried,,27106.968339888026,Personal,793.0470693261482,Poor,40.0,0.6600009724347823,2015-06-28,0
C04295,52.0,Female,East,Bachelor,Unemployed,63948.905800892244,29349.095836332435,Business,650.0825833643869,Good,46.0,0.6939881543217229,2022-01-05,0
C04296,40.0,Male,South,Bachelor,Salaried,64568.84279222511,17983.689597814107,Auto,748.3711341607167,Good,45.0,0.3982302139370192,2020-12-27,0
C04297,23.0,Male,West,PhD,Business,27716.94288678999,32817.23539594864,Home,706.3586711739064,Good,50.0,0.6661069937043431,2022-08-16,0
C04298,21.0,Female,nan,Bachelor,Unemployed,66496.30076485823,5775.419306963118,Personal,542.5413470723156,Poor,36.0,0.4642262199732936,2017-07-09,0
C04299,35.0,Female,North,Bachelor,Student,36353.971508054616,8705.11857157623,Business,658.3195833138881,Good,49.0,0.5810319334847313,2018-05-28,0
C04300,26.0,Female,South,High School,Unemployed,66539.86103959222,24806.605034151005,Business,687.5899029266917,Poor,44.0,0.5651425163314768,2021-03-20,0
C04301,66.0,Male,West,High School,Salaried,113494.20658091723,24542.900533101034,Business,694.8286486569722,Good,46.0,0.24291888623744196,2017-09-30,0
C04302,46.0,Female,West,Bachelor,Student,30261.160522073493,17650.526688013553,Auto,663.3655103731244,Good,31.0,0.8196085207170518,2018-03-28,0
C04303,30.0,Female,West,High School,Business,61327.36437403312,15577.161040383422,Personal,662.3983547245416,Poor,41.0,0.8370699733425899,2017-07-11,0
C04304,64.0,Female,South,High School,Business,49112.556479996434,15710.489403110168,Education,,Good,44.0,0.2731665565014564,2019-03-03,0
C04305,69.0,Male,South,Bachelor,Salaried,38992.04255636687,11009.513261587683,Home,659.9882064495264,Good,46.0,0.4540534642439943,2018-10-19,0
C04306,34.0,Female,East,High School,Student,45218.96306506559,19550.599238968844,Education,558.2240772275716,Poor,48.0,0.49514440484507205,2021-10-26,0
C04307,62.0,Female,nan,Master,Business,101770.57181744852,4439.520311503684,Auto,632.2841914265991,Good,40.0,0.5665837142725968,2020-09-13,0
C04308,49.0,Male,South,Bachelor,Business,108412.15009604912,31320.130234217544,Personal,541.0263983891354,Fair,44.0,0.11893171431302946,2015-12-19,0
C04309,65.0,Male,West,Bachelor,Salaried,38841.3766310946,23818.751771815285,Education,612.6779237934518,Fair,41.0,0.7449928643975942,2017-10-21,0
C04310,39.0,Male,South,High School,Salaried,75022.73036554776,32937.6792340125,Education,605.6895836674333,Good,37.0,0.8326645613107074,2015-01-09,0
C04311,21.0,Male,nan,Bachelor,Student,42025.16716109381,21610.43840763664,Education,600.9002769747094,Fair,38.0,0.22086479611290774,2020-05-06,0
C04312,22.0,Male,East,Bachelor,Self-Employed,48041.90701523176,19628.257650151652,Home,571.0993881658214,Fair,53.0,0.8621346090059123,2016-07-09,0
C04313,54.0,Female,South,Master,Salaried,15000.0,21254.445192762578,Personal,670.1957955347665,Fair,49.0,0.8232753839487467,2022-08-20,0
C04314,58.0,Male,East,Master,Business,118295.71169497573,13004.688117455145,Business,626.1447270716104,Good,49.0,0.5609182374975136,2016-12-19,0
C04315,66.0,Male,South,High School,Salaried,92457.96417384234,7565.49198075522,Personal,618.468030818525,Poor,,0.3335219535529686,2021-12-11,1
C04316,30.0,Female,South,Bachelor,Salaried,48707.87690437924,10154.923112743027,Education,544.4319504127793,Fair,42.0,0.2763662231382985,2016-08-19,0
C04317,51.0,Male,North,High School,Salaried,72120.98252966224,15736.974818207469,Personal,627.6604105852258,Good,38.0,0.5157566264330161,2017-12-05,0
C04318,62.0,Male,North,nan,Salaried,55000.458499793065,11166.513953420541,Business,735.9149599936974,Good,43.0,0.5311235241940453,2017-02-24,0
C04319,39.0,Female,South,nan,Salaried,88648.803525897,33487.1820331014,Home,737.0604732395255,Good,47.0,0.6540880936295055,2021-04-17,0
C04320,70.0,Female,West,Bachelor,Salaried,56468.59949196768,12946.303950548743,Personal,678.0134434788835,Fair,39.0,0.781391836573481,2020-04-19,0
C04321,40.0,Female,East,Bachelor,Salaried,60130.633970002105,23936.251091857943,Personal,627.863451866012,nan,43.0,0.8943248894701625,2020-07-05,1
C04322,68.0,Female,North,Master,Self-Employed,48448.66944523181,25843.60831620589,Home,691.9237122668394,Good,45.0,0.7768387597837083,2017-09-27,0
C04323,20.0,Male,West,Master,Unemployed,80097.32530904027,32374.38552564681,Home,599.9484808867481,nan,60.0,0.8726885241556883,2022-07-09,1
C04324,59.0,Female,East,Bachelor,Self-Employed,120233.20886160166,26816.618422576787,Education,627.5560808087464,Good,54.0,0.5244632245070258,2019-07-18,0
C04325,51.0,Male,nan,nan,Salaried,57893.5236357383,18265.37710765648,Education,594.3108168052183,Good,40.0,0.13305190483115548,2021-07-10,0
C04326,49.0,Female,East,Bachelor,Salaried,57606.75322822992,37059.70978277782,Home,718.1274820373068,Good,54.0,0.1440556534306307,2020-01-18,1
C04327,62.0,Male,North,Bachelor,Business,64371.48506135339,7559.884158265106,Business,708.5004470743727,Good,42.0,0.328214396815106,2018-12-31,0
C04328,68.0,Female,South,Master,Student,71505.22484896985,10599.234380640277,Education,647.3988305715504,Good,38.0,0.6218882844117127,2021-10-27,0
C04329,66.0,Female,East,Bachelor,Salaried,57525.57237310063,22199.211148959123,Business,779.8439231967923,Fair,52.0,0.38494052753977925,2020-11-28,0
C04330,38.0,Female,North,Master,Salaried,55193.466074392505,20858.778541698543,Home,680.938593557821,Good,52.0,0.24122214890558508,2022-09-25,0
C04331,63.0,Male,North,High School,Self-Employed,67063.10353322812,28171.261395614118,Personal,676.7170659752234,Good,45.0,0.8229208322055014,2022-10-14,0
C04332,61.0,Male,North,Bachelor,Business,21223.285360943082,21605.51938312277,Home,668.6840184905066,Fair,52.0,0.9372455561174831,2016-07-31,0
C04333,38.0,Female,South,High School,Self-Employed,51314.97643094295,23690.347090314866,Home,,Fair,42.0,0.11414529769000305,2022-12-21,1
C04334,61.0,Female,South,Bachelor,Self-Employed,15000.0,29961.66354398644,Auto,582.9290126444472,nan,42.0,0.17601047853179796,2015-10-05,0
C04335,28.0,Male,South,Bachelor,Business,52683.20403403312,21407.735995816667,Home,645.9021534735342,Good,34.0,0.5244379421425727,2022-02-07,0
C04336,56.0,Female,North,nan,Student,41293.49603479885,26795.93987031822,Education,646.5212390921524,Poor,43.0,0.3870171606578706,2016-02-29,0
C04337,21.0,Female,East,Bachelor,Salaried,80674.54161992084,12443.590969231562,Personal,694.2322025157828,Good,41.0,0.764828532233189,2022-07-30,0
C04338,68.0,Male,East,Master,Student,46619.640539936656,13103.31298273057,Business,599.9099668209215,Good,39.0,0.6561568733747859,2016-11-01,0
C04339,18.0,Female,South,Bachelor,Salaried,55862.18409298072,28810.347536387857,Auto,655.3015025567408,nan,44.0,0.15823381069656295,2018-08-31,0
C04340,45.0,Female,North,Master,Business,15000.0,21210.22475377251,Education,656.6420098327612,Good,,0.563150729241118,2022-05-21,0
C04341,41.0,Male,North,Bachelor,Self-Employed,90559.88758687947,21692.94224768925,Personal,659.6146311332094,Fair,47.0,0.3860526633871877,2020-03-10,0
C04342,52.0,Male,South,Bachelor,Self-Employed,37840.00283495952,13064.921746578973,Business,651.2310887789961,Fair,,0.9203457298099896,2017-11-25,0
C04343,30.0,Female,North,High School,Self-Employed,52933.228201450525,15913.097856510425,Personal,544.7119986086003,Good,44.0,0.5039871915068531,2020-09-25,1
C04344,64.0,Female,South,Bachelor,Salaried,84452.42412870473,22867.047128859802,Education,480.4086152256665,Fair,37.0,0.8885141529188574,2020-07-18,0
C04345,51.0,Male,East,Bachelor,Salaried,84546.0828310893,16989.004785304805,Personal,579.3677273144556,Good,43.0,0.12564840195967497,2017-08-11,1
C04346,28.0,Female,East,Bachelor,Self-Employed,37229.7844061114,11380.53813578695,Home,610.1657732900821,Good,38.0,0.1877834664655712,2019-06-21,0
C04347,53.0,Female,North,PhD,Self-Employed,78173.655475858,11496.776351818817,Personal,561.6161098212172,Fair,47.0,0.4283286822526873,2018-06-09,0
C04348,68.0,Female,South,Master,Salaried,36281.784294767494,13626.684814507167,Home,645.8244598344238,Poor,40.0,0.853913199977237,2019-04-07,0
C04349,34.0,Male,East,nan,Unemployed,70807.751121558,16610.56382940308,Education,731.7580226591149,Good,46.0,0.5629134675156999,2016-02-11,0
C04350,52.0,Female,West,Bachelor,Salaried,45393.57035073489,17234.846368073748,Auto,704.452487407091,nan,,0.8005194461498905,2020-01-13,0
C04351,35.0,Male,West,nan,Salaried,39622.18659296739,35683.767552476675,Home,684.9749971560208,Good,47.0,0.34100018855563174,2015-05-04,1
C04352,57.0,Male,East,Master,Salaried,,29241.743496437153,Personal,723.8983053996877,Good,57.0,0.19477015752957816,2019-11-06,0
C04353,39.0,Male,South,High School,Self-Employed,46912.13255795511,22969.198069101338,Personal,580.6532716752328,Fair,37.0,0.3091329976391967,2016-12-30,0
C04354,74.0,Male,South,Bachelor,Salaried,115464.50811528802,38623.91968203786,Personal,615.7402797746807,Good,48.0,0.6485078994500834,2016-02-04,0
C04355,41.0,Female,West,High School,Self-Employed,49555.584597155976,18844.571627247744,Education,696.1135147293667,Poor,42.0,0.8407045343324526,2019-12-07,0
C04356,36.0,Male,North,High School,Salaried,35201.08783387313,24754.842677138317,Business,614.4102493121005,Fair,39.0,0.48674942895669704,2018-04-02,0
C04357,54.0,Female,nan,High School,Salaried,42528.54569730945,23288.13653042261,Personal,618.5130132386653,Poor,48.0,0.26457320057183087,2015-06-19,0
C04358,56.0,Male,East,High School,Business,64565.48167695899,24725.455175524112,Personal,789.681434143195,Fair,56.0,0.6419702390250801,2020-11-12,0
C04359,38.0,Male,East,Master,Self-Employed,67799.60807970304,12515.78030653019,Home,657.1581558397492,Poor,44.0,0.26739387554427924,2020-06-24,0
C04360,25.0,nan,North,Bachelor,Salaried,72738.0437391349,16955.624232447255,Auto,782.2719650150553,Fair,39.0,0.5847445469195963,2022-05-28,0
C04361,45.0,Female,East,Bachelor,Salaried,87787.72467212992,11884.680787004043,Personal,513.2527500197923,Good,47.0,0.18694796428301144,2018-08-20,0
C04362,22.0,Male,South,Master,Unemployed,23227.38914539045,24076.57602103817,Education,602.6850271547529,Poor,40.0,0.7894648079196143,2020-01-18,0
C04363,34.0,Female,North,Master,Salaried,88929.06100556004,20033.27419583195,Business,680.6612435488946,Good,46.0,0.7843916581936435,2018-01-24,0
C04364,54.0,Male,South,nan,Unemployed,42152.41340009926,1178.3117092046996,Business,,Good,40.0,0.5600671733337035,2016-11-30,0
C04365,53.0,Male,West,Bachelor,Self-Employed,75041.32309299093,25135.521968628917,Business,495.8340302602186,Good,49.0,0.1324552152855608,2021-10-06,0
C04366,71.0,Female,East,Bachelor,Salaried,108027.60241508002,22167.364541996427,Education,632.7815614570837,Poor,39.0,0.3381576037123641,2017-10-12,0
C04367,36.0,Female,South,Bachelor,Business,45043.444794021816,37042.27494492962,Business,835.4763197464027,Good,54.0,0.2175421235744439,2015-05-13,0
C04368,44.0,Male,North,High School,Unemployed,44008.068845595335,29270.134448498357,Business,668.5184578872573,Good,37.0,0.5449374623577595,2021-08-06,0
C04369,70.0,Female,East,High School,Salaried,39392.93459760245,31128.36743549456,Home,695.3326999999091,Good,49.0,0.18647415693029223,2022-05-02,0
C04370,51.0,Female,East,Bachelor,Salaried,56550.30186785296,8711.590859848295,Business,601.7042624056143,Good,52.0,0.839267530060086,2020-07-05,0
C04371,28.0,Male,East,nan,Salaried,96634.46602465013,31182.24319581091,Home,668.2463110547255,Good,38.0,0.8226396451206446,2015-03-05,0
C04372,71.0,Female,East,High School,Unemployed,37142.41038421169,18051.036074915137,Home,649.0753851323509,Fair,,0.23268336361030634,2018-12-14,0
C04373,62.0,Female,South,High School,Self-Employed,52656.16520346086,13080.828146575761,Home,733.9110823804181,Good,50.0,0.6906548297558638,2017-07-23,0
C04374,64.0,Female,East,High School,Salaried,89393.47361938602,1000.0,Education,731.525066508487,Fair,44.0,0.692027795044416,2016-01-05,0
C04375,29.0,Male,North,Master,Salaried,80598.78294691497,33133.70251177995,Personal,680.5637108615555,Good,36.0,0.4372412366598726,2018-06-02,0
C04376,71.0,Female,West,Bachelor,Salaried,52507.10820835734,17154.26754721021,Auto,655.3224361695909,Good,63.0,0.2300492281261851,2022-02-26,0
C04377,38.0,Male,East,Bachelor,Salaried,59727.01474256304,18777.809709527177,Business,524.0669348077969,Fair,45.0,0.21229156391830806,2022-01-07,0
C04378,71.0,Female,South,High School,Salaried,87896.32645785208,23210.36867864653,Auto,521.453342217838,Good,43.0,0.7285545587615975,2022-11-03,1
C04379,28.0,Female,South,Bachelor,Self-Employed,104544.09257403699,38622.99802347153,Personal,656.1433185048138,Good,37.0,0.28715080177851493,2020-10-03,0
C04380,56.0,Male,West,High School,Salaried,107525.31026341811,17741.64140292718,Home,715.5975583596241,nan,45.0,0.6129356941681896,2020-12-16,0
C04381,45.0,Female,North,Bachelor,Salaried,99495.03882969782,19845.672803150243,Home,749.8809542717129,Good,52.0,0.8359993740575506,2022-08-04,0
C04382,22.0,Female,South,High School,Self-Employed,48248.50785336651,29686.490064537575,Home,583.2695937219785,Good,49.0,0.604134522470295,2016-02-22,0
C04383,34.0,Female,East,Master,Salaried,110465.6943008892,17208.8546887006,Home,536.8071054769041,Good,47.0,0.9278679899335968,2016-06-24,0
C04384,73.0,Male,South,Bachelor,Salaried,46528.08759110969,11687.759455360505,Business,719.9719364670937,Good,40.0,0.6486766089044709,2019-09-27,0
C04385,37.0,Male,West,Master,Salaried,,1000.0,Personal,588.898117467623,Good,59.0,0.3674126464165258,2018-10-24,0
C04386,58.0,Female,North,Bachelor,Salaried,67809.03839359636,33362.84063500384,Personal,531.7198799245389,Fair,47.0,0.8245972320010949,2020-07-10,1
C04387,63.0,Male,West,Bachelor,Business,101905.41295074334,22387.283283560762,Personal,612.9741381410674,Good,50.0,0.36427551557958027,2016-08-29,0
C04388,29.0,Female,North,High School,Self-Employed,81590.61795803077,25460.57737563824,Auto,611.6675774956816,Good,52.0,0.9258348225936288,2019-02-20,0
C04389,23.0,Male,North,Bachelor,Salaried,63157.23714674686,15138.268129361,Home,749.012830723051,Poor,39.0,0.5060721533016632,2022-03-15,0
C04390,34.0,Male,West,Bachelor,Salaried,72284.07789959428,26797.437943734774,Education,714.9225436011152,Good,46.0,0.9102600080229393,2017-05-10,0
C04391,68.0,Male,East,Bachelor,Salaried,78303.30019589986,14162.036341459117,Personal,594.6959672927502,Good,46.0,0.2560585015532515,2019-05-16,1
C04392,36.0,Male,South,Master,Self-Employed,68689.18236387236,21626.706066442846,Auto,754.8465756917033,Good,42.0,0.1096887294451594,2018-05-11,0
C04393,43.0,Female,North,Master,Self-Employed,57616.066182795126,21078.039575286195,Business,659.3769393435765,Good,40.0,0.26671160156485674,2018-12-21,0
C04394,65.0,Male,East,Master,Self-Employed,46481.38452777388,31293.376791865165,Home,729.5626726470571,Good,46.0,0.1836131128738378,2023-01-11,0
C04395,61.0,Male,East,High School,Salaried,67808.04671590279,26470.06649911307,Auto,749.5383881091659,Good,40.0,0.7238626190427586,2020-11-06,0
C04396,61.0,Male,nan,Bachelor,Salaried,61936.23922702593,13734.588855893824,Education,630.3055324947854,nan,51.0,0.3248638069008478,2018-05-19,1
C04397,69.0,Female,nan,High School,Business,65090.18384269075,26012.751811297552,Education,692.8489680595263,Good,53.0,0.6435530610378292,2017-04-22,0
C04398,49.0,Male,East,Bachelor,Unemployed,91149.8614239754,16328.790065130315,Business,619.4931151674937,Fair,66.0,0.6683584841433204,2022-02-17,0
C04399,23.0,Female,South,Bachelor,Unemployed,58809.05612939202,11877.715032085274,Personal,719.7576696439451,Good,49.0,0.6850085393512791,2020-01-01,0
C04400,72.0,Female,South,High School,Salaried,59796.72293638739,25509.79654303512,Personal,656.7706357852792,Good,49.0,0.8077169030733404,2021-05-25,0
C04401,53.0,Female,East,Master,Business,69747.77248597868,21939.91328949085,Auto,722.0241664299273,Good,41.0,0.2266209762335457,2019-05-24,1
C04402,55.0,Female,North,Bachelor,Business,130646.45988294993,8040.700412026425,Auto,764.3567497863847,Good,41.0,0.1428944267291733,2017-09-21,0
C04403,28.0,Female,South,Bachelor,Unemployed,37702.590448945266,14847.96370642358,Personal,691.0423873846229,Good,31.0,0.12524936138187723,2021-02-20,0
C04404,50.0,Female,North,High School,Salaried,92296.90015618748,27454.097586955773,Personal,642.9905108193611,nan,45.0,0.1882215032560654,2018-05-31,0
C04405,41.0,Male,North,Bachelor,Business,57525.16629568105,23891.14954344516,Auto,644.2379092557502,Poor,39.0,0.4223077055474179,2022-05-23,0
C04406,40.0,Male,North,PhD,Salaried,63475.29533946599,24310.456383253393,Home,,Good,44.0,0.9222695478789104,2017-04-15,0
C04407,32.0,Male,South,Bachelor,Self-Employed,32195.896753615103,38453.39877174641,Education,596.5404260126492,Good,41.0,0.4002413331194079,2021-04-08,0
C04408,44.0,Female,West,nan,Salaried,112011.57125370452,29959.989643864737,Education,719.9430140251507,Good,50.0,0.48498448973782393,2015-01-24,1
C04409,28.0,Female,South,High School,Business,70563.39602848723,18832.13660133877,Business,722.7410905261127,Fair,57.0,0.7922372120797597,2015-11-03,0
C04410,74.0,Female,South,Bachelor,Unemployed,81470.68111983006,15960.530064808614,Education,594.9074256424603,Good,43.0,0.8808083165066115,2019-10-30,0
C04411,68.0,Male,North,Master,Salaried,27529.377152615947,13198.699851102145,Auto,662.3430963304052,Good,52.0,0.9257252776878728,2018-05-02,0
C04412,67.0,Female,East,Bachelor,Self-Employed,48943.287717228435,15402.171882354105,Home,,Good,,0.8024835409681185,2020-06-11,1
C04413,34.0,Male,South,High School,Salaried,75311.90847870387,4008.5789489296058,Auto,701.720178403197,Good,40.0,0.5271386493407713,2019-03-28,0
C04414,68.0,Male,East,Bachelor,Salaried,60975.55732838071,7839.0409502580005,Personal,815.6461072509424,Good,44.0,0.29505498066052804,2023-02-16,0
C04415,70.0,Male,nan,Bachelor,Salaried,76166.97341174734,26577.61203944672,Personal,703.1351433501443,nan,46.0,0.6086119127288708,2016-02-12,0
C04416,31.0,Male,North,Master,Salaried,117571.25052851721,35347.77597694423,Education,599.7366909072564,Good,42.0,0.2672757897435133,2022-05-04,0
C04417,44.0,Female,North,Master,Unemployed,77615.33005799158,20552.324985130435,Home,644.1185353931995,Good,51.0,0.14736602241182994,2019-09-04,1
C04418,35.0,Male,South,Master,Salaried,53781.3725782518,12973.782415860329,Business,755.1446189827049,nan,57.0,0.8814508448712645,2015-10-28,0
C04419,45.0,Male,nan,Bachelor,Self-Employed,48715.979207676035,1000.0,Auto,544.3492306711768,Good,43.0,0.5120717600286425,2015-07-04,0
C04420,68.0,Female,West,High School,Unemployed,45866.350800330125,37038.62616975285,Business,603.8706750883356,Fair,37.0,0.5320041903040661,2020-09-23,0
C04421,64.0,Female,West,Bachelor,Unemployed,54308.99492041035,6614.774779489831,Business,703.2472949005032,Good,45.0,0.6178361721543071,2016-09-25,0
C04422,64.0,Female,South,Master,Business,55362.978504245635,5278.9029367269395,Business,747.0748439904044,Good,46.0,0.48369727382315575,2018-07-21,0
C04423,21.0,Male,nan,nan,Salaried,,17025.487823422685,Business,695.672592670521,Good,57.0,0.47776589516603685,2018-11-28,0
C04424,24.0,Female,North,High School,Business,78208.08641302658,19576.740903570142,Auto,604.4978813587021,Good,40.0,0.8778735199297649,2017-03-07,0
C04425,62.0,Female,North,Bachelor,Salaried,75886.34894506958,20103.631131098813,Personal,690.2401475994794,Good,54.0,0.7940642096160525,2021-07-17,1
C04426,52.0,Male,West,Bachelor,Unemployed,68302.79332770313,11450.584382474728,Auto,681.0719575052435,Good,46.0,0.28070336868314255,2018-01-04,0
C04427,65.0,Female,West,High School,Business,70029.13970778791,24157.133236979487,Personal,676.311632526719,Good,40.0,0.34801098483747567,2018-04-29,0
C04428,26.0,Male,North,Bachelor,Business,128391.84103196173,14782.340541442603,Personal,,Fair,48.0,0.6615292441099506,2018-03-31,0
C04429,25.0,Male,North,Bachelor,Salaried,46939.21750143304,15030.445184305125,Auto,653.974573113922,Good,60.0,0.5854281311673954,2017-02-11,0
C04430,69.0,Female,North,High School,Self-Employed,64078.67281255972,17212.86426565595,Auto,581.9375104595931,Fair,51.0,0.751235450705336,2020-03-28,0
C04431,62.0,Female,North,Master,Business,20368.105755434,13230.856398485299,Auto,836.015316874812,Good,38.0,0.7184877281776632,2015-11-26,0
C04432,34.0,Male,North,Master,Unemployed,55427.16036077593,7457.10401089293,Personal,661.7749580507892,Poor,37.0,0.7022651305792789,2022-05-04,0
C04433,34.0,Female,nan,nan,Salaried,42529.978231918416,8109.913197653357,Auto,691.1384210788108,Good,52.0,0.8481852242484388,2021-01-09,0
C04434,66.0,Female,East,High School,Unemployed,46753.60045154071,8948.48767363962,Home,633.6566587678743,Good,43.0,0.7515701300830185,2018-04-28,0
C04435,50.0,Female,West,Bachelor,Salaried,35355.89128776426,24560.776974721426,Education,713.3982747034588,Good,41.0,0.30642028025886126,2016-01-20,0
C04436,49.0,Male,West,Bachelor,Self-Employed,31196.966985591112,23991.186820646893,Education,552.6175293828398,Poor,37.0,0.8419116191671803,2022-07-24,0
C04437,25.0,Female,East,Bachelor,Self-Employed,68057.72977469815,17312.436259617276,Home,519.0795848364377,Poor,56.0,0.3852023743642411,2022-06-20,1
C04438,36.0,Male,West,Bachelor,Salaried,82758.32716688693,17808.975158039408,Education,647.7146369431881,Good,40.0,0.8742603117978617,2015-04-27,0
C04439,55.0,Female,East,Master,Salaried,45711.732471133524,31675.388736255816,Personal,804.0541456338299,Fair,38.0,0.8006294700101186,2022-07-31,0
C04440,20.0,Male,South,High School,Business,15000.0,25142.081526487404,Auto,740.6240625904845,Good,55.0,0.16297258112266547,2019-12-02,0
C04441,22.0,Male,East,nan,Salaried,67777.16044242372,35648.853801826466,Auto,589.366517770217,Good,44.0,0.755588522409412,2022-08-21,0
C04442,30.0,Female,East,Master,Salaried,76736.47072162606,14226.885392952161,Auto,,Fair,67.0,0.5250969967232582,2017-08-01,0
C04443,64.0,Male,West,Master,Business,81843.26220688797,8350.443395170483,Home,,Good,42.0,0.9305458445145934,2020-12-02,0
C04444,63.0,Male,nan,Master,Business,39468.29831040512,29969.043313968592,Home,681.9812515583227,Good,43.0,0.489656095607666,2015-03-14,0
C04445,48.0,Male,South,Bachelor,Self-Employed,49852.150709390466,19794.339410397606,Personal,687.8295407184528,Fair,52.0,0.15695658556438213,2017-04-28,0
C04446,72.0,Female,West,Master,Salaried,37253.17553777952,11971.617662773326,Home,719.48593406736,Fair,43.0,0.34916607861186966,2019-08-20,0
C04447,33.0,Male,North,Bachelor,Salaried,46518.22823441308,24887.986414030438,Auto,532.5752227131793,Good,34.0,0.46567801038730383,2020-01-21,0
C04448,67.0,Female,West,Master,Business,45255.76366961708,12949.836242473231,Personal,555.080900835886,Good,61.0,0.6031300262918414,2020-05-15,1
C04449,49.0,Male,South,High School,Self-Employed,52255.41208322406,26889.959462443454,Personal,644.3322081571281,Good,39.0,0.22928991637454035,2017-04-25,1
C04450,39.0,Male,North,High School,Self-Employed,58714.08118816265,24859.516709579708,Auto,572.5682498251585,Good,43.0,0.5378202331782522,2018-06-24,0
C04451,46.0,Male,South,Bachelor,Business,67867.02898141276,17740.36542300715,Business,566.7708447511308,Good,57.0,0.5109518817762206,2015-04-21,1
C04452,39.0,Male,East,Bachelor,Salaried,43861.91521036554,3133.344312971629,Auto,670.38930344172,Poor,42.0,0.811163174162253,2022-12-16,0
C04453,60.0,Male,North,Bachelor,Salaried,61506.57794565572,10768.362202610999,Personal,581.2973326665224,Good,50.0,0.35704247419301127,2017-10-18,0
C04454,20.0,Male,West,Bachelor,Unemployed,42329.36674745196,35183.543175457235,Business,819.3242667791344,Good,59.0,0.4820898273778085,2021-10-27,0
C04455,71.0,Female,North,Master,Self-Employed,21119.500639976148,37454.777437196375,Auto,610.0125509529573,Poor,57.0,0.43032076410218234,2017-11-28,0
C04456,27.0,Female,West,Bachelor,Self-Employed,78515.28009904882,45932.551460833,Auto,629.732593684423,Fair,50.0,0.637396665145253,2018-06-17,1
C04457,59.0,Male,East,Bachelor,Unemployed,48429.90070901791,24003.822334071192,Business,672.3155405387853,Good,45.0,0.8107606369710059,2020-06-03,0
C04458,38.0,Male,South,High School,Unemployed,21672.709621103626,9099.093039183244,Business,536.903346414069,Good,34.0,0.6742805125724549,2015-07-31,0
C04459,33.0,Female,South,Bachelor,Self-Employed,79012.65575353922,33390.05997921176,Education,688.1378384124009,Poor,41.0,0.49529164635862655,2020-04-26,0
C04460,29.0,Male,East,Bachelor,Salaried,58729.55580983231,17358.318937440883,Business,675.6100737375415,Good,47.0,0.6421552407940005,2016-11-23,0
C04461,19.0,Male,East,Master,Student,76320.28483262677,13176.772214316863,Home,623.8020863466725,Good,31.0,0.3739073679654703,2018-04-17,1
C04462,58.0,Female,East,High School,Self-Employed,75459.11232943385,23347.440268222956,Business,670.5445480697213,Good,49.0,0.22248486549903124,2022-09-01,0
C04463,41.0,Female,South,High School,Salaried,37641.21242164042,38969.29044969291,Personal,682.1211884617977,Good,49.0,0.3717602357804942,2021-07-14,1
C04464,52.0,Female,South,Bachelor,Self-Employed,88262.06127308814,18946.909006658545,Business,757.6393034225225,Good,39.0,0.4771361310434351,2016-07-17,0
C04465,73.0,Male,nan,Bachelor,Salaried,19182.34467608563,20170.015829870146,Auto,837.5196100985064,Fair,31.0,0.4733751930522626,2022-05-23,0
C04466,47.0,Male,North,Bachelor,Unemployed,55070.84565359395,4678.519679505582,Home,570.3874259273996,Fair,50.0,0.7269610561057591,2022-11-21,0
C04467,74.0,Female,South,Master,Self-Employed,53415.43229880679,21077.525033494057,Business,552.6989442543842,Good,41.0,0.8958935567755351,2018-07-24,0
C04468,47.0,Male,South,Bachelor,Business,45584.69798396478,26654.810515915742,Home,657.7062208481011,Fair,65.0,0.430615492201726,2016-06-06,0
C04469,64.0,Female,West,Bachelor,Business,95651.55084112377,19123.55589864581,Education,494.081113949047,Good,47.0,0.17348124095714076,2022-03-05,0
C04470,52.0,Female,West,Bachelor,Business,72531.19732546384,19865.041883131536,Home,698.7061423869128,Fair,52.0,0.12840120709595082,2015-10-11,0
C04471,36.0,Male,South,High School,Business,29796.792053736193,22251.375425754162,Auto,658.4810572304643,Fair,52.0,0.10335985492352424,2016-04-04,0
C04472,67.0,Female,North,Master,Unemployed,33413.786881304026,9508.22782176825,Education,677.5464949446033,Fair,38.0,0.8973851289843685,2021-08-14,0
C04473,25.0,Female,North,Bachelor,Salaried,118855.68520263382,1000.0,Business,627.232104866004,Good,44.0,0.9462883486405036,2019-01-10,1
C04474,43.0,Female,South,Bachelor,Salaried,53078.32993191326,18967.118165688447,Home,669.1261824476302,Fair,54.0,0.14367646592288938,2022-01-18,0
C04475,66.0,Male,South,Master,Business,45098.77874914414,17743.816284713535,Education,685.4179683232901,Good,45.0,0.4044773983376436,2021-09-29,0
C04476,57.0,Male,nan,High School,Self-Employed,93911.41219418168,25700.019412929032,Business,665.0017554249944,Good,41.0,0.6689433667010358,2021-06-02,0
C04477,24.0,Female,South,Master,Salaried,20572.299465311087,43971.03598867367,Business,549.1176038403094,Good,45.0,0.25210358927042464,2018-01-06,1
C04478,47.0,Male,South,Bachelor,Salaried,99675.25987526987,32960.23768716349,Home,662.9004370401141,Good,39.0,0.6052716099744433,2017-06-23,0
C04479,24.0,Female,West,Bachelor,Salaried,45053.48577845677,1000.0,Home,789.0473514537376,Good,38.0,0.7915747558636144,2016-05-24,0
C04480,20.0,Male,South,Master,Business,77872.35270164814,45207.83372894506,Education,668.0669043859897,Good,49.0,0.8293734652547299,2018-09-22,0
C04481,18.0,Male,East,Master,Business,53027.59425804399,26640.085992939945,Home,660.2791709576123,Good,50.0,0.7004575755876271,2022-05-18,0
C04482,53.0,Male,North,Bachelor,Salaried,25640.916066910708,17353.21169301666,Business,767.0028243418119,Fair,51.0,0.1694995506898952,2018-10-07,1
C04483,42.0,Female,South,Master,Business,69461.68918642656,34763.887095906,Auto,594.0788331676346,Good,44.0,0.3961364168900109,2017-02-12,0
C04484,54.0,Male,West,Bachelor,Salaried,88694.90697082257,1000.0,Education,716.7258230065079,Good,45.0,0.9222413602554347,2017-06-30,0
C04485,18.0,Male,East,Bachelor,Business,15000.0,14554.694266607341,Auto,610.2381985210869,Good,41.0,0.2638418037554776,2021-11-10,0
C04486,32.0,Male,South,High School,Self-Employed,36106.46815997522,21970.816169821475,Auto,731.4937507508852,Good,51.0,0.48583716253570775,2018-04-03,0
C04487,54.0,Female,East,High School,Business,95947.35503105898,20673.22569572097,Business,709.8536115850673,Good,48.0,0.3840503944574476,2015-04-13,0
C04488,30.0,Male,West,Master,Salaried,74940.60233430927,35140.77794761675,Auto,619.0790852504585,Poor,46.0,0.2747075419890158,2021-01-10,0
C04489,57.0,Female,South,High School,Salaried,76599.9782262463,31804.903685806785,Personal,,Fair,47.0,0.37500567441926425,2022-06-10,0
C04490,25.0,Female,East,High School,Business,88272.12179212876,26821.2363538293,Education,723.3358656063671,Good,52.0,0.26109087275880355,2017-06-16,0
C04491,22.0,Male,nan,Master,Salaried,76696.27923300039,17230.361458797383,Business,510.84118240825114,Good,41.0,0.8456653509948995,2020-04-21,0
C04492,26.0,Female,North,High School,Student,68686.72588957289,29613.324357067675,Home,616.8553167578976,Good,50.0,0.24827679118638207,2021-04-29,0
C04493,18.0,Male,East,High School,Self-Employed,92903.52532327338,14019.35442734612,Business,696.5313112718387,Good,42.0,0.6300125431354658,2019-06-11,0
C04494,53.0,Female,East,Bachelor,Salaried,55247.31290475797,27723.203817734793,Home,626.891992145376,nan,39.0,0.9009682708894302,2017-10-13,0
C04495,52.0,Female,East,Bachelor,Self-Employed,,12710.224010539216,Business,660.1147535155194,Good,38.0,0.9097488514836923,2016-10-21,1
C04496,19.0,Male,South,Master,Salaried,85646.38949050324,22941.93923171262,Personal,496.9136790754696,Fair,53.0,0.610360967836884,2017-02-21,0
C04497,57.0,Male,South,Bachelor,Self-Employed,45878.256625257505,5441.817148494081,Education,585.914142824784,nan,43.0,0.3302615347786243,2017-08-05,0
C04498,40.0,Male,East,Bachelor,Student,100622.3419159708,30355.18803460984,Auto,700.9589504113857,Good,37.0,0.31071313962004193,2023-01-12,0
C04499,26.0,nan,North,Master,Salaried,72283.61152785391,15554.26013962925,Business,593.674446720169,Good,48.0,0.7353500775170726,2016-10-29,0
C04500,51.0,Male,South,Bachelor,Business,36277.673298495254,6309.586606956971,Education,552.315521688349,Good,56.0,0.9336012260690211,2020-06-06,0
C04501,63.0,Female,North,Bachelor,Salaried,60160.373082412494,10363.439724375005,Education,729.6206399715946,Good,48.0,0.1659557321085055,2021-06-28,0
C04502,31.0,Male,North,Master,Self-Employed,30355.333589870235,16935.416731706497,Education,688.6763040552277,Good,44.0,0.7710482941606179,2018-02-28,1
C04503,21.0,Female,nan,Bachelor,Salaried,67147.3986412371,10877.900981957817,Education,568.3599985387182,nan,37.0,0.2045375726303605,2018-04-23,1
C04504,47.0,Male,South,Bachelor,Self-Employed,55529.88814789869,27201.674382073685,Education,660.3877883324074,nan,41.0,0.35345754503255944,2015-02-24,0
C04505,48.0,Female,nan,High School,Student,43382.376786000794,17222.646111335074,Auto,570.8039153956034,Fair,50.0,0.5816301041835029,2016-12-04,0
C04506,55.0,Male,North,Bachelor,Salaried,20496.581302603838,29349.70358025097,Auto,638.5655707343288,Fair,52.0,0.3526409927246609,2022-03-01,0
C04507,28.0,Female,East,High School,Self-Employed,45205.55558704985,17170.96138397753,Business,663.1991142144095,Good,48.0,0.6527219987047199,2021-12-04,0
C04508,52.0,Male,North,Bachelor,Self-Employed,60485.00763097179,27170.790290656973,Home,589.3627700599703,Good,45.0,0.4546164934282656,2021-09-05,0
C04509,25.0,Male,West,Master,Self-Employed,55699.97648712252,20089.84724619779,Business,705.674970014393,Good,46.0,0.28624667310764756,2022-09-25,0
C04510,20.0,Male,West,Bachelor,Self-Employed,29496.154947660674,17406.234933929583,Education,717.3013776741242,Good,35.0,0.551291135676255,2022-06-15,0
C04511,31.0,Female,North,High School,Self-Employed,65535.351612371975,9593.686703114327,Home,669.7674143674892,Good,36.0,0.12040827488460716,2018-11-06,1
C04512,30.0,Male,West,Master,Salaried,40361.6539600202,20678.5224180955,Business,,Fair,41.0,0.7299165974255051,2018-12-13,0
C04513,62.0,Female,North,High School,Unemployed,88047.25137039082,27353.95992695336,Home,541.0378371223443,Good,41.0,0.543945536189706,2020-12-26,0
C04514,49.0,Male,East,Master,Business,91728.23590185748,13124.876286398168,Auto,752.1640420132645,Good,43.0,0.9046952702957057,2016-01-11,0
C04515,51.0,Female,nan,Bachelor,Salaried,58573.03839665446,19875.29593029934,Education,643.1506258957648,Fair,42.0,0.18737104883699196,2020-04-09,0
C04516,62.0,Female,West,High School,Salaried,104403.14893526638,14484.225554441673,Home,,Fair,46.0,0.7224484024941769,2016-02-13,0
C04517,36.0,Female,nan,PhD,Business,61475.91161718748,39362.17284205937,Personal,660.9376859341944,Good,48.0,0.3558078348607946,2015-01-01,0
C04518,55.0,Male,South,High School,Student,32487.73990249453,23119.924286908954,Education,705.9102494291662,Good,37.0,0.4171763808429645,2018-02-22,0
C04519,33.0,Male,North,nan,Student,94630.69235214766,20899.43873248842,Auto,688.4262175290478,Poor,35.0,0.39621371394429816,2022-05-03,0
C04520,19.0,Male,North,High School,Unemployed,105352.86290235698,15142.468303040554,Auto,568.6482226408676,Good,34.0,0.40431863018000325,2022-12-02,0
C04521,57.0,Male,East,High School,Salaried,89865.56048187488,28839.23501229142,Business,706.8228417138124,Fair,49.0,0.46620971011554035,2016-06-24,0
C04522,34.0,Female,West,High School,Unemployed,45903.78343165103,19993.21403329659,Personal,645.4505688650607,Good,49.0,0.11785412328103474,2017-03-24,0
C04523,72.0,Female,North,High School,Unemployed,34115.91811566772,19350.923147896858,Home,687.5903136788091,Fair,41.0,0.8197437531634386,2018-08-04,0
C04524,51.0,Female,East,Master,Salaried,56242.59719889996,19267.118416640187,Business,589.8836374564025,Fair,35.0,0.8495265512711625,2015-06-08,0
C04525,59.0,Male,South,Bachelor,Salaried,126910.15578463158,8940.228212849515,Auto,728.4433692039989,Fair,50.0,0.13362305469005278,2021-03-15,0
C04526,33.0,Female,South,Master,Self-Employed,35577.96698921111,34958.38599884062,Home,663.7036644698617,Good,41.0,0.7596027145522217,2021-11-24,0
C04527,55.0,Male,East,High School,Self-Employed,85518.87777159149,29196.073816291508,Auto,739.1617485603672,Good,59.0,0.16143171824981445,2021-08-06,0
C04528,19.0,Female,South,Bachelor,Salaried,62686.63265345348,20089.19871847262,Auto,534.8848918357909,Fair,40.0,0.7866415585419141,2017-06-05,0
C04529,19.0,Male,West,Bachelor,Salaried,88603.80478557704,18968.973363727357,Personal,544.893566028874,Good,49.0,0.6210395635489363,2016-10-30,0
C04530,43.0,Male,North,Bachelor,Salaried,33500.29289492559,11184.058297941881,Education,631.997911502352,Fair,57.0,0.36039984742039644,2015-06-08,0
C04531,30.0,Male,West,Bachelor,Salaried,58762.46500301056,5239.821106423922,Home,760.0718764979587,Fair,44.0,0.621800209127476,2017-06-30,0
C04532,73.0,Female,North,Bachelor,Salaried,42548.75812236865,11190.499876987056,Personal,797.2108173255294,Good,30.0,0.5306491883792804,2018-07-02,0
C04533,64.0,Female,North,High School,Business,43971.22802214287,31436.28736435638,Auto,583.36802756939,nan,45.0,0.640391601089947,2019-07-14,0
C04534,48.0,Male,East,Master,Salaried,83416.0759991491,16133.019117046206,Auto,653.9785273708604,Good,45.0,0.5040660112987989,2021-12-15,1
C04535,51.0,Male,West,Master,Unemployed,37023.84054377895,30823.890583232045,Personal,661.6363981460491,Fair,47.0,0.7569434029089526,2020-03-10,0
C04536,56.0,Female,South,Bachelor,Unemployed,72246.73233856409,19699.984787797446,Home,703.8618209778541,Fair,48.0,0.13847910678302733,2022-09-15,0
C04537,20.0,Female,South,High School,Unemployed,66394.38787775216,11315.865304047467,Auto,716.3721999809366,Good,56.0,0.3926399623902793,2022-12-18,0
C04538,25.0,Male,East,High School,Business,41154.86883603366,12659.94733261101,Home,566.4201355316249,Good,51.0,0.5753937358736743,2018-02-25,1
C04539,40.0,Female,North,Bachelor,Salaried,46556.973557714744,22465.995819092637,Personal,654.8445020163028,Fair,44.0,0.6000065764078798,2019-07-30,0
C04540,31.0,nan,West,High School,Salaried,73348.31217576217,3805.0764768280733,Auto,499.361155717256,Good,51.0,0.24411323893637443,2015-12-26,1
C04541,73.0,Female,West,High School,Salaried,64371.588827114836,12329.643643395651,Business,710.8093462280303,Good,43.0,0.16335016382307826,2016-04-03,0
C04542,72.0,Male,North,Master,Student,65957.36218130116,15463.899274689407,Business,624.6035098756972,Fair,,0.11783182738839013,2022-11-20,0
C04543,44.0,Female,South,Bachelor,Salaried,59184.949206898375,28205.486334003224,Auto,559.5963440523453,Good,41.0,0.4510615810258275,2020-09-15,0
C04544,71.0,Female,West,Bachelor,Self-Employed,57566.919706135464,22829.42886858699,Education,674.9410107467609,Good,49.0,0.38082910018763494,2016-02-18,0
C04545,46.0,Male,South,High School,Business,64460.94705278249,21873.986149937573,Auto,622.2598067745878,Good,48.0,0.582636794353764,2022-07-29,0
C04546,56.0,Female,East,PhD,Unemployed,100980.05660798572,24633.803043897817,Auto,744.6095773082168,Good,46.0,0.4820876099516572,2018-05-29,0
C04547,70.0,Female,North,High School,Business,78227.07454324402,30341.16730906006,Auto,583.0563398340339,Poor,56.0,0.4349578466622378,2020-04-27,1
C04548,56.0,Male,East,Master,Self-Employed,61727.76234242215,20505.68013208293,Personal,816.7216400045701,Fair,51.0,0.8168225040884969,2018-04-09,0
C04549,18.0,Male,North,nan,Self-Employed,37953.95929066366,9657.181861780058,Auto,714.0916657222513,nan,41.0,0.6282887265729254,2018-03-08,0
C04550,34.0,Female,West,Master,Self-Employed,54524.244146132696,21878.920228742783,Auto,746.5770809888129,Good,54.0,0.6491856208567697,2018-01-07,0
C04551,58.0,Female,South,nan,Salaried,41993.8992274593,11596.067358611575,Personal,572.8372848838661,Fair,47.0,0.4245524245147293,2018-04-27,0
C04552,47.0,Male,South,Bachelor,Unemployed,45085.342810352,1000.0,Auto,784.1344532850319,Good,37.0,0.7603176686971101,2022-04-21,0
C04553,70.0,Female,West,High School,Self-Employed,18238.810675591587,21889.33410314267,Business,559.05894159438,Good,46.0,0.22927443549010348,2015-04-20,0
C04554,30.0,Female,North,High School,Salaried,,25167.290191258024,Business,634.2641227659818,Fair,37.0,0.44170062000963106,2018-08-10,0
C04555,38.0,Female,South,Bachelor,Unemployed,,23468.649663665667,Auto,747.849247055507,Good,44.0,0.14009781930832443,2016-02-14,1
C04556,36.0,Male,South,High School,Self-Employed,69904.22496165533,25053.370849016985,Personal,688.0076804378356,Good,43.0,0.19812174993505693,2018-02-25,0
C04557,70.0,Female,South,Bachelor,Unemployed,83185.17837485482,31146.804812048053,Auto,557.0628562028029,Good,38.0,0.16929697779573588,2017-11-13,0
C04558,36.0,Male,West,High School,Unemployed,88994.96155183538,10309.298418078639,Auto,735.1557546381989,Fair,59.0,0.4752207118354802,2015-08-02,0
C04559,74.0,Male,West,Master,Business,57832.53883685054,16119.961773718851,Home,675.4965839556903,Fair,49.0,0.6927257036658804,2020-02-17,0
C04560,42.0,Female,North,Bachelor,Salaried,59506.20785355965,7129.071692007405,Education,618.78498229588,Good,55.0,0.3657922040519217,2016-08-07,0
C04561,39.0,Male,East,Bachelor,Salaried,30083.33160782436,24493.423099519994,Personal,534.3493057962785,Good,44.0,0.12261940246516057,2019-10-23,1
C04562,48.0,Female,East,nan,Unemployed,69922.87006017611,32288.13115353375,Education,682.6062897404621,Good,47.0,0.701127133634669,2021-07-27,1
C04563,34.0,Male,West,High School,Unemployed,66397.23198849997,14555.245451865409,Home,637.7429147775181,Good,38.0,0.27631810709272187,2015-05-20,0
C04564,72.0,Male,South,Master,Self-Employed,43595.38864887635,27223.06195410411,Education,661.7232011560426,Poor,54.0,0.7142734846409191,2022-05-28,1
C04565,40.0,Male,East,Master,Salaried,93713.57537558008,12306.458383355293,Auto,531.1098979872056,Poor,38.0,0.1062514312172697,2016-12-29,0
C04566,49.0,nan,East,High School,Salaried,45584.12100145017,26454.854838960502,Business,618.600720623274,nan,55.0,0.36549078600133855,2021-11-27,1
C04567,27.0,Female,South,Bachelor,Student,136184.34632112517,1000.0,Personal,686.0228466156134,Fair,39.0,0.6280461344533909,2019-12-10,0
C04568,27.0,Female,South,Bachelor,Salaried,75086.15725030746,35226.39891673172,Personal,790.7348458478549,Poor,42.0,0.8404781548961426,2020-01-03,1
C04569,53.0,Male,North,Master,Salaried,64453.17156138296,9097.263357224974,Auto,634.6038782862028,Fair,35.0,0.7410091761867325,2018-07-13,0
C04570,25.0,Male,West,Bachelor,Self-Employed,113473.55326589284,21689.431746404345,Education,758.247429430109,nan,44.0,0.4821767619446371,2021-08-18,0
C04571,71.0,Female,South,Bachelor,Salaried,15000.0,34048.04551935522,Personal,709.0511315637385,Fair,48.0,0.7107375824217467,2023-01-29,0
C04572,69.0,Male,nan,Master,Unemployed,57844.45380350684,8319.758081682588,Home,667.5338724690012,Good,52.0,0.5569101961930676,2023-02-05,0
C04573,37.0,Male,South,High School,Salaried,54161.32069811517,37595.47271829562,Home,574.0743662250414,Good,62.0,0.7913862226491462,2018-02-21,1
C04574,49.0,Female,East,Master,Salaried,60471.58092518295,41030.877286682284,Education,577.2141092351783,Good,41.0,0.7562557171210679,2019-06-24,0
C04575,67.0,Male,West,Master,Self-Employed,70653.07596370678,26889.83546681561,Home,696.315565302995,Fair,43.0,0.92947434368988,2021-08-18,0
C04576,31.0,Female,East,Master,Self-Employed,59735.55096157623,20168.101435718938,Business,610.5128319421091,Good,57.0,0.18919735749630018,2017-09-26,0
C04577,67.0,Female,West,Master,Salaried,100025.05141122891,18151.955350261655,Auto,603.8477960925425,Fair,46.0,0.3895991706826031,2021-04-27,0
C04578,45.0,Male,West,Bachelor,Self-Employed,75884.33668169945,25742.40498382413,Personal,636.454224572428,Fair,42.0,0.2635202846621614,2020-08-22,0
C04579,63.0,Male,South,nan,Salaried,77099.73661599933,27461.90640756221,Auto,637.7126877245606,Good,41.0,0.6361528710447297,2020-07-31,0
C04580,69.0,Male,East,Bachelor,Unemployed,76558.64539681934,1000.0,Education,717.5575982145265,Good,41.0,0.6644235432148734,2018-12-30,0
C04581,70.0,Female,North,Bachelor,Salaried,32789.996661436824,17151.681047480277,Auto,612.0876726304842,Poor,37.0,0.2732390813310036,2018-12-17,0
C04582,41.0,Female,East,High School,Student,70049.15356543349,14152.885962852939,Personal,710.0930027018237,Good,45.0,0.4583197100246992,2016-01-14,0
C04583,32.0,Male,North,nan,Self-Employed,70911.66689827609,12705.688966001773,Personal,682.9778850540803,Good,36.0,0.6118276891699697,2019-12-18,1
C04584,39.0,Male,East,Master,Salaried,36892.31484196616,12902.883733312683,Education,524.4503009478461,Poor,44.0,0.6601102213877885,2015-07-11,0
C04585,47.0,Female,East,Master,Salaried,87149.99936937088,7058.845252786672,Personal,672.088074723748,Good,41.0,0.187249936750643,2016-06-12,0
C04586,21.0,Female,South,High School,Self-Employed,15000.0,35498.717041592645,Home,449.9181174292173,Good,56.0,0.8829119038038474,2019-09-30,1
C04587,30.0,Male,South,Master,Salaried,127992.70193440768,14126.898021518125,Auto,582.8582553761009,Good,48.0,0.12897064778111492,2019-07-04,1
C04588,40.0,Male,nan,Master,Salaried,64061.775871858925,18551.601170496644,Business,684.7307634921686,Poor,47.0,0.9270010430198943,2016-06-20,0
C04589,25.0,Male,North,Bachelor,Salaried,43613.70720577749,16874.952515010387,Business,649.2017674805469,Fair,48.0,0.36887694718596087,2020-10-22,0
C04590,35.0,Female,North,High School,Self-Employed,80443.2060525249,14512.438800810134,Business,517.4080920528844,Good,40.0,0.36889373681915494,2019-01-25,0
C04591,29.0,Female,North,Bachelor,Self-Employed,80653.84284557958,24169.725629801535,Education,566.0628674769839,Poor,50.0,0.47912209615260326,2015-01-19,0
C04592,72.0,Male,nan,High School,Salaried,116152.8549417108,16877.82580914028,Business,454.3315165060834,Poor,41.0,0.6907146059116369,2019-12-08,0
C04593,48.0,Female,nan,Bachelor,Self-Employed,109554.40539170608,26053.733942869032,Auto,549.3077557216787,Fair,34.0,0.2356615161320959,2015-09-23,0
C04594,31.0,Male,East,High School,Business,31754.179238589808,35700.50897470112,Personal,693.4297511988913,Poor,46.0,0.31673706299639426,2015-08-27,0
C04595,51.0,Male,West,Bachelor,Salaried,58248.85138609906,8998.27089095064,Home,608.192529606864,Fair,40.0,0.9173367820707136,2022-04-28,0
C04596,35.0,Male,North,High School,Unemployed,42258.64129948379,23228.16838126752,Business,662.7459156294918,Fair,38.0,0.8453158220449188,2021-12-23,0
C04597,73.0,Female,nan,High School,Self-Employed,83553.8793569543,22932.440469789686,Business,651.0233286154622,Good,49.0,0.2805329320783928,2020-11-10,0
C04598,51.0,Male,North,High School,Student,100375.14382060112,8246.094367809026,Business,652.443730287469,Good,33.0,0.5870597199490393,2016-08-27,0
C04599,28.0,Female,North,PhD,Salaried,32085.365352424356,26461.648718881697,Home,726.7349317334789,Good,48.0,0.27306148793757756,2021-03-11,1
C04600,58.0,Male,North,Bachelor,Student,63419.886638694064,17377.026980585928,Auto,634.7817018371732,Fair,46.0,0.5675520689606469,2020-03-20,0
C04601,29.0,Male,East,Bachelor,Self-Employed,49203.384879633195,35792.965765639674,Business,718.300127979493,Good,50.0,0.41090730076091675,2015-11-30,0
C04602,66.0,Male,West,Bachelor,Self-Employed,86110.99870632219,29990.01330462625,Personal,464.19924552968735,Good,34.0,0.4080610289056552,2020-06-01,1
C04603,32.0,Female,South,Bachelor,Self-Employed,75237.13644708996,19994.957901262645,Education,733.3569467633035,Good,41.0,0.6398093739995552,2015-09-15,0
C04604,74.0,Male,nan,PhD,Salaried,94395.35558539086,17836.02827992126,Home,553.2441430917667,Good,54.0,0.31406472094199334,2021-05-04,0
C04605,48.0,Female,South,High School,Unemployed,54473.43126047476,37325.889435597564,Auto,569.5295207691258,Good,56.0,0.44362066441568027,2020-11-03,0
C04606,66.0,Male,North,High School,Self-Employed,62083.76882777358,14206.918589018362,Personal,597.1536882881558,Fair,,0.8864700219929015,2016-08-10,0
C04607,46.0,Male,South,nan,Salaried,74852.87436036524,22644.577774446232,Home,731.2891415623577,nan,45.0,0.7420600794262818,2020-08-08,0
C04608,43.0,Male,East,Bachelor,Salaried,58223.745761603066,19348.746430897576,Home,583.3025113141507,Poor,48.0,0.42579092679001607,2018-09-17,0
C04609,35.0,Male,West,High School,Salaried,72475.03840540872,31948.63671116437,Education,600.8083415572735,Fair,32.0,0.2957225857784137,2022-03-12,0
C04610,49.0,Male,South,High School,Self-Employed,96753.71054916116,32717.090927207668,Education,577.8734211480665,nan,50.0,0.6601598857557596,2022-10-03,0
C04611,39.0,Male,East,High School,Self-Employed,118339.93198852029,25423.963846398932,Auto,669.1546100644579,Good,41.0,0.7865362327706095,2018-04-19,0
C04612,55.0,Female,South,nan,Self-Employed,52791.7305163988,14721.949355857643,Business,705.770625116575,Good,58.0,0.8316499790957625,2021-04-06,0
C04613,34.0,Female,East,High School,Salaried,118688.32831949965,18435.033034118824,Education,777.8243386820473,Good,51.0,0.5796390878891314,2021-09-16,1
C04614,40.0,Male,nan,PhD,Self-Employed,52442.683248073066,7697.827865214345,Auto,829.9863124840078,Poor,35.0,0.5392798784601252,2022-05-05,0
C04615,41.0,Male,North,nan,Self-Employed,86723.16405711265,22488.885231444674,Home,698.7635564890977,Good,44.0,0.7116960411330931,2018-11-09,0
C04616,67.0,Male,West,Bachelor,Salaried,52640.09829793087,11934.143225282254,Business,677.4240640152026,Fair,46.0,0.24940180864988964,2016-07-17,0
C04617,25.0,Male,East,High School,Salaried,39260.17849358854,42388.32894884811,Personal,558.6995200918841,Fair,49.0,0.8243180950508049,2019-04-02,1
C04618,58.0,Male,South,High School,Salaried,95568.1502521316,14523.453977127527,Home,793.1977365298233,Good,47.0,0.16283497881606634,2017-09-20,0
C04619,23.0,Female,nan,Bachelor,Unemployed,63771.255311536115,30257.89429834216,Auto,666.1552332000459,Good,,0.6125643656060052,2021-04-01,1
C04620,22.0,Male,South,Bachelor,Business,97099.95833537816,35284.83796549806,Personal,628.3201368569273,Fair,47.0,0.6012394869671142,2017-08-11,0
C04621,61.0,Male,South,Bachelor,Student,83800.3511515436,28288.368852020387,Home,679.0648826790165,Fair,45.0,0.36409696791050683,2021-11-07,0
C04622,74.0,Male,North,Bachelor,Salaried,75277.85353284946,14933.621574291154,Education,602.273695445384,Good,,0.13014342875984355,2015-11-14,0
C04623,46.0,Male,North,PhD,Unemployed,78778.89938145562,14219.09063424351,Auto,474.67463267814844,Fair,50.0,0.7101766413973736,2018-12-11,1
C04624,45.0,Female,West,Bachelor,Self-Employed,92216.08858247026,49441.16008982601,Personal,692.8852190700202,Poor,41.0,0.12054800467918714,2017-04-17,0
C04625,28.0,Male,East,Bachelor,Self-Employed,88161.20367062464,39739.459014223525,Education,750.6855388950428,nan,43.0,0.25266992850064174,2016-08-30,0
C04626,74.0,Male,West,Master,Salaried,54886.75591130476,23034.714567058414,Personal,691.769197640071,Good,41.0,0.5626013037692332,2022-08-11,0
C04627,18.0,Female,North,High School,Business,75573.36079613007,16616.27817215715,Business,649.4690652498759,Good,53.0,0.8989855770817938,2018-10-12,0
C04628,60.0,Male,North,High School,Unemployed,102515.38467837547,11299.884801822598,Business,650.995381429352,Good,41.0,0.1560434824111472,2022-11-19,1
C04629,36.0,Female,North,High School,Salaried,66132.26118237167,13802.127529539244,Auto,662.9209810787215,Fair,53.0,0.5919688958451806,2022-12-18,1
C04630,26.0,Female,East,High School,Salaried,52647.68334309921,27103.08329943784,Personal,660.6240665816438,Poor,43.0,0.37955907961614854,2015-01-22,1
C04631,44.0,Male,nan,Bachelor,Self-Employed,49465.413831306614,43129.10629760874,Business,645.4474011889585,Poor,55.0,0.6690052757339668,2017-06-16,0
C04632,51.0,Female,East,Bachelor,Student,86228.85760200516,18812.009925278326,Home,651.9007159601638,Poor,39.0,0.9099724934080119,2016-04-02,1
C04633,61.0,Male,South,Bachelor,Business,58989.371633741146,31984.765360993966,Home,766.6259555330348,Fair,52.0,0.32830176830735414,2017-12-11,0
C04634,21.0,Female,West,nan,Salaried,74055.87598887461,28984.874386942964,Business,685.42049107599,Fair,45.0,0.9125379372912049,2022-09-05,1
C04635,53.0,Male,West,High School,Salaried,57798.402753245806,17075.196648815887,Business,657.8860238018423,Good,36.0,0.8400323557796702,2019-01-29,0
C04636,35.0,Male,North,Bachelor,Salaried,94348.64144253483,29990.723528538663,Auto,699.4420172221937,Good,52.0,0.6159975284572751,2019-09-05,1
C04637,32.0,Female,West,High School,Unemployed,68755.41035633747,30301.398560825815,Auto,699.4474240087433,Poor,41.0,0.7445011712752075,2020-03-31,0
C04638,68.0,Female,South,Bachelor,Business,100704.23165583213,29168.088958838816,Home,720.9498472077394,Fair,40.0,0.8351548036844831,2020-11-16,1
C04639,30.0,nan,North,Bachelor,Self-Employed,99788.60208370212,15873.914256520839,Education,593.2316441125355,Good,42.0,0.7829483371644187,2021-02-06,1
C04640,36.0,Female,North,PhD,Salaried,62796.37702588955,27171.10094866911,Personal,613.9604070389157,Good,54.0,0.3777015327971208,2017-11-25,0
C04641,66.0,Male,South,Bachelor,Unemployed,98333.5981871695,31890.440542288008,Education,588.9831909354311,Good,40.0,0.7907134653153595,2018-12-29,1
C04642,23.0,Male,South,High School,Self-Employed,56555.77212272426,29557.564862616222,Auto,707.5042192620268,Good,45.0,0.3664910150371685,2016-06-07,0
C04643,65.0,Male,South,Bachelor,Student,,30778.164403875682,Education,703.8403230805269,Poor,56.0,0.837017398488912,2019-07-08,1
C04644,73.0,Male,North,High School,Self-Employed,45507.31393589644,17969.775220264666,Auto,554.5067845608221,Good,54.0,0.31714614304427613,2016-03-05,1
C04645,29.0,Male,West,High School,Business,79838.87847100294,30725.465119446486,Education,679.3128359615242,Good,51.0,0.5864217305458839,2018-05-25,1
C04646,68.0,Female,nan,Bachelor,Business,72532.40873289345,32900.65035876678,Home,752.9175400900905,Fair,57.0,0.6889850978604121,2017-09-28,0
C04647,54.0,Male,West,High School,Salaried,77854.97245910457,15430.84566630839,Auto,632.3500520956635,Good,43.0,0.46192254599490246,2019-11-21,0
C04648,34.0,Male,South,Bachelor,Student,30996.80953979282,6159.3379625061025,Home,673.5479955444729,Good,56.0,0.7655266210326438,2022-04-30,0
C04649,40.0,Male,North,Bachelor,Salaried,15266.103323526288,36355.85998976279,Education,704.7864277118318,Good,46.0,0.8865525192696729,2015-01-20,0
C04650,43.0,Female,North,Bachelor,Business,36684.227217252046,15374.69209874302,Business,550.958132045096,Good,40.0,0.25831512995668426,2018-02-21,0
C04651,46.0,Female,North,High School,Student,77477.9662031809,12574.134027769327,Business,661.3991119243327,Good,38.0,0.12842625391960083,2022-04-25,0
C04652,50.0,Female,East,nan,Salaried,81836.32770789869,22122.913214792316,Personal,745.4087142306104,Poor,45.0,0.6325389543851715,2016-12-15,0
C04653,44.0,Male,East,Bachelor,Self-Employed,93233.41980407748,17300.249342410192,Business,605.5093387426889,Good,34.0,0.6118588331968452,2015-05-28,0
C04654,42.0,Female,East,Master,Self-Employed,54887.22081702216,1000.0,Personal,712.4349606694121,Fair,39.0,0.3901087856307718,2016-08-31,0
C04655,73.0,Male,East,Bachelor,Business,70216.05044495351,28918.181780704723,Education,,Good,44.0,0.7676435301324175,2019-08-01,0
C04656,72.0,Female,South,Bachelor,Unemployed,47474.344156325344,28667.877755870737,Personal,599.4121518399744,Fair,41.0,0.8022211663951487,2017-12-21,1
C04657,27.0,Female,South,Bachelor,Self-Employed,99184.92034524662,9686.321987521129,Personal,642.7618586889189,Fair,45.0,0.38218782826855746,2017-12-23,0
C04658,64.0,Male,East,Bachelor,Business,47266.26885432897,19745.388892355084,Personal,610.5404056935326,Good,46.0,0.6799316246594043,2022-07-24,1
C04659,40.0,Female,South,High School,Salaried,94463.21340021769,9827.84825876059,Home,583.376446867785,Fair,39.0,0.6457213109024216,2017-11-13,0
C04660,38.0,Female,North,Bachelor,Salaried,58717.19574398771,11412.341674168973,Personal,630.9241420660169,Good,39.0,0.3912475485436264,2022-10-27,0
C04661,38.0,Male,South,Master,Salaried,104381.14016922741,13980.943066528485,Auto,655.1319734289592,Good,40.0,0.9237760180753598,2016-02-21,0
C04662,60.0,Female,South,Bachelor,Self-Employed,69573.94158481807,25285.755070751296,Education,637.5459213088349,Fair,41.0,0.3944419135778021,2016-02-22,0
C04663,30.0,Male,North,High School,Salaried,69027.18422317955,40111.87683210839,Home,630.0969814153369,Fair,46.0,0.627241419808444,2019-10-09,0
C04664,54.0,Male,West,Bachelor,Self-Employed,46147.99713166978,15867.473060462555,Auto,666.9496912224199,Poor,50.0,0.42310745074681666,2022-12-13,0
C04665,50.0,Male,West,Master,Salaried,119175.42681211465,28389.588711543634,Education,689.8554481235786,Poor,65.0,0.11005807354857013,2022-09-21,0
C04666,41.0,Male,North,Master,Business,89770.39443726763,27976.29895539079,Home,564.1928575370196,Fair,44.0,0.17789272055199767,2018-10-29,1
C04667,61.0,Female,North,High School,Salaried,77798.90523877785,1000.0,Education,,Poor,51.0,0.29746888208264244,2016-10-24,1
C04668,28.0,Male,East,Master,Self-Employed,70988.865534909,6149.892639961772,Business,501.98443175046134,Good,46.0,0.7903429587064258,2019-11-26,0
C04669,34.0,Female,North,Bachelor,Self-Employed,48481.67119020334,40462.816562890795,Education,,Good,44.0,0.4757551237970501,2016-06-06,1
C04670,21.0,Male,South,Bachelor,Unemployed,81831.77612400372,14937.912824460967,Business,661.2896784553716,Good,55.0,0.6003301146340869,2020-03-24,0
C04671,64.0,Female,North,Bachelor,Business,63332.43436335691,24530.772267523942,Business,692.7335009124077,Good,48.0,0.9022780867121538,2017-09-21,0
C04672,42.0,Female,North,Master,Business,66438.01057416592,23367.96452278442,Education,661.5578604872228,Good,40.0,0.22497015494291903,2021-08-18,0
C04673,47.0,Female,West,PhD,Unemployed,87274.2631126735,1000.0,Business,691.1131733040686,Poor,46.0,0.8325464641817178,2021-05-29,0
C04674,26.0,Male,West,PhD,Self-Employed,72111.31644070827,13179.530271862091,Home,654.8918736251958,Good,50.0,0.4223506067685251,2016-06-22,0
C04675,38.0,Male,North,High School,Salaried,65453.769154019494,27266.615021191014,Business,599.3361216363144,Fair,54.0,0.38685800200848486,2017-10-21,1
C04676,37.0,Male,South,PhD,Unemployed,100891.20713546668,10622.03375644572,Personal,566.3048623707725,Good,36.0,0.6316990472953368,2016-03-22,1
C04677,36.0,Female,North,High School,Business,44528.24201096498,16219.03145815172,Home,630.2747969533602,Fair,45.0,0.8638427679707998,2019-07-27,1
C04678,36.0,Female,North,High School,Salaried,23628.080278648806,7959.10484158524,Home,592.5292847444782,Fair,38.0,0.3962555255603125,2017-10-31,0
C04679,29.0,Male,nan,Bachelor,Business,45100.05708451614,11594.7923970598,Home,641.0210664026772,Good,44.0,0.7471970050095454,2022-08-16,0
C04680,54.0,Male,East,Bachelor,Unemployed,68801.04526913186,14732.6080911809,Personal,613.1092247384428,Poor,47.0,0.11635577184675826,2015-12-02,0
C04681,59.0,Female,East,Bachelor,Student,82363.7526000911,1408.3696280884797,Personal,681.4310759423036,Good,46.0,0.6296363705127881,2021-10-07,0
C04682,34.0,Male,West,Bachelor,Student,46397.150872346385,31715.59010470227,Personal,653.6716268342926,Poor,49.0,0.6359748690698237,2019-04-13,0
C04683,54.0,Female,West,PhD,Salaried,157186.6700374575,6114.087692237292,Personal,683.5620752192937,Good,53.0,0.5726514422322063,2021-05-21,0
C04684,71.0,Female,West,High School,Salaried,69554.02386111551,18275.73438162054,Personal,683.1788542455921,Good,56.0,0.8971492306222114,2020-12-31,1
C04685,65.0,Female,North,High School,Salaried,68794.53921016735,12551.227562626049,Auto,636.5245217212678,nan,43.0,0.8978025879754549,2020-04-04,0
C04686,56.0,Male,North,PhD,Salaried,32759.13730411806,30768.531989502248,Auto,641.124774130901,Fair,38.0,0.3907517452861994,2018-09-04,0
C04687,45.0,Male,East,High School,Unemployed,28930.032471273465,7676.179965173098,Personal,687.6203366241022,Good,45.0,0.4879096144682973,2016-07-16,0
C04688,58.0,Female,South,Bachelor,Salaried,20422.613384032746,12179.367187603351,Home,833.4454198005594,Fair,41.0,0.7735192178218431,2022-07-11,0
C04689,52.0,Female,nan,Bachelor,Self-Employed,99285.47504760497,6628.680493205175,Business,575.8151639798314,Good,43.0,0.8173246907380234,2015-03-23,0
C04690,64.0,Male,East,Bachelor,Self-Employed,95311.27377358712,1000.0,Business,653.1313615992095,Good,52.0,0.45527348411137214,2019-10-13,0
C04691,65.0,Male,nan,Bachelor,Business,64963.68503055359,25090.893310575455,Auto,560.321873958197,Good,50.0,0.39667260400181725,2015-12-22,0
C04692,35.0,Female,North,High School,Salaried,34627.20888040631,20323.014010375417,Personal,648.4315737831566,Good,50.0,0.7975240502969592,2020-02-08,0
C04693,31.0,Female,West,Master,Salaried,58061.87472150226,22190.83315363225,Education,599.4454322259219,Poor,46.0,0.4203390651360238,2021-05-18,0
C04694,52.0,Female,South,High School,Salaried,100535.95437131263,28104.862476292714,Business,641.007019171088,Poor,33.0,0.4444473637122305,2022-05-13,0
C04695,61.0,nan,nan,Bachelor,Salaried,52396.12791115968,21081.012631251655,Business,661.6482750460893,Good,27.0,0.21520086643971814,2019-01-14,0
C04696,58.0,Male,North,High School,Student,42448.93046751221,15559.864047431118,Home,613.2956665682029,Fair,41.0,0.561506766910645,2015-02-14,0
C04697,24.0,Male,East,Bachelor,Business,55474.994298298625,22596.3616531836,Business,516.2180992859463,Good,44.0,0.37748085563387357,2021-06-21,1
C04698,58.0,Female,West,Bachelor,Self-Employed,57678.47625981237,14935.118251883581,Auto,756.9151757864605,Good,52.0,0.6020157200094474,2020-04-23,0
C04699,30.0,Female,South,PhD,Unemployed,83452.16989760945,31123.510774232185,Personal,712.9457734849482,Fair,52.0,0.48097770734453293,2019-04-04,0
C04700,35.0,Male,South,Master,Salaried,15000.0,16379.226574410868,Personal,640.2080578316851,Good,44.0,0.735915993349041,2022-08-02,0
C04701,54.0,Male,nan,Bachelor,Business,69233.22776659689,18807.645826224718,Business,582.8950251342079,Good,55.0,0.3361069413760975,2015-04-15,1
C04702,30.0,Female,South,PhD,Salaried,47579.6439894083,26365.71077670178,Education,656.376844271227,Fair,47.0,0.24619962498618536,2021-12-11,0
C04703,53.0,Male,East,Bachelor,Business,51611.45041832257,43361.14143850311,Auto,,nan,47.0,0.6975157966582501,2017-05-23,1
C04704,48.0,Male,North,Bachelor,Self-Employed,83861.49308325759,9778.169185633207,Business,707.7508861819706,Good,50.0,0.4265081224481554,2015-09-05,0
C04705,19.0,Female,West,Bachelor,Salaried,32454.806631741336,7816.428446184984,Auto,714.6666623300589,Good,38.0,0.579063038780514,2022-11-20,0
C04706,33.0,Female,East,Bachelor,Salaried,69498.25779528347,17549.96994841916,Education,728.8007228983885,Good,41.0,0.8999084255159646,2016-07-21,0
C04707,26.0,Female,South,Master,Salaried,77031.86136624297,12517.706592355818,Auto,519.4355232878765,Fair,52.0,0.5114796407314582,2020-03-19,0
C04708,26.0,Male,North,High School,Business,79490.18375344829,26999.63066323442,Auto,627.1517589484142,Fair,34.0,0.22953330985967516,2020-11-27,0
C04709,55.0,Female,East,Bachelor,Salaried,82671.66959353873,21974.419762338603,Auto,724.482561545872,Poor,50.0,0.46269798621189706,2015-07-04,0
C04710,28.0,Female,North,Master,Self-Employed,79297.62529495619,8805.477814067302,Personal,580.7276223021527,Poor,52.0,0.5067513294574506,2017-10-23,0
C04711,71.0,Female,North,PhD,Business,82981.64635328128,27494.60539690827,Education,741.4450682886255,Poor,55.0,0.7510816492462431,2020-01-11,0
C04712,73.0,Female,East,Master,Self-Employed,42979.94172842793,38476.69102118555,Personal,785.7783211353707,Fair,46.0,0.2659100171721415,2018-09-13,0
C04713,39.0,Male,North,Bachelor,Business,99141.8421119284,12009.702759611182,Home,739.3440739594371,Good,33.0,0.39486650224183817,2019-08-19,0
C04714,50.0,Male,North,Bachelor,Salaried,35385.90782252349,23252.652041761747,Business,699.6192805327411,Fair,42.0,0.14252407162969943,2021-08-19,1
C04715,53.0,Male,East,Bachelor,Self-Employed,74258.61223623293,1000.0,Personal,616.4370329477864,Fair,54.0,0.6966812416969744,2015-04-08,0
C04716,62.0,Male,North,Bachelor,Unemployed,47977.71066950291,16318.923349392986,Auto,671.1226102810904,Good,48.0,0.7323424923147049,2018-07-28,0
C04717,40.0,Female,South,PhD,Self-Employed,,23096.63059965582,Home,549.0429013459533,Good,54.0,0.48861266348234356,2020-03-30,0
C04718,62.0,Female,North,PhD,Self-Employed,50747.25372498759,18586.418228840488,Education,591.4167001556183,Good,69.0,0.557528359864677,2022-11-20,0
C04719,62.0,Female,East,Master,Business,62038.748588363764,21125.872599070608,Education,596.6897388116397,Poor,39.0,0.7373417624969685,2017-01-16,0
C04720,51.0,Female,East,High School,Salaried,99672.7208514919,12219.51367462768,Personal,,Good,51.0,0.3280562159028465,2022-03-15,0
C04721,26.0,Male,East,Master,Business,110491.81428263857,32600.1773942137,Auto,620.5867050928782,Fair,51.0,0.6159204930068499,2017-07-22,0
C04722,41.0,Male,South,PhD,Unemployed,61758.98226885988,15893.43297261536,Auto,669.6199967465049,Good,48.0,0.9193314455322078,2015-06-05,0
C04723,25.0,Male,North,Bachelor,Salaried,30274.27948492048,7705.392152770735,Education,715.8370118657944,Fair,35.0,0.6592726456503727,2015-12-03,1
C04724,24.0,Male,North,Bachelor,Unemployed,32346.981028381164,19611.9716174515,Auto,596.7704342846554,Good,39.0,0.16639361621315935,2021-08-02,0
C04725,53.0,Male,South,Master,Salaried,84296.73281855858,29229.05209019399,Business,661.1450819702789,Fair,46.0,0.3467210589868034,2020-03-29,0
C04726,35.0,Female,West,Bachelor,Self-Employed,82703.93139519566,25544.7625981699,Personal,618.8023257636547,Good,46.0,0.5412576148988246,2020-11-29,0
C04727,20.0,nan,North,nan,Unemployed,49815.80954691562,14822.677912111238,Personal,664.2621870242887,Good,49.0,0.16177015168193193,2020-09-08,1
C04728,45.0,Male,South,Bachelor,Business,,37731.60099587186,Auto,701.4629448658865,Good,58.0,0.6750843400990894,2020-11-17,0
C04729,23.0,Male,North,Master,Unemployed,89806.86823599678,19252.625341436542,Education,719.0926843131659,Good,50.0,0.6560803693819794,2021-09-15,0
C04730,61.0,Female,East,Master,Unemployed,34300.270417985215,2876.5316006621033,Business,700.2728089469779,Fair,45.0,0.8448751370329195,2016-01-21,0
C04731,61.0,Male,East,Bachelor,Salaried,53892.19522907711,25943.82370773892,Business,681.0489221696746,Fair,,0.5249938699310785,2015-11-23,0
C04732,38.0,Female,East,Master,Self-Employed,76837.31088550067,18626.723728516306,Business,543.4840045235353,Good,37.0,0.688317767301512,2020-11-29,0
C04733,45.0,Female,West,Bachelor,Salaried,15000.0,19259.523258141366,Home,568.9050552840583,Good,44.0,0.254715477355101,2019-11-08,0
C04734,57.0,Female,South,Bachelor,Salaried,88833.70638090154,28888.15815677613,Auto,588.1866290149632,Poor,49.0,0.10243923878595024,2015-02-28,0
C04735,71.0,Male,North,High School,Salaried,124507.03425571672,17389.75786266557,Business,676.8965155105643,Fair,45.0,0.2464158952062177,2023-03-13,0
C04736,71.0,Female,South,Bachelor,Business,67847.22054662072,17098.244606020933,Auto,553.1746315707095,Good,39.0,0.1528824085609641,2017-09-25,0
C04737,18.0,Male,East,Master,Self-Employed,64133.68474090845,7464.754512299776,Education,675.3141746125893,Good,49.0,0.46356032113039103,2015-10-01,0
C04738,53.0,Female,East,PhD,Business,66108.13585913675,14705.575563129041,Education,669.8351942849487,Good,42.0,0.49805783667407033,2018-07-10,1
C04739,38.0,Male,East,High School,Business,70621.23471763248,22449.76901645034,Education,504.8233170860236,Good,42.0,0.6478017928832452,2021-02-14,0
C04740,60.0,Male,East,Bachelor,Salaried,46750.665123082144,14121.1401657309,Home,568.4297883674336,Fair,,0.21965608645862406,2016-01-17,0
C04741,52.0,Female,East,High School,Self-Employed,36891.68353601292,3306.250577456649,Education,728.2906681142563,Fair,43.0,0.2825086828717608,2019-09-28,0
C04742,30.0,Female,West,Bachelor,Salaried,56172.27118916395,26514.911493209907,Auto,702.3056861296185,Good,47.0,0.778577238173973,2022-05-04,0
C04743,74.0,Female,East,nan,Self-Employed,68840.0479966331,26924.79235150359,Personal,586.2204502103799,Good,45.0,0.5900441205623099,2016-12-09,0
C04744,66.0,Female,West,Bachelor,Business,40039.738999083755,27000.063098720188,Personal,572.3854260939163,Fair,52.0,0.12495905463181523,2018-04-21,1
C04745,71.0,Female,North,Bachelor,Self-Employed,31334.78432776485,10744.576516167632,Auto,466.2239986191065,Good,38.0,0.8211439714753324,2018-06-07,1
C04746,71.0,Male,East,Bachelor,Unemployed,53989.4968106414,19793.587866037895,Personal,760.3473265790985,Good,44.0,0.6353347584907431,2020-08-22,0
C04747,27.0,Female,West,High School,Business,31664.71534657904,22396.455748896595,Business,653.0790776323283,Fair,43.0,0.2586432404710127,2018-01-29,0
C04748,70.0,Female,South,Master,Self-Employed,81794.9236296562,25945.928416180897,Personal,791.2793041508901,Good,,0.31425588006838356,2019-01-15,0
C04749,61.0,Female,West,Bachelor,Business,15000.0,26169.275106868256,Home,635.6246684770807,Fair,49.0,0.5705153017514563,2016-12-29,0
C04750,64.0,Female,East,Bachelor,Salaried,35796.65189519116,5871.898200578124,Education,671.1941974167189,Poor,49.0,0.5766810042971021,2016-04-23,1
C04751,70.0,Male,North,Master,Salaried,100338.24512739616,37221.43225856191,Personal,716.8473853571447,nan,38.0,0.7844103643493213,2020-01-06,0
C04752,27.0,Female,East,Master,Salaried,59457.03765470543,7915.255047483786,Personal,772.9132014635683,Good,44.0,0.4047952424473379,2015-05-23,0
C04753,63.0,Male,North,Master,Salaried,69598.23315678991,3688.3601092113786,Home,687.5766243863318,Fair,53.0,0.5669076745696466,2015-01-28,0
C04754,30.0,Male,nan,PhD,Salaried,61777.007299845245,1000.0,Home,650.1805413453719,Poor,52.0,0.5951572817234908,2021-10-24,0
C04755,54.0,Female,West,nan,Student,49317.0419886739,26985.311210775337,Personal,652.0968245836523,Good,65.0,0.5748749550676634,2019-11-18,0
C04756,55.0,Male,North,Bachelor,Self-Employed,92379.8274896382,34488.45031181159,Business,571.5623298344799,Good,54.0,0.1619699685710726,2018-05-11,0
C04757,41.0,Female,North,High School,Self-Employed,50703.459610169884,13675.385925745406,Personal,621.3587849850762,Good,45.0,0.4495649432687996,2015-08-09,0
C04758,19.0,Male,East,Bachelor,Salaried,44287.9610053247,2320.135624002207,Business,,Poor,,0.3880515030958944,2015-05-03,1
C04759,39.0,Male,South,Master,Salaried,81419.04945931281,28745.38009433505,Education,753.6420406326322,Good,47.0,0.943861060503377,2018-03-02,0
C04760,34.0,Female,North,High School,Salaried,16733.694131636992,7021.220132785311,Auto,617.7467604888993,Good,45.0,0.495835278964497,2022-11-17,0
C04761,53.0,Female,East,High School,Self-Employed,57864.4119761196,26189.903292538253,Education,729.6990984105339,Fair,33.0,0.46994369433696415,2021-04-01,0
C04762,31.0,Female,South,High School,Self-Employed,52026.07293391306,10755.156846920016,Personal,643.8621491552105,Good,38.0,0.5111344314591756,2021-01-26,0
C04763,27.0,Female,North,Master,Self-Employed,57396.133771969966,15609.22938470303,Personal,743.2668919686829,Good,42.0,0.8813901946739582,2020-02-01,0
C04764,52.0,Female,West,Bachelor,Self-Employed,52790.405761114765,23192.451130125195,Business,700.7541870479713,Good,43.0,0.6197357764392607,2019-06-10,0
C04765,42.0,Male,West,Bachelor,Business,74377.18929334616,23266.450993865605,Home,695.6896522138514,Fair,40.0,0.43077187936484473,2020-05-13,0
C04766,20.0,Male,West,High School,Salaried,92492.15550099906,21067.539657161025,Business,723.4119994996646,Fair,43.0,0.8756907870680819,2017-07-11,0
C04767,64.0,Male,West,Master,Business,76483.42311964119,34701.76722984515,Home,712.4869933464469,Fair,56.0,0.8903665003320033,2017-07-05,1
C04768,55.0,Female,North,Bachelor,Self-Employed,56577.159553307894,37143.26834677093,Home,729.7860046777869,Good,52.0,0.3246658237854729,2022-05-04,0
C04769,34.0,Female,South,High School,Self-Employed,80785.83563017983,37923.22251601484,Home,809.8822969430423,Poor,42.0,0.4343866783308862,2018-07-23,0
C04770,29.0,Male,North,Bachelor,Salaried,83714.78245626413,18239.321881925334,Home,771.2671033511697,Good,56.0,0.9214898695410954,2019-12-29,0
C04771,71.0,Female,West,Bachelor,Salaried,74023.21807475363,21060.804961562782,Personal,684.9818175623722,Good,42.0,0.5598913855328865,2019-09-14,1
C04772,69.0,Female,West,Bachelor,Salaried,91216.24736183848,33782.808137465814,Auto,616.868985597226,Fair,48.0,0.46698331603705234,2020-07-30,0
C04773,41.0,Male,East,Bachelor,Student,15000.0,13482.866271071876,Auto,677.4813342268119,Fair,37.0,0.26609385498420374,2020-05-31,0
C04774,46.0,Male,West,High School,Self-Employed,65669.10994380598,15702.445875475467,Education,,Fair,38.0,0.4267730137829254,2015-04-22,1
C04775,60.0,Female,East,Master,Student,72696.33609066757,20208.496002523894,Education,712.1739959375768,Good,39.0,0.6365495160128043,2017-05-27,0
C04776,42.0,Female,South,High School,Self-Employed,27969.107208975896,19807.094424213436,Education,570.4975104069792,Good,47.0,0.13289597528190425,2019-05-22,0
C04777,53.0,Female,South,High School,Salaried,70519.28046054245,17135.960246497896,Business,,Good,46.0,0.170810343762711,2017-10-15,0
C04778,43.0,Male,North,Master,Self-Employed,87873.76646348124,10650.200499763212,Education,798.5216775268038,Good,50.0,0.10456994427019631,2018-05-08,0
C04779,55.0,nan,North,Master,Salaried,59403.131220465824,28542.611340236166,Education,541.1799242986318,Good,52.0,0.2860882343450434,2022-07-18,0
C04780,18.0,Male,East,High School,Unemployed,81413.48455340066,16126.131252502455,Education,646.2271702844309,Fair,51.0,0.2555438790361158,2020-12-09,0
C04781,37.0,Male,South,High School,Business,90568.83321676619,21563.55523316917,Personal,570.1690360499426,Good,35.0,0.8231865288181394,2019-08-15,1
C04782,72.0,nan,East,Master,Business,98561.59430406621,19929.74580437214,Education,520.376752704763,Good,50.0,0.2574523192200336,2015-10-17,1
C04783,45.0,Male,East,Master,Self-Employed,94053.84702138817,26754.02771908235,Auto,642.0258761597092,Good,45.0,0.6620038719840775,2022-07-23,0
C04784,33.0,Female,South,Bachelor,Self-Employed,99140.16915626713,24562.458722321342,Personal,697.637527782391,Good,47.0,0.20060526390456979,2017-05-20,0
C04785,64.0,Male,South,Bachelor,Student,52511.3116112698,17447.140603426353,Home,706.5800321989283,Fair,48.0,0.6045258047286315,2016-09-19,0
C04786,34.0,Female,South,High School,Salaried,55246.69119720797,15850.37409767096,Business,661.5444359424008,Poor,57.0,0.4702771289482538,2021-08-13,1
C04787,57.0,Female,South,Bachelor,Business,15000.0,18892.55541585415,Personal,525.1825957539828,nan,46.0,0.44736789836794033,2019-03-28,0
C04788,45.0,Male,West,High School,Self-Employed,38370.79835670762,8902.005881430583,Personal,659.2534071839978,Poor,38.0,0.8280776087819229,2021-12-26,1
C04789,29.0,Female,South,Bachelor,Student,95461.22650297848,11957.276832721269,Auto,538.0588987815847,Good,51.0,0.24256154677917988,2020-10-06,0
C04790,44.0,Male,East,High School,Business,49878.5873167965,25305.02437774453,Education,542.9758806456603,Fair,39.0,0.6059354345318609,2020-08-06,1
C04791,71.0,Female,West,Bachelor,Student,74939.70932127997,22993.689610301793,Home,575.238508380758,Good,45.0,0.798584447506549,2016-03-18,0
C04792,70.0,Male,West,Bachelor,Self-Employed,71018.1652364195,10339.650354220454,Auto,728.7358393533815,Good,36.0,0.706812299120275,2022-03-12,0
C04793,59.0,Male,West,Bachelor,Salaried,96017.15412858356,18801.681968165343,Auto,690.8941509261158,Good,42.0,0.9358439479732449,2022-10-03,0
C04794,64.0,Male,South,High School,Self-Employed,15000.0,4368.937765015113,Personal,674.194302341195,Good,40.0,0.10178999499888466,2022-08-14,0
C04795,47.0,Male,North,Bachelor,Business,73815.75237106852,21352.51450382868,Home,585.3039364372373,Good,50.0,0.8517054173394675,2021-09-27,0
C04796,58.0,Female,South,Master,Business,73409.18481917147,16638.556385839027,Auto,620.9168462336455,Poor,49.0,0.6214336528157492,2022-09-05,0
C04797,51.0,Male,South,Bachelor,Salaried,43555.06318402494,40950.50607066306,Business,547.2408120382204,Good,42.0,0.10211185105600826,2021-10-30,1
C04798,54.0,Male,West,Master,Self-Employed,89006.16956163532,25871.53766832767,Business,752.3225995169072,Fair,53.0,0.4956697481674813,2016-03-21,0
C04799,23.0,Male,East,Bachelor,Salaried,30024.117585236047,10468.45179776103,Auto,814.7943505677719,Poor,42.0,0.7523217705681559,2016-02-09,0
C04800,24.0,Male,North,Bachelor,Unemployed,91613.39618075981,10330.83250386235,Personal,691.7448810554845,nan,47.0,0.2551646908441665,2022-06-15,0
C04801,49.0,Female,North,Bachelor,Salaried,15000.0,26377.324449490916,Business,704.8815658257771,Poor,39.0,0.6767056042855359,2017-09-03,1
C04802,49.0,Female,North,nan,Self-Employed,42376.993579537935,28793.25383020052,Personal,638.0779895591473,Fair,,0.21871815728229918,2022-04-02,0
C04803,70.0,Male,East,High School,Salaried,61502.80143305025,38585.524116253364,Education,528.5410727256227,Good,56.0,0.7829345729711987,2018-04-20,0
C04804,42.0,Female,East,High School,Salaried,70441.49486161476,31563.59120559627,Education,586.7026407029606,Good,,0.583193863073052,2021-01-08,0
C04805,50.0,Female,West,Bachelor,Unemployed,18297.90629077705,24771.443383913695,Personal,615.0961588299871,Fair,52.0,0.12880365476565742,2015-12-07,0
C04806,72.0,Male,West,PhD,Salaried,91072.73488962228,34231.67530177915,Auto,621.1057992115434,Poor,49.0,0.17724435136814615,2016-08-10,0
C04807,24.0,Female,North,nan,Salaried,83839.0006265433,20745.761520361273,Education,603.8454778572287,nan,53.0,0.8342852922186867,2016-06-09,1
C04808,69.0,Female,South,Bachelor,Salaried,112582.82703560617,20300.663876451923,Education,,Fair,36.0,0.12805120449741675,2018-10-21,0
C04809,74.0,Female,North,Bachelor,Self-Employed,82552.78998722839,7873.397519444168,Business,586.2373183600988,Good,53.0,0.35376120906012076,2020-11-09,0
C04810,29.0,Female,South,Bachelor,Self-Employed,46589.74973854759,35083.69699909448,Auto,812.5793090464722,nan,,0.5818751044388311,2020-11-17,0
C04811,33.0,Male,West,Bachelor,Salaried,38217.528243328,21323.90978281497,Personal,547.5969488752811,nan,42.0,0.281423813319293,2017-12-17,0
C04812,33.0,Female,East,Bachelor,Self-Employed,54485.211638999,19013.830691701514,Education,,Good,42.0,0.2905973408749396,2019-08-31,0
C04813,60.0,Female,East,Master,Salaried,119520.37624260462,12059.953453156015,Auto,630.3608967378584,Fair,58.0,0.7596289099031452,2019-01-09,0
C04814,70.0,Male,South,Master,Unemployed,66190.17911115395,32253.76324675364,Education,684.7098571446386,Fair,40.0,0.34734539666524167,2019-03-13,0
C04815,53.0,Female,North,Bachelor,Business,67256.3473086164,29865.268699191256,Business,688.1086150383219,Good,42.0,0.13279550705487625,2022-07-10,0
C04816,30.0,Male,North,Bachelor,Student,99486.52290754199,10977.640616471434,Auto,661.7782422590492,Fair,52.0,0.7129535300053326,2017-05-10,0
C04817,24.0,nan,East,Bachelor,Unemployed,35886.779348036915,25104.82759827689,Home,564.9971939300282,Good,49.0,0.911211064618624,2017-03-31,0
C04818,53.0,Female,East,Bachelor,Salaried,78474.0070259392,27959.842585148665,Business,625.0970187222431,Good,51.0,0.8071438801178166,2017-02-09,0
C04819,64.0,Male,North,Bachelor,Salaried,77908.57501360141,7537.235738779702,Personal,662.6821454149507,Good,64.0,0.5662777250538051,2015-03-15,0
C04820,68.0,Male,East,High School,Business,88933.93637779444,26412.38977684045,Auto,657.982537646309,Fair,48.0,0.46115119008474437,2021-07-27,0
C04821,26.0,Female,West,High School,Salaried,86307.33625751681,24409.92688138154,Education,573.2651018913481,Good,43.0,0.8863903952546688,2020-10-17,0
C04822,49.0,Male,South,Bachelor,Salaried,63532.72117676713,26231.784864309535,Auto,746.8409344281175,Good,42.0,0.7512916225704737,2022-05-20,0
C04823,28.0,Male,East,Master,Salaried,30422.17872111922,39867.10415502642,Personal,462.9819930561739,Poor,40.0,0.5850586550497527,2016-02-23,0
C04824,25.0,Male,South,High School,Self-Employed,50877.99883188116,49616.599485933955,Auto,631.2406334176521,Good,48.0,0.8478489710764562,2021-06-30,0
C04825,50.0,Male,East,Bachelor,Self-Employed,86052.3991974609,32362.300256134025,Education,580.9010933610786,Good,39.0,0.6114555089561057,2019-01-24,0
C04826,40.0,Male,West,Bachelor,Salaried,111359.39067242036,22604.93216857658,Business,663.6624062269394,Fair,39.0,0.9274789674617905,2022-08-13,0
C04827,42.0,Male,nan,High School,Salaried,34426.681133852646,26382.415993670853,Business,726.254439200332,Good,40.0,0.829546906550837,2020-03-19,0
C04828,73.0,Male,South,nan,Business,32780.69962028846,24340.27493830606,Education,,Fair,44.0,0.56787844609118,2017-07-05,0
C04829,25.0,Female,South,Master,Salaried,25652.414395043226,43517.49969859897,Home,,Good,35.0,0.8844107781728769,2018-07-07,0
C04830,62.0,Female,North,High School,Student,45823.75215765989,21374.038293091988,Home,665.1386477718396,Fair,45.0,0.3910731106314723,2021-01-01,0
C04831,39.0,Male,North,Master,Salaried,88689.02964095208,15857.381452896261,Business,678.6292992571601,Good,52.0,0.6957879681535338,2017-09-19,0
C04832,21.0,Male,East,Bachelor,Self-Employed,,25487.35831492293,Personal,542.018424848944,Poor,61.0,0.24558426238404313,2019-03-07,0
C04833,57.0,Female,West,nan,Salaried,15000.0,40877.20481677295,Auto,646.5074608749893,Good,45.0,0.8610601777995844,2019-08-22,1
C04834,20.0,Male,South,Bachelor,Salaried,34870.636987906924,10313.551136278553,Education,722.8756116138419,Good,43.0,0.3108426274053261,2019-03-22,0
C04835,46.0,Male,North,High School,Self-Employed,30194.299676208306,13281.037547584961,Personal,665.7441179164008,nan,56.0,0.9066776348826784,2019-10-27,1
C04836,58.0,Male,South,Bachelor,Self-Employed,43308.09280220416,12727.494442676983,Auto,660.5146680295188,Fair,45.0,0.11444273874535676,2015-04-26,0
C04837,46.0,Female,South,Master,Unemployed,59441.30779076205,8029.223167612099,Business,646.110532349121,Fair,58.0,0.6795613622259399,2022-02-11,0
C04838,51.0,Female,South,High School,Business,55064.57599903863,10488.29675726887,Education,546.6499931252434,Good,49.0,0.22754774424632287,2022-05-01,1
C04839,51.0,Female,North,Master,Salaried,77845.48059440975,29403.7492645363,Personal,546.221849670241,Good,40.0,0.7551897513575994,2015-02-11,0
C04840,45.0,Female,East,High School,Salaried,16833.858235625048,22198.127580445653,Auto,737.6995344980533,Good,38.0,0.5181200407495207,2017-03-28,0
C04841,30.0,Female,North,PhD,Salaried,51986.97300185931,7061.438379333953,Business,716.1715029457321,Good,40.0,0.8732027146795434,2016-06-22,0
C04842,32.0,Male,East,High School,Salaried,99160.02423773592,26856.78277122469,Business,727.2703379350462,Good,42.0,0.7078088282573056,2018-05-25,0
C04843,40.0,Female,West,PhD,Self-Employed,100112.79521058491,23454.545111875592,Auto,588.2884967146535,nan,44.0,0.7530260903512223,2020-10-31,1
C04844,61.0,Male,South,Bachelor,Student,106618.64331806762,29516.400623246154,Home,638.1824179123311,Good,42.0,0.20240746380316094,2015-09-27,0
C04845,43.0,Female,East,Bachelor,Self-Employed,74831.34326661174,13959.97022867032,Home,742.3850139500859,Good,45.0,0.1820770287867225,2015-04-18,0
C04846,21.0,Female,East,nan,Business,48622.89514311125,7729.092461254659,Auto,557.850850643027,Good,,0.8229740494086947,2017-11-04,0
C04847,43.0,Female,East,nan,Self-Employed,69371.55856237207,26798.811230877585,Auto,734.741180566495,Fair,51.0,0.291907767045142,2017-08-04,1
C04848,57.0,Male,South,Bachelor,Business,128192.96197621325,28250.978262240766,Auto,606.011030553208,Good,52.0,0.8369005521673016,2022-06-02,0
C04849,26.0,Male,South,High School,Salaried,51735.88572158364,8955.573978811697,Business,585.8575024674121,Good,35.0,0.2211574168559976,2022-07-12,0
C04850,72.0,Female,West,Bachelor,Business,110820.91730072709,22380.999264024693,Education,647.6062775145116,Fair,55.0,0.36218358855573807,2017-08-03,0
C04851,22.0,Female,West,Bachelor,Unemployed,15000.0,13837.371843115005,Business,566.2248568166152,Good,49.0,0.8894279198711881,2022-06-21,1
C04852,73.0,Female,South,Bachelor,Salaried,79299.63404678735,29711.54379851911,Business,507.73298041272056,Good,43.0,0.813760158119252,2017-03-10,0
C04853,49.0,Male,North,Bachelor,Salaried,81181.62885929234,26621.744429725608,Home,655.7022264986717,Good,48.0,0.14610624731968777,2021-01-17,0
C04854,37.0,Female,North,High School,Student,74339.65124866179,32187.41229007503,Auto,,Good,32.0,0.4808828837423891,2019-01-12,0
C04855,67.0,Female,North,Master,Business,75976.60814631835,11587.709608385003,Business,741.1467629478166,Good,47.0,0.873387665822069,2020-01-07,1
C04856,28.0,Female,East,Master,Salaried,78080.38729831969,13102.726593166908,Business,695.5231034878615,Good,49.0,0.11254416580634691,2015-03-24,0
C04857,32.0,Female,North,High School,Self-Employed,79249.72262829696,16294.086860655665,Auto,797.404788862453,Good,39.0,0.19122156375293237,2020-12-02,0
C04858,49.0,Female,South,Bachelor,Salaried,56731.51033782255,14699.49305557062,Education,752.0806231802362,Good,57.0,0.6484165022887204,2015-02-28,0
C04859,45.0,Female,West,Bachelor,Self-Employed,58224.22676579486,23684.519999655113,Home,705.3559063764961,Good,48.0,0.18923596046696328,2020-11-16,0
C04860,39.0,Female,South,Bachelor,Salaried,30979.604341574297,9229.198031500073,Personal,685.1464119016995,Good,53.0,0.48151251346934876,2021-10-25,0
C04861,58.0,Female,West,High School,Salaried,83312.2260351528,35212.03616651506,Business,742.2576637304924,Good,49.0,0.5316493646293399,2022-01-06,0
C04862,34.0,Male,East,Bachelor,Self-Employed,97556.89644361917,37438.278442077244,Education,484.02334165036007,Good,40.0,0.8312159539809827,2021-08-19,1
C04863,43.0,Male,North,High School,Business,108609.61545439977,31094.427289097628,Personal,613.9957219052787,Good,56.0,0.9137821972439644,2020-10-14,0
C04864,61.0,Female,East,Bachelor,Unemployed,44472.999757142956,25000.83708587189,Auto,510.6139214779467,nan,47.0,0.535396305755357,2017-10-11,0
C04865,24.0,Female,East,Master,Salaried,21898.007534376193,18768.37050672513,Personal,699.7323224289574,Good,35.0,0.5338062734492349,2017-03-14,0
C04866,59.0,Female,South,Master,Business,74407.77074333385,21889.08570314719,Auto,594.2927091941826,Fair,48.0,0.7177760377161352,2017-06-25,0
C04867,74.0,Male,North,High School,Salaried,36109.346937112605,12437.085657302356,Education,850.0,Fair,42.0,0.2636306241508922,2021-04-13,1
C04868,43.0,Male,East,Bachelor,Salaried,79294.2065743002,21574.3134318654,Personal,611.1555651371915,Fair,50.0,0.8997297595438145,2017-01-31,0
C04869,42.0,Female,West,nan,Unemployed,15000.0,23353.458572567775,Home,657.9772373661892,Fair,52.0,0.10101908578519445,2015-11-13,0
C04870,27.0,Female,East,High School,Self-Employed,92180.23654428493,11746.51893928163,Education,619.8300099359251,Fair,51.0,0.10152478956144474,2021-02-15,0
C04871,62.0,Male,North,Master,Salaried,68832.00868026516,36214.083503306145,Personal,613.3376571392092,Fair,45.0,0.6318164075328451,2015-01-07,1
C04872,36.0,Male,East,Master,Salaried,16966.537959244495,19157.73570374188,Business,556.5108587126526,Poor,30.0,0.390261988438653,2021-07-01,0
C04873,28.0,Female,South,Master,Self-Employed,72602.06615081757,9712.75768755027,Personal,,Good,40.0,0.43839795425334815,2015-03-30,0
C04874,30.0,Male,East,High School,Business,67374.03722882806,17946.910603095483,Personal,486.5380248295261,Good,45.0,0.28822159947873355,2016-12-20,0
C04875,70.0,Female,East,High School,Student,78072.33023572642,13974.833968882038,Home,690.9096727102578,Good,39.0,0.44663203780297145,2017-06-09,0
C04876,25.0,Male,East,PhD,Business,85050.34006824928,11597.106379323468,Education,618.1514925104015,Fair,57.0,0.8037856719092863,2017-04-09,0
C04877,57.0,Female,West,Bachelor,Unemployed,15000.0,35713.243804533806,Business,795.0221169531985,Good,45.0,0.6943620309617432,2021-05-15,0
C04878,21.0,Female,East,High School,Business,53219.81104429518,20099.543490431955,Education,556.6894861949565,Poor,47.0,0.18045569246660706,2022-11-08,0
C04879,64.0,Female,East,Bachelor,Unemployed,62774.24937417491,30297.834219780845,Education,760.7235890116209,Good,49.0,0.1481778628500842,2020-04-14,1
C04880,48.0,Male,North,High School,Salaried,57615.6881115543,24114.52825201015,Business,767.9194501513641,Good,46.0,0.5302638778553295,2015-03-13,0
C04881,45.0,Female,West,Master,Unemployed,56224.28739546776,24766.267037434474,Business,745.7782374875361,Good,53.0,0.7206368188614154,2017-05-31,1
C04882,28.0,Male,West,Bachelor,Salaried,91361.2556788123,19863.056300928154,Home,667.6097982849138,Fair,46.0,0.6648157087319555,2015-08-05,0
C04883,60.0,Male,North,Master,Unemployed,21718.373300817257,15680.041702796545,Auto,624.6345706085449,Fair,,0.8344974896505981,2020-04-16,1
C04884,18.0,nan,South,Master,Salaried,57712.90718095697,32999.66616404053,Home,745.7050772702963,Good,48.0,0.21327492517991797,2020-07-11,0
C04885,66.0,Female,South,High School,Business,59693.58945815973,26542.46525373825,Business,,Fair,44.0,0.614889741346113,2015-04-20,0
C04886,64.0,Female,West,Bachelor,Business,62264.39840506835,18191.40651214932,Personal,670.3030696584291,Good,41.0,0.7511123652305022,2017-04-08,0
C04887,69.0,Male,East,Master,Student,40567.15028809322,29943.869012795083,Personal,646.7189040483405,Good,,0.8971646698256045,2018-04-05,0
C04888,55.0,Male,North,Bachelor,Business,118543.65969876337,35101.293258793914,Education,583.1437352977986,Good,39.0,0.18575058177699005,2021-12-20,0
C04889,41.0,Male,West,nan,Salaried,89464.7153347952,23660.477198566598,Education,670.8535229213228,Poor,,0.3036955731135183,2016-08-02,0
C04890,71.0,Female,North,Master,Self-Employed,120288.38524858974,35514.11769920597,Auto,705.6378688694759,Poor,35.0,0.40140271733843247,2017-01-18,1
C04891,74.0,Female,West,High School,Salaried,81006.78083662524,15228.18122320108,Auto,580.1878842920768,Good,35.0,0.5596378612942353,2021-10-10,0
C04892,64.0,Female,South,Master,Salaried,84057.023107102,11003.686428913034,Auto,684.5090140336888,Good,60.0,0.4473203652454264,2021-08-28,0
C04893,48.0,Female,South,High School,Salaried,64890.45141616968,16570.2743445384,Auto,482.822885945014,Fair,39.0,0.8319496914128983,2019-12-13,0
C04894,58.0,Male,North,High School,Salaried,104077.07811686731,20412.456855927092,Personal,571.3133494204825,Good,39.0,0.9079478971997381,2020-03-27,0
C04895,63.0,Male,North,Master,Self-Employed,79138.19979536353,35553.750872889024,Business,615.6990707841533,Good,30.0,0.15956685783138075,2015-09-24,1
C04896,67.0,Male,East,Master,Unemployed,60233.77884214509,16190.693669585517,Auto,676.8002927724588,Good,46.0,0.6947285374615028,2016-08-22,0
C04897,43.0,Male,East,Bachelor,Unemployed,111164.29125735992,23842.372144756417,Home,715.1986062225541,Good,36.0,0.19713232093648803,2017-12-22,0
C04898,66.0,Male,North,High School,Salaried,32429.55964367028,31009.690624829316,Auto,656.2117168372878,Fair,47.0,0.863261880846342,2020-06-14,0
C04899,67.0,Female,North,Bachelor,Salaried,46697.07486103808,24674.444299575123,Personal,692.4946800867498,Good,46.0,0.2207837619284287,2016-01-10,0
C04900,22.0,Male,North,Bachelor,Salaried,135265.4481061559,15064.351955587152,Education,637.9563572547931,Poor,53.0,0.9427845272666514,2016-04-22,1
C04901,37.0,Female,East,Bachelor,Salaried,81767.58647096514,7213.876752904131,Home,680.3561107181224,Fair,58.0,0.4635876801441643,2021-05-23,0
C04902,69.0,Male,East,High School,Salaried,15000.0,32188.654505852268,Auto,676.3931799971531,Fair,39.0,0.4246463502531409,2021-11-06,0
C04903,58.0,nan,North,Bachelor,Salaried,90473.30044458997,9475.093790285573,Personal,611.8234530774308,Good,51.0,0.5983384117057846,2021-05-16,0
C04904,28.0,Female,East,PhD,Self-Employed,39422.409839622094,16213.37458750665,Education,623.3465092589546,Good,40.0,0.43520297101849215,2023-03-01,1
C04905,73.0,Female,North,Bachelor,Self-Employed,50642.14365218511,20339.421826659163,Auto,695.0095379263414,Fair,56.0,0.29948956567717655,2019-09-06,0
C04906,71.0,Male,West,High School,Self-Employed,128773.50087984829,32634.336342196515,Personal,785.9065856481051,Fair,47.0,0.6347722675650918,2019-02-01,0
C04907,50.0,Female,West,Master,Salaried,106387.90561666671,29977.075699515364,Personal,740.511393598199,Good,36.0,0.7191090587760576,2020-12-21,0
C04908,67.0,Female,East,Master,Business,114952.78839588401,21483.4306055629,Business,565.316295791195,Good,55.0,0.903523364422215,2023-02-23,0
C04909,55.0,Male,West,PhD,Business,49817.52813061983,32127.79320204545,Personal,565.5813695580567,Good,41.0,0.4477508164422026,2017-04-29,0
C04910,44.0,Male,West,High School,Salaried,57722.335560128115,34326.955336220526,Auto,609.8276488423802,Fair,54.0,0.699906995200744,2017-05-28,1
C04911,51.0,Male,West,High School,Salaried,70466.64056479726,15233.263200487976,Personal,657.4191003408196,Fair,42.0,0.8085629890606444,2017-05-13,0
C04912,32.0,Female,East,Bachelor,Salaried,86709.93074218831,16068.007550190878,Home,653.6192192730739,Fair,50.0,0.8066762434878356,2022-05-23,0
C04913,49.0,Female,South,Bachelor,Salaried,56450.40036956559,27491.943800936944,Personal,743.0210207696261,Poor,47.0,0.12912961779281876,2020-09-12,0
C04914,38.0,Female,North,Bachelor,Self-Employed,111959.33008672774,36969.97465294707,Personal,747.1334979385082,Fair,51.0,0.4023469720273585,2015-03-07,1
C04915,63.0,Male,South,Bachelor,Salaried,77279.64316962138,13051.63583781354,Home,650.4249188311633,Good,43.0,0.11140560529133468,2021-01-28,0
C04916,22.0,Male,East,High School,Self-Employed,102273.27789980127,1578.7818452427273,Auto,632.9227567729345,Fair,40.0,0.5752179326167872,2020-02-21,0
C04917,23.0,Female,North,Bachelor,Salaried,45500.25857469598,26495.972494992013,Education,688.7559824215699,Fair,41.0,0.8353268621853536,2016-06-16,1
C04918,55.0,Male,South,Bachelor,Business,54528.03569265427,33643.35187744172,Business,729.7400990038633,Good,35.0,0.7926803285075872,2022-07-20,0
C04919,39.0,Female,South,Bachelor,Salaried,71141.85442137434,21294.80778910344,Education,691.4327607483161,Good,41.0,0.789562136800384,2017-10-26,0
C04920,35.0,Female,North,Bachelor,Self-Employed,53522.09872977951,46340.25233221694,Auto,617.6340647456968,Fair,39.0,0.3990605981618631,2019-12-09,0
C04921,31.0,Male,East,Bachelor,Salaried,91193.10997550518,11628.474538747672,Auto,604.0809603719508,Fair,46.0,0.13938020659760317,2019-07-26,0
C04922,27.0,Female,West,Bachelor,Salaried,91691.19279291628,12578.102189760353,Home,566.7047211150707,Poor,44.0,0.24655506340567526,2022-01-10,0
C04923,63.0,Male,East,Bachelor,Unemployed,59023.42301031406,12442.317975131667,Education,664.511513569644,Fair,27.0,0.6700876551569486,2022-03-20,1
C04924,30.0,Female,East,Bachelor,Self-Employed,81449.27951999773,20870.989462117155,Personal,,Good,41.0,0.21376637529698764,2017-01-03,0
C04925,48.0,Male,East,High School,Salaried,116046.35217157747,21100.112660898907,Home,705.1133894847093,Fair,43.0,0.20652911259066825,2017-04-20,0
C04926,47.0,Female,South,Bachelor,Self-Employed,91114.93618446172,12302.214678637272,Home,736.3820277316173,Good,45.0,0.40062395324581646,2019-03-23,0
C04927,20.0,Male,North,Master,Self-Employed,81300.03639631871,31233.337861108164,Business,761.0232200496449,Good,50.0,0.1803546037401099,2015-08-28,0
C04928,47.0,Male,West,Bachelor,Self-Employed,97382.9190401234,22678.06261473849,Home,546.8775764241998,Good,45.0,0.38031652082335665,2017-12-06,0
C04929,23.0,Female,North,High School,Salaried,107020.5041823543,9651.81843407659,Education,680.3571825073495,Good,47.0,0.9242387556660638,2017-02-28,0
C04930,46.0,Male,North,nan,Unemployed,102947.8571555753,26137.318469757058,Auto,682.9444617035507,Good,42.0,0.11695844246704981,2015-06-04,0
C04931,25.0,Female,West,High School,Salaried,63200.53490706529,15796.40374537258,Business,644.4540193686498,Fair,38.0,0.8059613861356102,2021-04-18,0
C04932,61.0,Male,North,High School,Salaried,,21015.769677417895,Personal,587.8741572541792,Good,48.0,0.9445784135622157,2019-10-29,0
C04933,62.0,Female,South,Bachelor,Salaried,57548.488482144996,28873.15709963142,Education,758.3472376052578,Good,43.0,0.47094448300000735,2019-04-23,0
C04934,60.0,Male,North,Master,Business,63638.89772629939,29991.08745371015,Personal,605.8549616714424,Good,55.0,0.9015970634315915,2015-09-27,0
C04935,61.0,Female,North,High School,Unemployed,76981.04049636477,29165.652227744853,Home,485.5573355425296,Fair,43.0,0.32197313820575846,2019-08-31,0
C04936,50.0,Male,North,Bachelor,Business,28788.845441964913,20496.975930026765,Education,651.5054213832676,Good,49.0,0.9349527060618334,2021-07-31,1
C04937,34.0,Male,North,Bachelor,Business,74216.07851124367,10252.005506066038,Business,632.160224983568,Good,36.0,0.832318614301706,2019-10-07,0
C04938,65.0,Male,East,High School,Student,47713.9656152136,16813.868288611906,Business,789.3272954610102,Good,40.0,0.8519929345364354,2016-09-04,0
C04939,28.0,Female,West,Bachelor,Self-Employed,35347.243056796564,20231.941152268108,Personal,686.7270465645313,Good,46.0,0.21083860499256613,2018-02-13,0
C04940,30.0,Male,South,Master,Business,84872.85154273114,35461.82362620166,Auto,627.1052939876575,Good,47.0,0.8395530551686219,2015-02-19,1
C04941,67.0,Female,West,Bachelor,Student,58480.34531569015,14739.273266996757,Business,635.2358682205195,Fair,43.0,0.90054954207012,2016-04-03,0
C04942,28.0,Female,North,High School,Salaried,70499.67420703772,22017.56269260492,Personal,634.3697369121687,Good,42.0,0.7961907822349961,2020-09-10,0
C04943,48.0,Male,South,High School,Self-Employed,59090.62940309563,7670.371013786085,Auto,816.2850030922538,Good,33.0,0.17765941976002436,2020-02-04,0
C04944,45.0,Female,North,Bachelor,Business,49583.897405349824,23405.32480211972,Education,,Good,45.0,0.17206013754465316,2017-09-18,1
C04945,61.0,Male,East,Master,Unemployed,67939.26096202373,19545.74085213455,Business,544.4629870794492,Poor,40.0,0.4039650945825972,2018-01-15,0
C04946,23.0,Male,South,Bachelor,Unemployed,30943.79382010668,18707.741702901443,Business,631.6670038924261,Good,41.0,0.699186817212531,2021-04-27,1
C04947,58.0,Female,East,Bachelor,Business,62594.024065281395,28466.284281968088,Personal,648.2275663999618,nan,41.0,0.11058490394209099,2022-05-05,0
C04948,33.0,Female,West,High School,Unemployed,114518.32995712856,13142.55926280393,Business,566.9323847401798,Fair,45.0,0.9080488842674168,2017-03-18,1
C04949,21.0,Female,East,Bachelor,Self-Employed,35013.08603525276,34008.79257249608,Personal,516.2783407064683,Good,49.0,0.5466318761964183,2019-08-29,1
C04950,52.0,Male,East,High School,Salaried,100653.95751790487,12403.878939523842,Business,694.6672536340134,Fair,40.0,0.404616576281026,2021-11-27,0
C04951,65.0,Male,West,Master,Salaried,117169.94511088119,33660.535989380754,Personal,589.6525253196572,Good,33.0,0.5770445898119632,2017-02-04,1
C04952,73.0,Male,South,Bachelor,Self-Employed,45362.29533020964,4038.3737895323666,Business,743.6578713919986,Good,37.0,0.7084182671727416,2018-04-28,0
C04953,43.0,Female,South,Master,Salaried,73190.22395854755,23058.437012794257,Education,650.6145824455875,Good,56.0,0.3322872245726447,2018-07-05,0
C04954,74.0,Female,East,Master,Self-Employed,32506.765747113484,26102.9677833779,Education,614.4298384803699,Fair,42.0,0.34745510014368364,2017-03-18,0
C04955,29.0,Female,East,Master,Salaried,28765.739178602285,16402.50830731559,Personal,468.74497623908036,Good,50.0,0.4979503224254994,2016-05-19,0
C04956,28.0,Male,North,High School,Unemployed,69179.25032337432,22777.825265043874,Education,741.6738387220948,Fair,44.0,0.6694411175761596,2021-12-26,1
C04957,54.0,Male,South,High School,Salaried,75229.50409522053,16364.056650736207,Personal,672.0145124483977,Fair,45.0,0.7004147846835256,2016-08-05,0
C04958,42.0,Male,South,nan,Unemployed,50827.12326194595,24477.5924567729,Personal,616.3853960886978,Good,39.0,0.37544814351009426,2018-06-09,1
C04959,35.0,Male,South,Master,Unemployed,36725.15400851835,22503.617683369514,Home,583.2281459314848,nan,41.0,0.3741178255309705,2016-03-09,0
C04960,36.0,Male,North,Master,Self-Employed,45401.815227928324,42169.31356590302,Education,769.9318406773441,Good,49.0,0.514042434247117,2016-02-10,0
C04961,40.0,Female,West,High School,Salaried,87277.33223328443,6214.184496867309,Home,570.1835224495358,Poor,50.0,0.5606334455095088,2017-06-21,0
C04962,72.0,Female,West,Bachelor,Business,87448.10631665445,22009.265199206635,Home,622.3514406273011,Fair,43.0,0.6520020146983809,2020-03-31,0
C04963,55.0,Female,South,Master,Business,81062.72653056393,15791.940009577156,Business,692.7308826542798,Fair,60.0,0.6250532294449078,2021-12-17,0
C04964,71.0,Male,East,High School,Salaried,55359.89510521045,21245.621231029472,Personal,758.8074980017531,Poor,52.0,0.41664020140568636,2015-12-31,0
C04965,35.0,Male,West,Bachelor,Salaried,38110.95756846996,18641.45102907308,Auto,633.7760219721665,Fair,49.0,0.3523537717265238,2017-11-13,0
C04966,43.0,Female,North,Bachelor,Salaried,97819.01647515105,16514.825340401825,Home,594.8887269325593,Good,55.0,0.3617330124615885,2021-01-20,0
C04967,23.0,Male,South,High School,Salaried,106029.19773681098,14769.4376107851,Business,641.9945593583511,Fair,37.0,0.6485908990479528,2022-11-08,0
C04968,21.0,Female,East,High School,Salaried,51877.30756484112,27143.781072870857,Education,717.8352997218002,Good,49.0,0.4681754212241477,2021-03-07,0
C04969,61.0,Male,West,High School,Salaried,61027.48454995309,16268.681375587526,Auto,734.7046163947402,Good,50.0,0.21419695795223287,2022-04-20,1
C04970,68.0,Male,North,High School,Self-Employed,28323.72775598485,19782.75003955763,Personal,546.8630638215964,Poor,46.0,0.10503460025731479,2017-07-10,1
C04971,46.0,Female,nan,Bachelor,Student,78348.4349514765,21857.51367857687,Business,658.6205090282757,Good,48.0,0.12522575945581735,2021-03-28,0
C04972,51.0,Male,South,High School,Self-Employed,116894.65553104988,12754.78318845448,Auto,542.4300943278951,Good,33.0,0.8373888950342018,2021-06-17,0
C04973,34.0,Female,South,High School,Unemployed,88590.77044542244,26092.778559647584,Personal,716.3162878232954,Good,41.0,0.48915312967340097,2020-02-21,1
C04974,60.0,Female,South,Master,Business,120299.9549883534,10413.578268999452,Personal,681.6787925437364,Good,41.0,0.6588131233941159,2022-04-02,0
C04975,60.0,Male,North,Bachelor,Business,55240.39751474271,24933.39286310903,Auto,580.9110776786953,Good,57.0,0.8896818717095072,2022-02-15,0
C04976,70.0,Male,West,Bachelor,Salaried,32309.628995299427,24018.867664489695,Business,765.0609177538373,Good,58.0,0.20733787596490072,2022-10-27,1
C04977,33.0,Female,nan,Master,Salaried,102607.70006755942,18669.809460683846,Auto,675.1260110005541,Fair,49.0,0.480473511074907,2021-11-25,0
C04978,19.0,Female,South,PhD,Business,69295.1122679001,9051.454931551998,Home,666.8894360349972,Good,46.0,0.5582072873468508,2019-12-04,0
C04979,51.0,Male,nan,High School,Unemployed,42673.567382927315,20067.385453070932,Personal,636.566638824053,Good,41.0,0.8153046711487099,2020-01-06,0
C04980,72.0,Female,West,Bachelor,Self-Employed,111808.02101799301,9676.49249432748,Education,649.3971549249007,nan,,0.9446606609283843,2019-11-19,0
C04981,25.0,Male,South,Bachelor,Salaried,49848.27052259008,18880.08085365217,Auto,621.3888123932909,nan,,0.7049267136591505,2020-03-14,0
C04982,30.0,Male,East,Bachelor,Business,37005.253116613814,27888.97060464273,Auto,594.409362783781,Fair,45.0,0.6455589875445218,2023-02-15,0
C04983,59.0,Male,South,Master,Salaried,80040.26206468898,19845.529076425788,Personal,742.1847940704046,Good,41.0,0.8822656499678103,2018-03-19,0
C04984,25.0,Male,East,nan,Salaried,32456.296952214772,32540.35449315141,Personal,613.0443057750738,Good,55.0,0.8117737760075959,2015-10-29,1
C04985,47.0,Male,North,PhD,Business,90558.76722491083,22950.83512246966,Auto,610.5193971701208,Poor,30.0,0.8352875398628885,2015-01-23,1
C04986,49.0,nan,East,High School,Self-Employed,36192.19220195494,27733.0587312418,Education,640.3029432388338,Good,49.0,0.10229986596981233,2017-10-20,0
C04987,53.0,Male,North,High School,Self-Employed,71287.2508665696,27167.116015358904,Personal,756.8385860641106,nan,45.0,0.5372672778060393,2019-07-29,1
C04988,64.0,Male,West,nan,Unemployed,72916.99149474959,34071.139586739795,Personal,734.8374420272985,Good,42.0,0.7653192822775233,2023-02-25,1
C04989,47.0,Male,West,Bachelor,Self-Employed,71622.95843064653,6948.8601330197525,Home,620.3863722824385,Poor,42.0,0.2542385541043446,2016-01-30,0
C04990,18.0,Female,North,High School,Self-Employed,32807.654653364734,14770.0872637803,Business,742.0089069169009,Good,31.0,0.7387344478625975,2023-03-06,0
C04991,60.0,Female,South,Master,Salaried,60136.714645119624,20278.98314691622,Home,658.1090127821254,Good,43.0,0.10778612890452266,2018-09-13,0
C04992,56.0,Male,South,High School,Salaried,99339.70273343558,28006.813556621357,Education,586.7431048993974,Fair,42.0,0.5888916874560324,2018-10-13,0
C04993,34.0,Male,East,High School,Business,59949.582033957515,21683.67266487412,Business,,Poor,50.0,0.82362890199434,2018-11-19,0
C04994,37.0,Male,South,Master,Salaried,36227.991418096746,19935.856982224675,Auto,752.9940401962796,Fair,44.0,0.4666461044915444,2017-03-21,0
C04995,41.0,Male,East,High School,Salaried,53873.22252161349,30303.82213811973,Education,806.2133947676834,Good,53.0,0.7285346485585752,2015-01-31,0
C04996,67.0,Male,South,High School,Salaried,33542.58679140326,16622.764019063245,Education,673.9862569064902,Poor,57.0,0.550838869424239,2017-01-10,0
C04997,39.0,Male,North,High School,Self-Employed,15000.0,16157.547241626233,Home,607.5097128737735,Good,44.0,0.6501973316572416,2018-07-03,0
C04998,46.0,Male,North,Bachelor,Self-Employed,60588.97706617561,25208.136122458716,Business,,Good,38.0,0.5391677284941948,2020-04-29,0
C04999,39.0,Female,North,High School,Self-Employed,67500.26248354511,43940.198149782846,Education,592.816686354581,Good,47.0,0.5044612317760151,2021-11-10,1
C05000,61.0,Male,West,Bachelor,Self-Employed,82472.12336961545,19802.907116020866,Business,603.7427465807563,Fair,47.0,0.81538259267123,2018-09-12,0
